current_time,latest_time,latest_x,latest_y,latest_z
428451.651194099977,428451.593591718178,-4.343699872494,-1.582731485367,51.693607330322
428451.654944800015,428451.610272285296,-4.337297081947,-1.551935434341,51.397542953491
428451.659877100028,428451.610272285296,-4.337297081947,-1.551935434341,51.397542953491
428451.663881400018,428451.610272285296,-4.337297081947,-1.551935434341,51.397542953491
428451.667892800004,428451.610272285296,-4.337297081947,-1.551935434341,51.397542953491
428451.671927899995,428451.626952852414,-4.330929458141,-1.575707614422,51.555318832397
428451.675906500022,428451.626952852414,-4.330929458141,-1.575707614422,51.555318832397
428451.680864499998,428451.626952852414,-4.330929458141,-1.575707614422,51.555318832397
428451.684893199999,428451.643633419531,-4.301822304726,-1.533442497253,51.362056732178
428451.688917400024,428451.643633419531,-4.301822304726,-1.533442497253,51.362056732178
428451.692895499989,428451.643633419531,-4.301822304726,-1.533442497253,51.362056732178
428451.696857900009,428451.643633419531,-4.301822304726,-1.533442497253,51.362056732178
428451.700878400006,428451.660313986649,-4.316123664379,-1.534750044346,51.446172714233
428451.705901600013,428451.660313986649,-4.316123664379,-1.534750044346,51.446172714233
428451.709896199987,428451.660313986649,-4.316123664379,-1.534750044346,51.446172714233
428451.713884799974,428451.660313986649,-4.316123664379,-1.534750044346,51.446172714233
428451.717875099974,428451.676994553767,-4.306651353836,-1.554633915424,51.591758728027
428451.721894700022,428451.676994553767,-4.306651353836,-1.554633915424,51.591758728027
428451.726892400009,428451.676994553767,-4.306651353836,-1.554633915424,51.591758728027
428451.730395300023,428451.676994553767,-4.306651353836,-1.554633915424,51.591758728027
428451.734379699978,428451.693675120885,-4.299677908421,-1.545686781406,51.527927398682
428451.738359300012,428451.693675120885,-4.299677908421,-1.545686781406,51.527927398682
428451.743318499997,428451.693675120885,-4.299677908421,-1.545686781406,51.527927398682
428451.747336399974,428451.693675120885,-4.299677908421,-1.545686781406,51.527927398682
428451.751376300002,428451.710355688003,-4.305293023586,-1.560650825500,51.520774841309
428451.755335800000,428451.710355688003,-4.305293023586,-1.560650825500,51.520774841309
428451.759273300006,428451.710355688003,-4.305293023586,-1.560650825500,51.520774841309
428451.764307999983,428451.727036255121,-4.290879547596,-1.583659589291,51.572418212891
428451.768430800003,428451.727036255121,-4.290879547596,-1.583659589291,51.572418212891
428451.771876899991,428451.727036255121,-4.290879547596,-1.583659589291,51.572418212891
428451.776889399975,428451.727036255121,-4.290879547596,-1.583659589291,51.572418212891
428451.779846100020,428451.727036255121,-4.290879547596,-1.583659589291,51.572418212891
428451.784840999986,428451.743716822239,-4.309523761272,-1.594217717648,51.490375518799
428451.788869399985,428451.743716822239,-4.309523761272,-1.594217717648,51.490375518799
428451.792850999977,428451.743716822239,-4.309523761272,-1.594217717648,51.490375518799
428451.797172899998,428451.760397389357,-4.288199901581,-1.580137193203,51.407043457031
428451.800561800017,428451.760397389357,-4.288199901581,-1.580137193203,51.407043457031
428451.804954699997,428451.760397389357,-4.288199901581,-1.580137193203,51.407043457031
428451.809613000019,428451.760397389357,-4.288199901581,-1.580137193203,51.407043457031
428451.813947600021,428451.777077956474,-4.271344065666,-1.582506179810,51.422632217407
428451.817337099987,428451.777077956474,-4.271344065666,-1.582506179810,51.422632217407
428451.822361099999,428451.777077956474,-4.271344065666,-1.582506179810,51.422632217407
428451.826333299978,428451.777077956474,-4.271344065666,-1.582506179810,51.422632217407
428451.830037100008,428451.793758523592,-4.240802705288,-1.573197722435,51.402896881104
428451.835105800012,428451.793758523592,-4.240802705288,-1.573197722435,51.402896881104
428451.838875200017,428451.793758523592,-4.240802705288,-1.573197722435,51.402896881104
428451.842921599979,428451.793758523592,-4.240802705288,-1.573197722435,51.402896881104
428451.847239699971,428451.810439090710,-4.238906860352,-1.590407490730,51.313175201416
428451.851090200013,428451.810439090710,-4.238906860352,-1.590407490730,51.313175201416
428451.854891000025,428451.810439090710,-4.238906860352,-1.590407490730,51.313175201416
428451.859848699998,428451.810439090710,-4.238906860352,-1.590407490730,51.313175201416
428451.863417299988,428451.827119657828,-4.207676172256,-1.595695197582,51.526386260986
428451.868902400020,428451.827119657828,-4.207676172256,-1.595695197582,51.526386260986
428451.871857699996,428451.827119657828,-4.207676172256,-1.595695197582,51.526386260986
428451.875270200020,428451.827119657828,-4.207676172256,-1.595695197582,51.526386260986
428451.879908800009,428451.827119657828,-4.207676172256,-1.595695197582,51.526386260986
428451.884713599982,428451.827119657828,-4.207676172256,-1.595695197582,51.526386260986
428451.888705599995,428451.827119657828,-4.207676172256,-1.595695197582,51.526386260986
428451.892648099980,428451.827119657828,-4.207676172256,-1.595695197582,51.526386260986
428451.897514400014,428451.843800224946,-4.185072243214,-1.610953390598,51.524360656738
428451.901299600024,428451.843800224946,-4.185072243214,-1.610953390598,51.524360656738
428451.905319000012,428451.843800224946,-4.185072243214,-1.610953390598,51.524360656738
428451.909458099981,428451.860309150303,-4.119682312012,-1.627896010876,51.400465011597
428451.913111499976,428451.860309150303,-4.119682312012,-1.627896010876,51.400465011597
428451.917942999979,428451.860309150303,-4.119682312012,-1.627896010876,51.400465011597
428451.921894899977,428451.860309150303,-4.119682312012,-1.627896010876,51.400465011597
428451.925269200001,428451.876982764283,-4.046428918839,-1.701463341713,51.787000656128
428451.930573899997,428451.876982764283,-4.046428918839,-1.701463341713,51.787000656128
428451.934728900029,428451.876982764283,-4.046428918839,-1.701463341713,51.787000656128
428451.938768299995,428451.876982764283,-4.046428918839,-1.701463341713,51.787000656128
428451.942298599984,428451.893656378263,-3.951887965202,-1.675641357899,51.452112197876
428451.947609999974,428451.893656378263,-3.951887965202,-1.675641357899,51.452112197876
428451.951572699996,428451.893656378263,-3.951887965202,-1.675641357899,51.452112197876
428451.955559100024,428451.893656378263,-3.951887965202,-1.675641357899,51.452112197876
428451.959898000001,428451.910329992243,-3.854255735874,-1.683729112148,51.522724151611
428451.963580499985,428451.910329992243,-3.854255735874,-1.683729112148,51.522724151611
428451.967673800013,428451.910329992243,-3.854255735874,-1.683729112148,51.522724151611
428451.971745399991,428451.910329992243,-3.854255735874,-1.683729112148,51.522724151611
428451.977060300007,428451.927003606223,-3.720631480217,-1.680522084236,51.653623580933
428451.979455300025,428451.927003606223,-3.720631480217,-1.680522084236,51.653623580933
428451.984105499985,428451.927003606223,-3.720631480217,-1.680522084236,51.653623580933
428451.989449599991,428451.943677220203,-3.579112678766,-1.682448387146,51.674631118774
428451.993419200007,428451.943677220203,-3.579112678766,-1.682448387146,51.674631118774
428451.996879299986,428451.943677220203,-3.579112678766,-1.682448387146,51.674631118774
428452.000506200013,428451.943677220203,-3.579112678766,-1.682448387146,51.674631118774
428452.005889200023,428451.960350834182,-3.432724915445,-1.722508370876,51.537281036377
428452.009288100002,428451.960350834182,-3.432724915445,-1.722508370876,51.537281036377
428452.014205000014,428451.960350834182,-3.432724915445,-1.722508370876,51.537281036377
428452.018189999973,428451.960350834182,-3.432724915445,-1.722508370876,51.537281036377
428452.021614999976,428451.977024448162,-3.259738874622,-1.735500514507,51.505170822144
428452.026473700011,428451.977024448162,-3.259738874622,-1.735500514507,51.505170822144
428452.030299199978,428451.977024448162,-3.259738874622,-1.735500514507,51.505170822144
428452.034280400025,428451.977024448162,-3.259738874622,-1.735500514507,51.505170822144
428452.038249599980,428451.993698062142,-3.066047199070,-1.746291935444,51.644466400146
428452.042693399999,428451.993698062142,-3.066047199070,-1.746291935444,51.644466400146
428452.046035100007,428451.993698062142,-3.066047199070,-1.746291935444,51.644466400146
428452.051044900029,428451.993698062142,-3.066047199070,-1.746291935444,51.644466400146
428452.055402999977,428452.010371676122,-2.860192701221,-1.787967741489,51.635503768921
428452.058822999999,428452.010371676122,-2.860192701221,-1.787967741489,51.635503768921
428452.063469799992,428452.010371676122,-2.860192701221,-1.787967741489,51.635503768921
428452.067432600015,428452.010371676122,-2.860192701221,-1.787967741489,51.635503768921
428452.072233700019,428452.027045290102,-2.635905891657,-1.830834984779,51.862337112427
428452.075871200010,428452.027045290102,-2.635905891657,-1.830834984779,51.862337112427
428452.080790899985,428452.027045290102,-2.635905891657,-1.830834984779,51.862337112427
428452.084683599998,428452.043718904082,-2.396494090557,-1.873650074005,51.848972320557
428452.088123199996,428452.043718904082,-2.396494090557,-1.873650074005,51.848972320557
428452.093122399994,428452.043718904082,-2.396494090557,-1.873650074005,51.848972320557
428452.096994500025,428452.043718904082,-2.396494090557,-1.873650074005,51.848972320557
428452.100994099979,428452.060392518062,-2.129625618458,-1.864673018456,51.587087631226
428452.104363400023,428452.060392518062,-2.129625618458,-1.864673018456,51.587087631226
428452.109039800009,428452.060392518062,-2.129625618458,-1.864673018456,51.587087631226
428452.113905199978,428452.060392518062,-2.129625618458,-1.864673018456,51.587087631226
428452.118287499994,428452.077066132042,-1.844604134560,-1.888471126556,51.690790176392
428452.121926599997,428452.077066132042,-1.844604134560,-1.888471126556,51.690790176392
428452.126125200011,428452.077066132042,-1.844604134560,-1.888471126556,51.690790176392
428452.129623699991,428452.077066132042,-1.844604134560,-1.888471126556,51.690790176392
428452.133994199976,428452.093739746022,-1.582268953323,-1.910977005959,51.943185806274
428452.138660600001,428452.093739746022,-1.582268953323,-1.910977005959,51.943185806274
428452.142947399989,428452.093739746022,-1.582268953323,-1.910977005959,51.943185806274
428452.146921799984,428452.093739746022,-1.582268953323,-1.910977005959,51.943185806274
428452.150913599995,428452.110413360002,-1.262144446373,-1.919494330883,51.856151580811
428452.155285899993,428452.110413360002,-1.262144446373,-1.919494330883,51.856151580811
428452.158935100015,428452.110413360002,-1.262144446373,-1.919494330883,51.856151580811
428452.163901099993,428452.110413360002,-1.262144446373,-1.919494330883,51.856151580811
428452.168030300003,428452.127086973982,-0.962205290794,-1.928447306156,51.828330993652
428452.171493900008,428452.127086973982,-0.962205290794,-1.928447306156,51.828330993652
428452.176487000019,428452.127086973982,-0.962205290794,-1.928447306156,51.828330993652
428452.180634299992,428452.143760587962,-0.652799606323,-1.979132473469,51.798809051514
428452.184268800018,428452.143760587962,-0.652799606323,-1.979132473469,51.798809051514
428452.189134499989,428452.143760587962,-0.652799606323,-1.979132473469,51.798809051514
428452.193160999974,428452.143760587962,-0.652799606323,-1.979132473469,51.798809051514
428452.197496199980,428452.160434201942,-0.323527097702,-2.001251876354,51.987634658813
428452.201135799987,428452.160434201942,-0.323527097702,-2.001251876354,51.987634658813
428452.204671800020,428452.160434201942,-0.323527097702,-2.001251876354,51.987634658813
428452.209311700019,428452.160434201942,-0.323527097702,-2.001251876354,51.987634658813
428452.213700000022,428452.177107815922,-0.025980949402,-2.022322714329,51.723423004150
428452.217104499985,428452.177107815922,-0.025980949402,-2.022322714329,51.723423004150
428452.221605599974,428452.177107815922,-0.025980949402,-2.022322714329,51.723423004150
428452.226595100015,428452.177107815922,-0.025980949402,-2.022322714329,51.723423004150
428452.230257600022,428452.193781429902,0.296333312988,-2.031659185886,51.690221786499
428452.233744100027,428452.193781429902,0.296333312988,-2.031659185886,51.690221786499
428452.238299500023,428452.193781429902,0.296333312988,-2.031659185886,51.690221786499
428452.242247299990,428452.193781429902,0.296333312988,-2.031659185886,51.690221786499
428452.246835200000,428452.210455043882,0.584390401840,-2.001998484135,51.312042236328
428452.250269900018,428452.210455043882,0.584390401840,-2.001998484135,51.312042236328
428452.255314400012,428452.210455043882,0.584390401840,-2.001998484135,51.312042236328
428452.259341900004,428452.210455043882,0.584390401840,-2.001998484135,51.312042236328
428452.262707000016,428452.227128657862,0.920568943024,-2.001927912235,51.572544097900
428452.267919500009,428452.227128657862,0.920568943024,-2.001927912235,51.572544097900
428452.272137299995,428452.227128657862,0.920568943024,-2.001927912235,51.572544097900
428452.275764700025,428452.227128657862,0.920568943024,-2.001927912235,51.572544097900
428452.280488600023,428452.227128657862,0.920568943024,-2.001927912235,51.572544097900
428452.283990100026,428452.227128657862,0.920568943024,-2.001927912235,51.572544097900
428452.288666900015,428452.227128657862,0.920568943024,-2.001927912235,51.572544097900
428452.292584499985,428452.244220036198,1.219207704067,-1.984697043896,51.424940109253
428452.297797999985,428452.244220036198,1.219207704067,-1.984697043896,51.424940109253
428452.300234600028,428452.244220036198,1.219207704067,-1.984697043896,51.424940109253
428452.304847599997,428452.244220036198,1.219207704067,-1.984697043896,51.424940109253
428452.310215900012,428452.260900603316,1.479681074619,-1.986653506756,51.129308700562
428452.313865499978,428452.260900603316,1.479681074619,-1.986653506756,51.129308700562
428452.317975900020,428452.260900603316,1.479681074619,-1.986653506756,51.129308700562
428452.322000699991,428452.260900603316,1.479681074619,-1.986653506756,51.129308700562
428452.325374700013,428452.277581170434,1.791703939438,-2.012422502041,51.331073760986
428452.330534100009,428452.277581170434,1.791703939438,-2.012422502041,51.331073760986
428452.334253099980,428452.277581170434,1.791703939438,-2.012422502041,51.331073760986
428452.339471100015,428452.277581170434,1.791703939438,-2.012422502041,51.331073760986
428452.342566300009,428452.294261737552,2.063288211823,-2.020384013653,51.175050735474
428452.347294099978,428452.294261737552,2.063288211823,-2.020384013653,51.175050735474
428452.351079199987,428452.294261737552,2.063288211823,-2.020384013653,51.175050735474
428452.355030699982,428452.294261737552,2.063288211823,-2.020384013653,51.175050735474
428452.359220199985,428452.310942304670,2.359714448452,-2.087318241596,51.552333831787
428452.364849100006,428452.310942304670,2.359714448452,-2.087318241596,51.552333831787
428452.367466899974,428452.310942304670,2.359714448452,-2.087318241596,51.552333831787
428452.371445700002,428452.310942304670,2.359714448452,-2.087318241596,51.552333831787
428452.376792400028,428452.327622871788,2.596595108509,-2.109038412571,51.387870788574
428452.380194000027,428452.327622871788,2.596595108509,-2.109038412571,51.387870788574
428452.384218499996,428452.327622871788,2.596595108509,-2.109038412571,51.387870788574
428452.389542200021,428452.344303438906,2.774371668696,-2.083669066429,51.135980606079
428452.392515800020,428452.344303438906,2.774371668696,-2.083669066429,51.135980606079
428452.396985300002,428452.344303438906,2.774371668696,-2.083669066429,51.135980606079
428452.400659699982,428452.344303438906,2.774371668696,-2.083669066429,51.135980606079
428452.405973199988,428452.360984006024,3.016087122262,-2.097656846046,51.480361938477
428452.410034200002,428452.360984006024,3.016087122262,-2.097656846046,51.480361938477
428452.414070100000,428452.360984006024,3.016087122262,-2.097656846046,51.480361938477
428452.418097999995,428452.360984006024,3.016087122262,-2.097656846046,51.480361938477
428452.422445199976,428452.377664573141,3.228584848344,-2.090151607990,51.514188766479
428452.425882500014,428452.377664573141,3.228584848344,-2.090151607990,51.514188766479
428452.429458800005,428452.377664573141,3.228584848344,-2.090151607990,51.514188766479
428452.434417599987,428452.377664573141,3.228584848344,-2.090151607990,51.514188766479
428452.438594400010,428452.394345140259,3.370041660964,-2.079772293568,51.351537704468
428452.442582899996,428452.394345140259,3.370041660964,-2.079772293568,51.351537704468
428452.447402700025,428452.394345140259,3.370041660964,-2.079772293568,51.351537704468
428452.451429300010,428452.394345140259,3.370041660964,-2.079772293568,51.351537704468
428452.455089800002,428452.411025707377,3.511221870780,-2.061313867569,51.300966262817
428452.458766700001,428452.411025707377,3.511221870780,-2.061313867569,51.300966262817
428452.463456499972,428452.411025707377,3.511221870780,-2.061313867569,51.300966262817
428452.467488499999,428452.411025707377,3.511221870780,-2.061313867569,51.300966262817
428452.471832800016,428452.427706274495,3.640872225165,-2.061187267303,51.293661117554
428452.475241800013,428452.427706274495,3.640872225165,-2.061187267303,51.293661117554
428452.479878399987,428452.427706274495,3.640872225165,-2.061187267303,51.293661117554
428452.484999399981,428452.444386841613,3.774790406227,-2.067771852016,51.484148025513
428452.489301999973,428452.444386841613,3.774790406227,-2.067771852016,51.484148025513
428452.492752899998,428452.444386841613,3.774790406227,-2.067771852016,51.484148025513
428452.496661100013,428452.444386841613,3.774790406227,-2.067771852016,51.484148025513
428452.500818100001,428452.461067408731,3.853319525719,-2.045561134815,51.403690338135
428452.505232200027,428452.461067408731,3.853319525719,-2.045561134815,51.403690338135
428452.509091900021,428452.461067408731,3.853319525719,-2.045561134815,51.403690338135
428452.514089900011,428452.461067408731,3.853319525719,-2.045561134815,51.403690338135
428452.518482999993,428452.477747975849,3.882173299789,-2.073315024376,51.454586029053
428452.521893900004,428452.477747975849,3.882173299789,-2.073315024376,51.454586029053
428452.525359200023,428452.477747975849,3.882173299789,-2.073315024376,51.454586029053
428452.529889300000,428452.477747975849,3.882173299789,-2.073315024376,51.454586029053
428452.534285100002,428452.494428542966,3.837111741304,-2.053653061390,51.262159347534
428452.538271300029,428452.494428542966,3.837111741304,-2.053653061390,51.262159347534
428452.542679900012,428452.494428542966,3.837111741304,-2.053653061390,51.262159347534
428452.546706499998,428452.494428542966,3.837111741304,-2.053653061390,51.262159347534
428452.551385800005,428452.511109110084,3.664945334196,-2.027015209198,50.975547790527
428452.554823999992,428452.511109110084,3.664945334196,-2.027015209198,50.975547790527
428452.559896700026,428452.511109110084,3.664945334196,-2.027015209198,50.975547790527
428452.563906299998,428452.511109110084,3.664945334196,-2.027015209198,50.975547790527
428452.567967700015,428452.527789677202,3.620292469859,-2.015334606171,50.967906951904
428452.572296699975,428452.527789677202,3.620292469859,-2.015334606171,50.967906951904
428452.576346800022,428452.527789677202,3.620292469859,-2.015334606171,50.967906951904
428452.580495800008,428452.544470244320,3.498021230102,-2.033304035664,50.881898880005
428452.584451699979,428452.544470244320,3.498021230102,-2.033304035664,50.881898880005
428452.588851300010,428452.544470244320,3.498021230102,-2.033304035664,50.881898880005
428452.592739499989,428452.544470244320,3.498021230102,-2.033304035664,50.881898880005
428452.596686700010,428452.561150811438,3.358439221978,-2.035603523254,50.901884078979
428452.601835399983,428452.561150811438,3.358439221978,-2.035603523254,50.901884078979
428452.605959600012,428452.561150811438,3.358439221978,-2.035603523254,50.901884078979
428452.609930499981,428452.561150811438,3.358439221978,-2.035603523254,50.901884078979
428452.614267099998,428452.577831378556,3.193553652614,-2.025395750999,50.824962615967
428452.617952600005,428452.577831378556,3.193553652614,-2.025395750999,50.824962615967
428452.622079399996,428452.577831378556,3.193553652614,-2.025395750999,50.824962615967
428452.626062700001,428452.577831378556,3.193553652614,-2.025395750999,50.824962615967
428452.629725000006,428452.594511945674,2.971756506711,-2.036959171295,50.575227737427
428452.634199999971,428452.594511945674,2.971756506711,-2.036959171295,50.575227737427
428452.638540300017,428452.594511945674,2.971756506711,-2.036959171295,50.575227737427
428452.642517599976,428452.594511945674,2.971756506711,-2.036959171295,50.575227737427
428452.646106000000,428452.611192512792,2.741084769368,-2.061512231827,50.513673782349
428452.651318799995,428452.611192512792,2.741084769368,-2.061512231827,50.513673782349
428452.654793600028,428452.611192512792,2.741084769368,-2.061512231827,50.513673782349
428452.659357000026,428452.611192512792,2.741084769368,-2.061512231827,50.513673782349
428452.662825100007,428452.611192512792,2.741084769368,-2.061512231827,50.513673782349
428452.667396300007,428452.611192512792,2.741084769368,-2.061512231827,50.513673782349
428452.672051200003,428452.611192512792,2.741084769368,-2.061512231827,50.513673782349
428452.676040099992,428452.611192512792,2.741084769368,-2.061512231827,50.513673782349
428452.679607299971,428452.627873079909,2.486035019159,-2.121477305889,50.718614578247
428452.684910800017,428452.627873079909,2.486035019159,-2.121477305889,50.718614578247
428452.688588000019,428452.627873079909,2.486035019159,-2.121477305889,50.718614578247
428452.692726699985,428452.644565349503,2.179373174906,-2.107178270817,50.581968307495
428452.696545400016,428452.644565349503,2.179373174906,-2.107178270817,50.581968307495
428452.700933900021,428452.644565349503,2.179373174906,-2.107178270817,50.581968307495
428452.704820399988,428452.644565349503,2.179373174906,-2.107178270817,50.581968307495
428452.709782899998,428452.661252875580,1.830617547035,-2.125417232513,50.517353057861
428452.713430100004,428452.661252875580,1.830617547035,-2.125417232513,50.517353057861
428452.717019699980,428452.661252875580,1.830617547035,-2.125417232513,50.517353057861
428452.722557600006,428452.661252875580,1.830617547035,-2.125417232513,50.517353057861
428452.726055499981,428452.677940401656,1.506956219673,-2.172131478786,50.557006835938
428452.729738100024,428452.677940401656,1.506956219673,-2.172131478786,50.557006835938
428452.734841300000,428452.677940401656,1.506956219673,-2.172131478786,50.557006835938
428452.738825800014,428452.677940401656,1.506956219673,-2.172131478786,50.557006835938
428452.742541200016,428452.694627927733,1.110728263855,-2.164384543896,50.550025939941
428452.746219899971,428452.694627927733,1.110728263855,-2.164384543896,50.550025939941
428452.750947199995,428452.694627927733,1.110728263855,-2.164384543896,50.550025939941
428452.754972200026,428452.694627927733,1.110728263855,-2.164384543896,50.550025939941
428452.759624200000,428452.711315453809,0.726385116577,-2.224971115589,50.727611541748
428452.763744099997,428452.711315453809,0.726385116577,-2.224971115589,50.727611541748
428452.767451499996,428452.711315453809,0.726385116577,-2.224971115589,50.727611541748
428452.772440799978,428452.728002979886,0.279777169228,-2.236756265163,50.393733978271
428452.776087299979,428452.728002979886,0.279777169228,-2.236756265163,50.393733978271
428452.779428199981,428452.728002979886,0.279777169228,-2.236756265163,50.393733978271
428452.784370500012,428452.728002979886,0.279777169228,-2.236756265163,50.393733978271
428452.788360100007,428452.728002979886,0.279777169228,-2.236756265163,50.393733978271
428452.792372299999,428452.744690505962,-0.180824875832,-2.290853500366,50.638374328613
428452.797360300028,428452.744690505962,-0.180824875832,-2.290853500366,50.638374328613
428452.801377299998,428452.744690505962,-0.180824875832,-2.290853500366,50.638374328613
428452.805287200026,428452.761378032039,-0.674260377884,-2.295018434525,50.666719436646
428452.808936699992,428452.761378032039,-0.674260377884,-2.295018434525,50.666719436646
428452.814083900012,428452.761378032039,-0.674260377884,-2.295018434525,50.666719436646
428452.818108299980,428452.761378032039,-0.674260377884,-2.295018434525,50.666719436646
428452.822435599985,428452.778065558115,-1.227961599827,-2.304074645042,50.501916885376
428452.825935799978,428452.778065558115,-1.227961599827,-2.304074645042,50.501916885376
428452.829554900003,428452.778065558115,-1.227961599827,-2.304074645042,50.501916885376
428452.834577300004,428452.778065558115,-1.227961599827,-2.304074645042,50.501916885376
428452.838690600009,428452.794753084192,-1.776377320290,-2.295510172844,50.319835662842
428452.842018300027,428452.794753084192,-1.776377320290,-2.295510172844,50.319835662842
428452.846863800019,428452.794753084192,-1.776377320290,-2.295510172844,50.319835662842
428452.850813500001,428452.794753084192,-1.776377320290,-2.295510172844,50.319835662842
428452.855481399980,428452.811440610269,-2.311751365662,-2.298797369003,50.559062957764
428452.858909200004,428452.811440610269,-2.311751365662,-2.298797369003,50.559062957764
428452.863968599995,428452.811440610269,-2.311751365662,-2.298797369003,50.559062957764
428452.867983100004,428452.811440610269,-2.311751365662,-2.298797369003,50.559062957764
428452.871569000010,428452.828128136345,-2.878079503775,-2.283417463303,50.261182785034
428452.875969699991,428452.828128136345,-2.878079503775,-2.283417463303,50.261182785034
428452.879614199977,428452.828128136345,-2.878079503775,-2.283417463303,50.261182785034
428452.884570700000,428452.844815662422,-3.440650366247,-2.289141535759,50.287807464600
428452.888599600003,428452.844815662422,-3.440650366247,-2.289141535759,50.287807464600
428452.891969099990,428452.844815662422,-3.440650366247,-2.289141535759,50.287807464600
428452.896582400019,428452.844815662422,-3.440650366247,-2.289141535759,50.287807464600
428452.900587300013,428452.844815662422,-3.440650366247,-2.289141535759,50.287807464600
428452.905720899988,428452.861503188498,-3.999174058437,-2.256024122238,50.279720306396
428452.909024499997,428452.861503188498,-3.999174058437,-2.256024122238,50.279720306396
428452.913982100028,428452.861503188498,-3.999174058437,-2.256024122238,50.279720306396
428452.918324799975,428452.878190714575,-4.599217355251,-2.233663201332,50.208730697632
428452.921742599981,428452.878190714575,-4.599217355251,-2.233663201332,50.208730697632
428452.925183699990,428452.878190714575,-4.599217355251,-2.233663201332,50.208730697632
428452.929715799983,428452.878190714575,-4.599217355251,-2.233663201332,50.208730697632
428452.934073799988,428452.894878240651,-5.135422825813,-2.200885176659,50.178220748901
428452.938503600017,428452.894878240651,-5.135422825813,-2.200885176659,50.178220748901
428452.941945899976,428452.894878240651,-5.135422825813,-2.200885176659,50.178220748901
428452.946891099971,428452.894878240651,-5.135422825813,-2.200885176659,50.178220748901
428452.950259200006,428452.911565766728,-5.667825579643,-2.161897897720,49.905883789062
428452.954701000010,428452.911565766728,-5.667825579643,-2.161897897720,49.905883789062
428452.959327100019,428452.911565766728,-5.667825579643,-2.161897897720,49.905883789062
428452.963321299991,428452.911565766728,-5.667825579643,-2.161897897720,49.905883789062
428452.968628800008,428452.928253292805,-6.177576661110,-2.151168406010,50.145406723022
428452.971819699975,428452.928253292805,-6.177576661110,-2.151168406010,50.145406723022
428452.975687100028,428452.928253292805,-6.177576661110,-2.151168406010,50.145406723022
428452.980818499986,428452.944940818881,-6.661774754524,-2.117080748081,49.928848266602
428452.984781500010,428452.944940818881,-6.661774754524,-2.117080748081,49.928848266602
428452.988774499972,428452.944940818881,-6.661774754524,-2.117080748081,49.928848266602
428452.992826799979,428452.944940818881,-6.661774754524,-2.117080748081,49.928848266602
428452.996781900001,428452.961628344958,-7.077717185020,-2.072909712791,49.954862594604
428453.000946499989,428452.961628344958,-7.077717185020,-2.072909712791,49.954862594604
428453.004750500026,428452.961628344958,-7.077717185020,-2.072909712791,49.954862594604
428453.009741000016,428452.961628344958,-7.077717185020,-2.072909712791,49.954862594604
428453.014081000001,428452.978315871034,-7.482076883316,-2.042122483253,49.809156417847
428453.018437999999,428452.978315871034,-7.482076883316,-2.042122483253,49.809156417847
428453.022525899985,428452.978315871034,-7.482076883316,-2.042122483253,49.809156417847
428453.026507899980,428452.978315871034,-7.482076883316,-2.042122483253,49.809156417847
428453.030248199997,428452.995003397111,-7.829365730286,-2.018139839172,49.742248535156
428453.034057100012,428452.995003397111,-7.829365730286,-2.018139839172,49.742248535156
428453.039067699981,428452.995003397111,-7.829365730286,-2.018139839172,49.742248535156
428453.043059299991,428452.995003397111,-7.829365730286,-2.018139839172,49.742248535156
428453.046394300007,428453.011690923187,-8.148414373398,-1.979431450367,49.697790145874
428453.050823699974,428453.011690923187,-8.148414373398,-1.979431450367,49.697790145874
428453.054261400015,428453.011690923187,-8.148414373398,-1.979431450367,49.697790145874
428453.058664400014,428453.011690923187,-8.148414373398,-1.979431450367,49.697790145874
428453.063225099992,428453.011690923187,-8.148414373398,-1.979431450367,49.697790145874
428453.068462199997,428453.011690923187,-8.148414373398,-1.979431450367,49.697790145874
428453.072100099991,428453.011690923187,-8.148414373398,-1.979431450367,49.697790145874
428453.076292500016,428453.028516408231,-8.447755098343,-1.929993689060,49.739374160767
428453.080014900013,428453.028516408231,-8.447755098343,-1.929993689060,49.739374160767
428453.083704899997,428453.028516408231,-8.447755098343,-1.929993689060,49.739374160767
428453.088775300013,428453.028516408231,-8.447755098343,-1.929993689060,49.739374160767
428453.093244399992,428453.045210899028,-8.666616678238,-1.887993693352,49.758001327515
428453.096704699972,428453.045210899028,-8.666616678238,-1.887993693352,49.758001327515
428453.100760200003,428453.045210899028,-8.666616678238,-1.887993693352,49.758001327515
428453.105742399988,428453.045210899028,-8.666616678238,-1.887993693352,49.758001327515
428453.109747099981,428453.061905389826,-8.874698877335,-1.861230432987,49.730585098267
428453.113529400027,428453.061905389826,-8.874698877335,-1.861230432987,49.730585098267
428453.117562600004,428453.061905389826,-8.874698877335,-1.861230432987,49.730585098267
428453.121538700012,428453.061905389826,-8.874698877335,-1.861230432987,49.730585098267
428453.126916999987,428453.078599880624,-9.008309125900,-1.886710345745,49.764492034912
428453.130854799994,428453.078599880624,-9.008309125900,-1.886710345745,49.764492034912
428453.134301599988,428453.078599880624,-9.008309125900,-1.886710345745,49.764492034912
428453.138290299976,428453.078599880624,-9.008309125900,-1.886710345745,49.764492034912
428453.142660500016,428453.095294371422,-9.104290485382,-1.876047134399,49.619920730591
428453.146119599987,428453.095294371422,-9.104290485382,-1.876047134399,49.619920730591
428453.151285399974,428453.095294371422,-9.104290485382,-1.876047134399,49.619920730591
428453.155308699992,428453.095294371422,-9.104290485382,-1.876047134399,49.619920730591
428453.158704800007,428453.111988862220,-9.195888280869,-1.886664748192,49.715095520020
428453.163181899989,428453.111988862220,-9.195888280869,-1.886664748192,49.715095520020
428453.168268100009,428453.111988862220,-9.195888280869,-1.886664748192,49.715095520020
428453.172247499984,428453.111988862220,-9.195888280869,-1.886664748192,49.715095520020
428453.175586699974,428453.128683353018,-9.219217061996,-1.914468586445,49.835409164429
428453.180266499985,428453.128683353018,-9.219217061996,-1.914468586445,49.835409164429
428453.184043199988,428453.128683353018,-9.219217061996,-1.914468586445,49.835409164429
428453.189431399980,428453.145377843815,-9.220414161682,-1.890734970570,49.798713684082
428453.192434899975,428453.145377843815,-9.220414161682,-1.890734970570,49.798713684082
428453.196449899988,428453.145377843815,-9.220414161682,-1.890734970570,49.798713684082
428453.201404399995,428453.145377843815,-9.220414161682,-1.890734970570,49.798713684082
428453.205446099979,428453.162072334613,-9.165669202805,-1.892114400864,49.788440704346
428453.209570800012,428453.162072334613,-9.165669202805,-1.892114400864,49.788440704346
428453.213636000000,428453.162072334613,-9.165669202805,-1.892114400864,49.788440704346
428453.217705100018,428453.162072334613,-9.165669202805,-1.892114400864,49.788440704346
428453.221616600000,428453.178766825411,-9.048880577087,-1.869925081730,49.849706649780
428453.226781699981,428453.178766825411,-9.048880577087,-1.869925081730,49.849706649780
428453.230826399988,428453.178766825411,-9.048880577087,-1.869925081730,49.849706649780
428453.234364699980,428453.178766825411,-9.048880577087,-1.869925081730,49.849706649780
428453.237791499996,428453.195461316209,-8.913952350616,-1.866669476032,49.876405715942
428453.242447400000,428453.195461316209,-8.913952350616,-1.866669476032,49.876405715942
428453.247636699991,428453.195461316209,-8.913952350616,-1.866669476032,49.876405715942
428453.250615499972,428453.195461316209,-8.913952350616,-1.866669476032,49.876405715942
428453.256219199975,428453.212155807007,-8.736816883087,-1.869282305241,50.091230392456
428453.258618999971,428453.212155807007,-8.736816883087,-1.869282305241,50.091230392456
428453.263691000000,428453.212155807007,-8.736816883087,-1.869282305241,50.091230392456
428453.267701099976,428453.212155807007,-8.736816883087,-1.869282305241,50.091230392456
428453.271080499981,428453.228850297804,-8.522301673889,-1.870859026909,49.950403213501
428453.275761299999,428453.228850297804,-8.522301673889,-1.870859026909,49.950403213501
428453.280620199977,428453.228850297804,-8.522301673889,-1.870859026909,49.950403213501
428453.284540800028,428453.245544788602,-8.261429071426,-1.912752568722,49.844703674316
428453.287957300025,428453.245544788602,-8.261429071426,-1.912752568722,49.844703674316
428453.292967199988,428453.245544788602,-8.261429071426,-1.912752568722,49.844703674316
428453.296799500007,428453.245544788602,-8.261429071426,-1.912752568722,49.844703674316
428453.300815999974,428453.262239279400,-7.966967821121,-1.956353366375,49.702491760254
428453.304467200011,428453.262239279400,-7.966967821121,-1.956353366375,49.702491760254
428453.309683499974,428453.262239279400,-7.966967821121,-1.956353366375,49.702491760254
428453.313701900013,428453.262239279400,-7.966967821121,-1.956353366375,49.702491760254
428453.317796799995,428453.278933770198,-7.656649589539,-1.977460265160,49.657054901123
428453.321558099997,428453.278933770198,-7.656649589539,-1.977460265160,49.657054901123
428453.326637600025,428453.278933770198,-7.656649589539,-1.977460265160,49.657054901123
428453.331091800006,428453.278933770198,-7.656649589539,-1.977460265160,49.657054901123
428453.333506499999,428453.295628260996,-7.271683692932,-1.981184482574,49.661832809448
428453.338749299990,428453.295628260996,-7.271683692932,-1.981184482574,49.661832809448
428453.343233600026,428453.295628260996,-7.271683692932,-1.981184482574,49.661832809448
428453.346823300002,428453.295628260996,-7.271683692932,-1.981184482574,49.661832809448
428453.350172400009,428453.312322751794,-6.907575130463,-2.014264404774,49.602609634399
428453.355384600000,428453.312322751794,-6.907575130463,-2.014264404774,49.602609634399
428453.359112399979,428453.312322751794,-6.907575130463,-2.014264404774,49.602609634399
428453.363027099986,428453.312322751794,-6.907575130463,-2.014264404774,49.602609634399
428453.367439900001,428453.329017242591,-6.476887345314,-2.037373065948,49.589614868164
428453.371134900022,428453.329017242591,-6.476887345314,-2.037373065948,49.589614868164
428453.375819600013,428453.329017242591,-6.476887345314,-2.037373065948,49.589614868164
428453.379850100027,428453.329017242591,-6.476887345314,-2.037373065948,49.589614868164
428453.384523699991,428453.345711733389,-6.062378525734,-2.024493634701,49.754367828369
428453.388035100012,428453.345711733389,-6.062378525734,-2.024493634701,49.754367828369
428453.392686499981,428453.345711733389,-6.062378525734,-2.024493634701,49.754367828369
428453.396666100016,428453.362406224187,-5.556663393974,-2.043998420238,49.871437072754
428453.400115599972,428453.362406224187,-5.556663393974,-2.043998420238,49.871437072754
428453.405213300022,428453.362406224187,-5.556663393974,-2.043998420238,49.871437072754
428453.408976199978,428453.362406224187,-5.556663393974,-2.043998420238,49.871437072754
428453.412996499974,428453.379100714985,-5.025199711323,-2.049752473831,50.116428375244
428453.417537999980,428453.379100714985,-5.025199711323,-2.049752473831,50.116428375244
428453.421606099990,428453.379100714985,-5.025199711323,-2.049752473831,50.116428375244
428453.425572299981,428453.379100714985,-5.025199711323,-2.049752473831,50.116428375244
428453.430081199971,428453.395795205783,-4.522209405899,-2.076929569244,50.119632720947
428453.434329200012,428453.395795205783,-4.522209405899,-2.076929569244,50.119632720947
428453.438327200012,428453.395795205783,-4.522209405899,-2.076929569244,50.119632720947
428453.441802999994,428453.395795205783,-4.522209405899,-2.076929569244,50.119632720947
428453.446336099994,428453.395795205783,-4.522209405899,-2.076929569244,50.119632720947
428453.450848800014,428453.395795205783,-4.522209405899,-2.076929569244,50.119632720947
428453.454273100011,428453.395795205783,-4.522209405899,-2.076929569244,50.119632720947
428453.459252999979,428453.395795205783,-4.522209405899,-2.076929569244,50.119632720947
428453.462634299998,428453.412489696580,-4.011678189039,-2.118198394775,50.143032073975
428453.468106999993,428453.412489696580,-4.011678189039,-2.118198394775,50.143032073975
428453.472161000012,428453.412489696580,-4.011678189039,-2.118198394775,50.143032073975
428453.476316099986,428453.428628390946,-3.477584652603,-2.114410161972,50.090005874634
428453.479964800004,428453.428628390946,-3.477584652603,-2.114410161972,50.090005874634
428453.484125800023,428453.428628390946,-3.477584652603,-2.114410161972,50.090005874634
428453.487765799975,428453.428628390946,-3.477584652603,-2.114410161972,50.090005874634
428453.493108899973,428453.445315917023,-2.936049357057,-2.147530913353,49.992361068726
428453.496759100002,428453.445315917023,-2.936049357057,-2.147530913353,49.992361068726
428453.500280799984,428453.445315917023,-2.936049357057,-2.147530913353,49.992361068726
428453.504936399986,428453.445315917023,-2.936049357057,-2.147530913353,49.992361068726
428453.508904799994,428453.462003443099,-2.414336174726,-2.191310644150,49.964937210083
428453.513363500009,428453.462003443099,-2.414336174726,-2.191310644150,49.964937210083
428453.517365199979,428453.462003443099,-2.414336174726,-2.191310644150,49.964937210083
428453.522375400004,428453.462003443099,-2.414336174726,-2.191310644150,49.964937210083
428453.525856000022,428453.478690969176,-1.843120932579,-2.176215767860,50.109956741333
428453.529250100022,428453.478690969176,-1.843120932579,-2.176215767860,50.109956741333
428453.534369900008,428453.478690969176,-1.843120932579,-2.176215767860,50.109956741333
428453.538335399993,428453.478690969176,-1.843120932579,-2.176215767860,50.109956741333
428453.542664400011,428453.495378495252,-1.319597661495,-2.189654350281,50.398645401001
428453.546659399988,428453.495378495252,-1.319597661495,-2.189654350281,50.398645401001
428453.550752900017,428453.495378495252,-1.319597661495,-2.189654350281,50.398645401001
428453.554747499991,428453.495378495252,-1.319597661495,-2.189654350281,50.398645401001
428453.559329000011,428453.512066021329,-0.808713793755,-2.160243868828,50.421558380127
428453.562798900006,428453.512066021329,-0.808713793755,-2.160243868828,50.421558380127
428453.567238699994,428453.512066021329,-0.808713793755,-2.160243868828,50.421558380127
428453.572206199984,428453.528753547405,-0.293632030487,-2.141123056412,50.692628860474
428453.576598400017,428453.528753547405,-0.293632030487,-2.141123056412,50.692628860474
428453.580002699979,428453.528753547405,-0.293632030487,-2.141123056412,50.692628860474
428453.584021400020,428453.528753547405,-0.293632030487,-2.141123056412,50.692628860474
428453.589169499988,428453.545441073482,0.134422183037,-2.125948309898,50.478660583496
428453.593347300019,428453.545441073482,0.134422183037,-2.125948309898,50.478660583496
428453.596836099983,428453.545441073482,0.134422183037,-2.125948309898,50.478660583496
428453.600505099981,428453.545441073482,0.134422183037,-2.125948309898,50.478660583496
428453.605885799974,428453.562128599558,0.597622513771,-2.124304294586,50.605844497681
428453.608822999988,428453.562128599558,0.597622513771,-2.124304294586,50.605844497681
428453.613374900015,428453.562128599558,0.597622513771,-2.124304294586,50.605844497681
428453.617393099994,428453.562128599558,0.597622513771,-2.124304294586,50.605844497681
428453.621382199985,428453.578816125635,1.013404369354,-2.126964449883,50.455221176147
428453.626112100028,428453.578816125635,1.013404369354,-2.126964449883,50.455221176147
428453.630169300013,428453.578816125635,1.013404369354,-2.126964449883,50.455221176147
428453.633738200006,428453.578816125635,1.013404369354,-2.126964449883,50.455221176147
428453.638863899978,428453.595503651712,1.402882993221,-2.133150041103,50.571475982666
428453.642426599981,428453.595503651712,1.402882993221,-2.133150041103,50.571475982666
428453.646478199982,428453.595503651712,1.402882993221,-2.133150041103,50.571475982666
428453.651456099993,428453.595503651712,1.402882993221,-2.133150041103,50.571475982666
428453.654791400011,428453.612191177788,1.772095441818,-2.118531107903,50.630872726440
428453.659452899999,428453.612191177788,1.772095441818,-2.118531107903,50.630872726440
428453.663696400006,428453.612191177788,1.772095441818,-2.118531107903,50.630872726440
428453.667615999992,428453.612191177788,1.772095441818,-2.118531107903,50.630872726440
428453.671019300004,428453.628878703865,2.164935678244,-2.136536896229,50.809839248657
428453.675711799995,428453.628878703865,2.164935678244,-2.136536896229,50.809839248657
428453.680421900004,428453.628878703865,2.164935678244,-2.136536896229,50.809839248657
428453.684850600024,428453.645566229941,2.429732471704,-2.083219110966,50.756498336792
428453.689001700026,428453.645566229941,2.429732471704,-2.083219110966,50.756498336792
428453.692981600005,428453.645566229941,2.429732471704,-2.083219110966,50.756498336792
428453.696916499990,428453.645566229941,2.429732471704,-2.083219110966,50.756498336792
428453.700895000016,428453.662253756018,2.687774226069,-2.034717261791,50.658412933350
428453.704924400023,428453.662253756018,2.687774226069,-2.034717261791,50.658412933350
428453.708912900009,428453.662253756018,2.687774226069,-2.034717261791,50.658412933350
428453.713948699995,428453.662253756018,2.687774226069,-2.034717261791,50.658412933350
428453.717289599997,428453.678941282094,2.951856829226,-2.023041784763,50.996366500854
428453.722660599975,428453.678941282094,2.951856829226,-2.023041784763,50.996366500854
428453.725656899973,428453.678941282094,2.951856829226,-2.023041784763,50.996366500854
428453.731151400018,428453.678941282094,2.951856829226,-2.023041784763,50.996366500854
428453.734312099987,428453.695628808171,3.143890500069,-2.002755701542,50.946565628052
428453.738688000012,428453.695628808171,3.143890500069,-2.002755701542,50.946565628052
428453.742775099992,428453.695628808171,3.143890500069,-2.002755701542,50.946565628052
428453.746769100020,428453.695628808171,3.143890500069,-2.002755701542,50.946565628052
428453.750315100013,428453.712316334248,3.350020989776,-1.975457012653,51.141517639160
428453.754957200028,428453.712316334248,3.350020989776,-1.975457012653,51.141517639160
428453.759163299983,428453.712316334248,3.350020989776,-1.975457012653,51.141517639160
428453.763137599977,428453.712316334248,3.350020989776,-1.975457012653,51.141517639160
428453.767524400027,428453.729003860324,3.461549341679,-1.949036359787,51.013191223145
428453.771198200004,428453.729003860324,3.461549341679,-1.949036359787,51.013191223145
428453.776363899990,428453.729003860324,3.461549341679,-1.949036359787,51.013191223145
428453.780323599989,428453.729003860324,3.461549341679,-1.949036359787,51.013191223145
428453.784347000008,428453.745691386401,3.562988787889,-1.938970983028,51.297973632812
428453.788338200015,428453.745691386401,3.562988787889,-1.938970983028,51.297973632812
428453.792313100013,428453.745691386401,3.562988787889,-1.938970983028,51.297973632812
428453.796473999973,428453.762378912477,3.618502184749,-1.934664726257,51.248884201050
428453.801661400008,428453.762378912477,3.618502184749,-1.934664726257,51.248884201050
428453.805773400003,428453.762378912477,3.618502184749,-1.934664726257,51.248884201050
428453.809747099993,428453.762378912477,3.618502184749,-1.934664726257,51.248884201050
428453.813201299985,428453.779066438554,3.564989238977,-1.937678456306,51.084236145020
428453.817014899978,428453.779066438554,3.564989238977,-1.937678456306,51.084236145020
428453.821881300013,428453.779066438554,3.564989238977,-1.937678456306,51.084236145020
428453.825830699992,428453.779066438554,3.564989238977,-1.937678456306,51.084236145020
428453.829815700010,428453.795753964630,3.592133507133,-1.916152834892,51.282709121704
428453.834730900009,428453.795753964630,3.592133507133,-1.916152834892,51.282709121704
428453.838395899977,428453.795753964630,3.592133507133,-1.916152834892,51.282709121704
428453.842378699977,428453.795753964630,3.592133507133,-1.916152834892,51.282709121704
428453.846018099983,428453.795753964630,3.592133507133,-1.916152834892,51.282709121704
428453.850651499990,428453.795753964630,3.592133507133,-1.916152834892,51.282709121704
428453.855748799979,428453.795753964630,3.592133507133,-1.916152834892,51.282709121704
428453.859747599985,428453.795753964630,3.592133507133,-1.916152834892,51.282709121704
428453.863310399989,428453.812441490707,3.447525411844,-1.894854307175,50.919925689697
428453.866761200014,428453.812441490707,3.447525411844,-1.894854307175,50.919925689697
428453.871894599986,428453.812441490707,3.447525411844,-1.894854307175,50.919925689697
428453.875890300027,428453.812441490707,3.447525411844,-1.894854307175,50.919925689697
428453.879549100006,428453.828774063673,3.346017085016,-1.860034704208,50.876562118530
428453.884393999993,428453.828774063673,3.346017085016,-1.860034704208,50.876562118530
428453.888211200014,428453.828774063673,3.346017085016,-1.860034704208,50.876562118530
428453.892408200016,428453.845454630791,3.184800010175,-1.798788964748,50.993198394775
428453.896063500026,428453.845454630791,3.184800010175,-1.798788964748,50.993198394775
428453.900718200020,428453.845454630791,3.184800010175,-1.798788964748,50.993198394775
428453.904298199981,428453.845454630791,3.184800010175,-1.798788964748,50.993198394775
428453.909430300002,428453.862135197909,3.000338785350,-1.691408455372,51.021574020386
428453.913110300025,428453.862135197909,3.000338785350,-1.691408455372,51.021574020386
428453.917630099982,428453.862135197909,3.000338785350,-1.691408455372,51.021574020386
428453.921602000017,428453.862135197909,3.000338785350,-1.691408455372,51.021574020386
428453.925932999991,428453.878815765027,2.814354792237,-1.630112648010,50.945451736450
428453.929960799986,428453.878815765027,2.814354792237,-1.630112648010,50.945451736450
428453.933490200026,428453.878815765027,2.814354792237,-1.630112648010,50.945451736450
428453.938515199989,428453.878815765027,2.814354792237,-1.630112648010,50.945451736450
428453.942863199976,428453.895496332145,2.495603531599,-1.591415464878,50.596982955933
428453.946264399972,428453.895496332145,2.495603531599,-1.591415464878,50.596982955933
428453.951285600022,428453.895496332145,2.495603531599,-1.591415464878,50.596982955933
428453.955307300028,428453.895496332145,2.495603531599,-1.591415464878,50.596982955933
428453.959044200019,428453.912176899263,2.208447456360,-1.602181553841,50.722810745239
428453.963005299971,428453.912176899263,2.208447456360,-1.602181553841,50.722810745239
428453.967665600008,428453.912176899263,2.208447456360,-1.602181553841,50.722810745239
428453.971639600000,428453.912176899263,2.208447456360,-1.602181553841,50.722810745239
428453.976012400002,428453.928857466381,1.852419137955,-1.609730184078,50.533838272095
428453.979346900014,428453.928857466381,1.852419137955,-1.609730184078,50.533838272095
428453.984542699996,428453.928857466381,1.852419137955,-1.609730184078,50.533838272095
428453.988924600009,428453.945538033498,1.536357939243,-1.583908259869,50.492624282837
428453.992339799996,428453.945538033498,1.536357939243,-1.583908259869,50.492624282837
428453.995753400028,428453.945538033498,1.536357939243,-1.583908259869,50.492624282837
428454.000776799978,428453.945538033498,1.536357939243,-1.583908259869,50.492624282837
428454.005145500007,428453.962218600616,1.206167578697,-1.604606270790,50.478334426880
428454.008589299978,428453.962218600616,1.206167578697,-1.604606270790,50.478334426880
428454.013010700000,428453.962218600616,1.206167578697,-1.604606270790,50.478334426880
428454.017787399993,428453.962218600616,1.206167578697,-1.604606270790,50.478334426880
428454.022144399991,428453.978899167734,0.799745798111,-1.575952529907,50.209392547607
428454.025788199971,428453.978899167734,0.799745798111,-1.575952529907,50.209392547607
428454.030030700029,428453.978899167734,0.799745798111,-1.575952529907,50.209392547607
428454.033560400014,428453.978899167734,0.799745798111,-1.575952529907,50.209392547607
428454.038943500025,428453.995579734852,0.503726482391,-1.581400334835,50.639797210693
428454.042282500013,428453.995579734852,0.503726482391,-1.581400334835,50.639797210693
428454.046963799978,428453.995579734852,0.503726482391,-1.581400334835,50.639797210693
428454.051054599986,428453.995579734852,0.503726482391,-1.581400334835,50.639797210693
428454.055379699974,428454.012260301970,0.129703521729,-1.571217060089,50.541082382202
428454.058744399983,428454.012260301970,0.129703521729,-1.571217060089,50.541082382202
428454.063397000020,428454.012260301970,0.129703521729,-1.571217060089,50.541082382202
428454.067382499983,428454.012260301970,0.129703521729,-1.571217060089,50.541082382202
428454.070946499996,428454.028940869088,-0.299160957336,-1.557396531105,50.385667800903
428454.075422200025,428454.028940869088,-0.299160957336,-1.557396531105,50.385667800903
428454.080475400027,428454.028940869088,-0.299160957336,-1.557396531105,50.385667800903
428454.084900500020,428454.045621436206,-0.673064708710,-1.550286650658,50.230436325073
428454.088325500023,428454.045621436206,-0.673064708710,-1.550286650658,50.230436325073
428454.092003599973,428454.045621436206,-0.673064708710,-1.550286650658,50.230436325073
428454.096812999982,428454.045621436206,-0.673064708710,-1.550286650658,50.230436325073
428454.100792600017,428454.062302003324,-1.043206572533,-1.551756918430,50.250564575195
428454.104153099994,428454.062302003324,-1.043206572533,-1.551756918430,50.250564575195
428454.108840200002,428454.062302003324,-1.043206572533,-1.551756918430,50.250564575195
428454.113675999979,428454.062302003324,-1.043206572533,-1.551756918430,50.250564575195
428454.117048299988,428454.078982570441,-1.432431638241,-1.553104698658,50.202295303345
428454.122268299980,428454.078982570441,-1.432431638241,-1.553104698658,50.202295303345
428454.126366999990,428454.078982570441,-1.432431638241,-1.553104698658,50.202295303345
428454.130339400028,428454.078982570441,-1.432431638241,-1.553104698658,50.202295303345
428454.133930100012,428454.095663137559,-1.836409389973,-1.561225354671,49.995838165283
428454.138230299985,428454.095663137559,-1.836409389973,-1.561225354671,49.995838165283
428454.142323100008,428454.095663137559,-1.836409389973,-1.561225354671,49.995838165283
428454.146304199996,428454.095663137559,-1.836409389973,-1.561225354671,49.995838165283
428454.151432999992,428454.112343704677,-2.191796064377,-1.550066769123,50.147460937500
428454.155070299981,428454.112343704677,-2.191796064377,-1.550066769123,50.147460937500
428454.159149900021,428454.112343704677,-2.191796064377,-1.550066769123,50.147460937500
428454.163143299986,428454.112343704677,-2.191796064377,-1.550066769123,50.147460937500
428454.166514399985,428454.129024271795,-2.561864197254,-1.515059709549,50.029954910278
428454.170920900011,428454.129024271795,-2.561864197254,-1.515059709549,50.029954910278
428454.176089200017,428454.129024271795,-2.561864197254,-1.515059709549,50.029954910278
428454.180117100012,428454.129024271795,-2.561864197254,-1.515059709549,50.029954910278
428454.183838800003,428454.145704838913,-2.923232480884,-1.466780543327,50.027271270752
428454.188238999981,428454.145704838913,-2.923232480884,-1.466780543327,50.027271270752
428454.191842600005,428454.145704838913,-2.923232480884,-1.466780543327,50.027271270752
428454.197255100007,428454.162385406031,-3.273699389771,-1.430687904358,50.055372238159
428454.200670699996,428454.162385406031,-3.273699389771,-1.430687904358,50.055372238159
428454.204470400000,428454.162385406031,-3.273699389771,-1.430687904358,50.055372238159
428454.209126000002,428454.162385406031,-3.273699389771,-1.430687904358,50.055372238159
428454.212633999996,428454.179065973149,-3.642589852214,-1.401213705540,50.010868072510
428454.217844100029,428454.179065973149,-3.642589852214,-1.401213705540,50.010868072510
428454.221478399995,428454.179065973149,-3.642589852214,-1.401213705540,50.010868072510
428454.225040599995,428454.179065973149,-3.642589852214,-1.401213705540,50.010868072510
428454.230030799983,428454.179065973149,-3.642589852214,-1.401213705540,50.010868072510
428454.233488400001,428454.179065973149,-3.642589852214,-1.401213705540,50.010868072510
428454.237794400018,428454.179065973149,-3.642589852214,-1.401213705540,50.010868072510
428454.242780799977,428454.179065973149,-3.642589852214,-1.401213705540,50.010868072510
428454.246824699978,428454.195746540267,-3.995979070663,-1.365840137005,50.027767181396
428454.250960399979,428454.195746540267,-3.995979070663,-1.365840137005,50.027767181396
428454.254994000017,428454.195746540267,-3.995979070663,-1.365840137005,50.027767181396
428454.259007000015,428454.195746540267,-3.995979070663,-1.365840137005,50.027767181396
428454.262349200028,428454.212334375421,-4.327346980572,-1.370253860950,49.945507049561
428454.267195300024,428454.212334375421,-4.327346980572,-1.370253860950,49.945507049561
428454.271371599985,428454.212334375421,-4.327346980572,-1.370253860950,49.945507049561
428454.276493999991,428454.229007989401,-4.646749675274,-1.351596832275,49.983886718750
428454.280184399977,428454.229007989401,-4.646749675274,-1.351596832275,49.983886718750
428454.283670899982,428454.229007989401,-4.646749675274,-1.351596832275,49.983886718750
428454.288324999972,428454.229007989401,-4.646749675274,-1.351596832275,49.983886718750
428454.292287199991,428454.245681603381,-4.931437015533,-1.348968625069,49.938556671143
428454.297547399998,428454.245681603381,-4.931437015533,-1.348968625069,49.938556671143
428454.300073900027,428454.245681603381,-4.931437015533,-1.348968625069,49.938556671143
428454.305116700009,428454.245681603381,-4.931437015533,-1.348968625069,49.938556671143
428454.309094200027,428454.262355217361,-5.205714821815,-1.350095152855,50.077758789062
428454.312749799981,428454.262355217361,-5.205714821815,-1.350095152855,50.077758789062
428454.317076499981,428454.262355217361,-5.205714821815,-1.350095152855,50.077758789062
428454.322079300007,428454.262355217361,-5.205714821815,-1.350095152855,50.077758789062
428454.326427900000,428454.279028831341,-5.438328981400,-1.341865301132,49.838277816772
428454.329858799989,428454.279028831341,-5.438328981400,-1.341865301132,49.838277816772
428454.333823100023,428454.279028831341,-5.438328981400,-1.341865301132,49.838277816772
428454.338802099985,428454.279028831341,-5.438328981400,-1.341865301132,49.838277816772
428454.342139100016,428454.295702445321,-5.689007639885,-1.317246615887,49.887010574341
428454.347049799981,428454.295702445321,-5.689007639885,-1.317246615887,49.887010574341
428454.350706500001,428454.295702445321,-5.689007639885,-1.317246615887,49.887010574341
428454.354715999973,428454.295702445321,-5.689007639885,-1.317246615887,49.887010574341
428454.359440299973,428454.312376059301,-5.899521231651,-1.302188098431,49.867595672607
428454.363416099979,428454.312376059301,-5.899521231651,-1.302188098431,49.867595672607
428454.367049900000,428454.312376059301,-5.899521231651,-1.302188098431,49.867595672607
428454.372043000010,428454.312376059301,-5.899521231651,-1.302188098431,49.867595672607
428454.376160799991,428454.329049673281,-6.125258803368,-1.276910066605,49.830572128296
428454.379493699991,428454.329049673281,-6.125258803368,-1.276910066605,49.830572128296
428454.384684999997,428454.329049673281,-6.125258803368,-1.276910066605,49.830572128296
428454.389039099973,428454.345723287261,-6.283971071243,-1.254419863224,49.882200241089
428454.392718599993,428454.345723287261,-6.283971071243,-1.254419863224,49.882200241089
428454.396253300016,428454.345723287261,-6.283971071243,-1.254419863224,49.882200241089
428454.400861700007,428454.345723287261,-6.283971071243,-1.254419863224,49.882200241089
428454.405242700013,428454.362396901241,-6.439723372459,-1.237084865570,49.690298080444
428454.408909499994,428454.362396901241,-6.439723372459,-1.237084865570,49.690298080444
428454.414081999974,428454.362396901241,-6.439723372459,-1.237084865570,49.690298080444
428454.418149999983,428454.362396901241,-6.439723372459,-1.237084865570,49.690298080444
428454.422500799992,428454.379070515221,-6.586534857750,-1.216496706009,49.724746704102
428454.425262400007,428454.379070515221,-6.586534857750,-1.216496706009,49.724746704102
428454.430022999994,428454.379070515221,-6.586534857750,-1.216496706009,49.724746704102
428454.434100700018,428454.379070515221,-6.586534857750,-1.216496706009,49.724746704102
428454.438052400015,428454.395744129200,-6.730248332024,-1.201519548893,49.777475357056
428454.442696899991,428454.395744129200,-6.730248332024,-1.201519548893,49.777475357056
428454.446478999977,428454.395744129200,-6.730248332024,-1.201519548893,49.777475357056
428454.450480800006,428454.395744129200,-6.730248332024,-1.201519548893,49.777475357056
428454.454454999999,428454.412417743180,-6.828766584396,-1.223442375660,49.761327743530
428454.459781799989,428454.412417743180,-6.828766584396,-1.223442375660,49.761327743530
428454.463431100012,428454.412417743180,-6.828766584396,-1.223442375660,49.761327743530
428454.467413800012,428454.412417743180,-6.828766584396,-1.223442375660,49.761327743530
428454.470744099992,428454.429091357160,-6.904209494591,-1.215186119080,49.752504348755
428454.475396999973,428454.429091357160,-6.904209494591,-1.215186119080,49.752504348755
428454.480254299997,428454.429091357160,-6.904209494591,-1.215186119080,49.752504348755
428454.484274999995,428454.429091357160,-6.904209494591,-1.215186119080,49.752504348755
428454.488765800023,428454.445764971140,-6.980259299278,-1.221917212009,49.603279113770
428454.492447800003,428454.445764971140,-6.980259299278,-1.221917212009,49.603279113770
428454.496199399990,428454.445764971140,-6.980259299278,-1.221917212009,49.603279113770
428454.501546200016,428454.462438585120,-7.054454565048,-1.217865049839,49.637590408325
428454.505016800016,428454.462438585120,-7.054454565048,-1.217865049839,49.637590408325
428454.508589299978,428454.462438585120,-7.054454565048,-1.217865049839,49.637590408325
428454.513222999987,428454.462438585120,-7.054454565048,-1.217865049839,49.637590408325
428454.517561800021,428454.479112199100,-7.107284665108,-1.196099042892,49.665054321289
428454.521224999975,428454.479112199100,-7.107284665108,-1.196099042892,49.665054321289
428454.526370299980,428454.479112199100,-7.107284665108,-1.196099042892,49.665054321289
428454.530343300023,428454.479112199100,-7.107284665108,-1.196099042892,49.665054321289
428454.534598600003,428454.495785813080,-7.135865092278,-1.170854389668,49.688230514526
428454.538006199989,428454.495785813080,-7.135865092278,-1.170854389668,49.688230514526
428454.543065199978,428454.495785813080,-7.135865092278,-1.170854389668,49.688230514526
428454.547055399977,428454.495785813080,-7.135865092278,-1.170854389668,49.688230514526
428454.551434100023,428454.512459427060,-7.172435998917,-1.145292848349,49.463226318359
428454.554891699983,428454.512459427060,-7.172435998917,-1.145292848349,49.463226318359
428454.558701800008,428454.512459427060,-7.172435998917,-1.145292848349,49.463226318359
428454.563752799993,428454.512459427060,-7.172435998917,-1.145292848349,49.463226318359
428454.567844300007,428454.529133041040,-7.210888028145,-1.124412804842,49.744384765625
428454.572071500006,428454.529133041040,-7.210888028145,-1.124412804842,49.744384765625
428454.576106399996,428454.529133041040,-7.210888028145,-1.124412804842,49.744384765625
428454.580275500019,428454.545806655020,-7.218281149864,-1.114433556795,49.668376922607
428454.583669400017,428454.545806655020,-7.218281149864,-1.114433556795,49.668376922607
428454.588075899985,428454.545806655020,-7.218281149864,-1.114433556795,49.668376922607
428454.591733500012,428454.545806655020,-7.218281149864,-1.114433556795,49.668376922607
428454.597046700015,428454.562480269000,-7.237410902977,-1.115905493498,49.565031051636
428454.600469300000,428454.562480269000,-7.237410902977,-1.115905493498,49.565031051636
428454.605499199999,428454.562480269000,-7.237410902977,-1.115905493498,49.565031051636
428454.609468300012,428454.562480269000,-7.237410902977,-1.115905493498,49.565031051636
428454.612797899987,428454.579153882980,-7.248003840446,-1.120819449425,49.578098297119
428454.617795299971,428454.579153882980,-7.248003840446,-1.120819449425,49.578098297119
428454.622156199999,428454.579153882980,-7.248003840446,-1.120819449425,49.578098297119
428454.625560100016,428454.579153882980,-7.248003840446,-1.120819449425,49.578098297119
428454.629209799983,428454.579153882980,-7.248003840446,-1.120819449425,49.578098297119
428454.634817200014,428454.579153882980,-7.248003840446,-1.120819449425,49.578098297119
428454.637416900019,428454.579153882980,-7.248003840446,-1.120819449425,49.578098297119
428454.642444400000,428454.579153882980,-7.248003840446,-1.120819449425,49.578098297119
428454.645798899990,428454.595827496960,-7.204156160355,-1.152755379677,49.510990142822
428454.650425700005,428454.595827496960,-7.204156160355,-1.152755379677,49.510990142822
428454.655215899984,428454.595827496960,-7.204156160355,-1.152755379677,49.510990142822
428454.659240100009,428454.595827496960,-7.204156160355,-1.152755379677,49.510990142822
428454.663464599987,428454.612480667478,-7.219537734985,-1.142335236073,49.728315353394
428454.667458000011,428454.612480667478,-7.219537734985,-1.142335236073,49.728315353394
428454.671435599972,428454.612480667478,-7.219537734985,-1.142335236073,49.728315353394
428454.675427299982,428454.612480667478,-7.219537734985,-1.142335236073,49.728315353394
428454.680649999995,428454.629147334141,-7.184352517128,-1.133651018143,49.510181427002
428454.684483900026,428454.629147334141,-7.184352517128,-1.133651018143,49.510181427002
428454.688485399995,428454.629147334141,-7.184352517128,-1.133651018143,49.510181427002
428454.692458299978,428454.645814000804,-7.145695090294,-1.145725905895,49.609321594238
428454.696082899987,428454.645814000804,-7.145695090294,-1.145725905895,49.609321594238
428454.701040000014,428454.645814000804,-7.145695090294,-1.145725905895,49.609321594238
428454.704860700003,428454.645814000804,-7.145695090294,-1.145725905895,49.609321594238
428454.708851800009,428454.662480667466,-7.133594870567,-1.126213014126,49.565212249756
428454.713365499978,428454.662480667466,-7.133594870567,-1.126213014126,49.565212249756
428454.716836499982,428454.662480667466,-7.133594870567,-1.126213014126,49.565212249756
428454.721713699983,428454.662480667466,-7.133594870567,-1.126213014126,49.565212249756
428454.725095800008,428454.679147334129,-7.089422106743,-1.108347862959,49.413553237915
428454.730194900010,428454.679147334129,-7.089422106743,-1.108347862959,49.413553237915
428454.733652000024,428454.679147334129,-7.089422106743,-1.108347862959,49.413553237915
428454.738594399998,428454.679147334129,-7.089422106743,-1.108347862959,49.413553237915
428454.742132299987,428454.695814000792,-7.053552865982,-1.118691921234,49.511013031006
428454.746777900029,428454.695814000792,-7.053552865982,-1.118691921234,49.511013031006
428454.750864700007,428454.695814000792,-7.053552865982,-1.118691921234,49.511013031006
428454.754880999972,428454.695814000792,-7.053552865982,-1.118691921234,49.511013031006
428454.759226099995,428454.712480667455,-7.005359053612,-1.122455716133,49.452013015747
428454.762657899992,428454.712480667455,-7.005359053612,-1.122455716133,49.452013015747
428454.767656799988,428454.712480667455,-7.005359053612,-1.122455716133,49.452013015747
428454.771629699972,428454.712480667455,-7.005359053612,-1.122455716133,49.452013015747
428454.775065800000,428454.729147334117,-6.933011889458,-1.133905589581,49.469930648804
428454.779420199979,428454.729147334117,-6.933011889458,-1.133905589581,49.469930648804
428454.784535499988,428454.729147334117,-6.933011889458,-1.133905589581,49.469930648804
428454.788496099995,428454.729147334117,-6.933011889458,-1.133905589581,49.469930648804
428454.792827399971,428454.745814000780,-6.882333040237,-1.133667171001,49.642511367798
428454.796911899990,428454.745814000780,-6.882333040237,-1.133667171001,49.642511367798
428454.800892499974,428454.745814000780,-6.882333040237,-1.133667171001,49.642511367798
428454.804882499971,428454.762480667443,-6.816341042519,-1.151112794876,49.565649032593
428454.808871200017,428454.762480667443,-6.816341042519,-1.151112794876,49.565649032593
428454.813680700026,428454.762480667443,-6.816341042519,-1.151112794876,49.565649032593
428454.817703699984,428454.762480667443,-6.816341042519,-1.151112794876,49.565649032593
428454.822022299981,428454.779147334106,-6.725755214691,-1.170520544052,49.584466934204
428454.826002800022,428454.779147334106,-6.725755214691,-1.170520544052,49.584466934204
428454.830092100019,428454.779147334106,-6.725755214691,-1.170520544052,49.584466934204
428454.833567099995,428454.779147334106,-6.725755214691,-1.170520544052,49.584466934204
428454.838761200022,428454.795814000769,-6.635848164558,-1.174115657806,49.553373336792
428454.842159599997,428454.795814000769,-6.635848164558,-1.174115657806,49.553373336792
428454.846602400008,428454.795814000769,-6.635848164558,-1.174115657806,49.553373336792
428454.850584400003,428454.795814000769,-6.635848164558,-1.174115657806,49.553373336792
428454.854975300026,428454.812480667431,-6.541228652000,-1.180314004421,49.715393066406
428454.858644700027,428454.812480667431,-6.541228652000,-1.180314004421,49.715393066406
428454.863925400015,428454.812480667431,-6.541228652000,-1.180314004421,49.715393066406
428454.867879399972,428454.829147334094,-6.461031436920,-1.164592981339,49.468162536621
428454.871910099988,428454.829147334094,-6.461031436920,-1.164592981339,49.468162536621
428454.875284200010,428454.829147334094,-6.461031436920,-1.164592981339,49.468162536621
428454.879884900001,428454.829147334094,-6.461031436920,-1.164592981339,49.468162536621
428454.883893900027,428454.829147334094,-6.461031436920,-1.164592981339,49.468162536621
428454.888206599979,428454.845814000757,-6.412248373032,-1.154311537743,49.663206100464
428454.891614999971,428454.845814000757,-6.412248373032,-1.154311537743,49.663206100464
428454.896655499993,428454.845814000757,-6.412248373032,-1.154311537743,49.663206100464
428454.900810300023,428454.862480667420,-6.318823814392,-1.149461865425,49.702945709229
428454.905415999994,428454.862480667420,-6.318823814392,-1.149461865425,49.702945709229
428454.909020100022,428454.862480667420,-6.318823814392,-1.149461865425,49.702945709229
428454.912846199994,428454.862480667420,-6.318823814392,-1.149461865425,49.702945709229
428454.917012299993,428454.879147334083,-6.235377907753,-1.159454464912,49.684535980225
428454.921780599980,428454.879147334083,-6.235377907753,-1.159454464912,49.684535980225
428454.925147000002,428454.879147334083,-6.235377907753,-1.159454464912,49.684535980225
428454.930044699984,428454.879147334083,-6.235377907753,-1.159454464912,49.684535980225
428454.933957899979,428454.895814000745,-6.146750688553,-1.171566665173,49.622165679932
428454.938266100013,428454.895814000745,-6.146750688553,-1.171566665173,49.622165679932
428454.942380700028,428454.895814000745,-6.146750688553,-1.171566665173,49.622165679932
428454.946361300012,428454.895814000745,-6.146750688553,-1.171566665173,49.622165679932
428454.950674300024,428454.912480667408,-6.057204604149,-1.187475621700,49.527029037476
428454.954673199973,428454.912480667408,-6.057204604149,-1.187475621700,49.527029037476
428454.958742299990,428454.912480667408,-6.057204604149,-1.187475621700,49.527029037476
428454.962722000026,428454.912480667408,-6.057204604149,-1.187475621700,49.527029037476
428454.967074399989,428454.929147334071,-5.965067028999,-1.183486342430,49.599451065063
428454.971760199987,428454.929147334071,-5.965067028999,-1.183486342430,49.599451065063
428454.975583699998,428454.929147334071,-5.965067028999,-1.183486342430,49.599451065063
428454.979580799991,428454.929147334071,-5.965067028999,-1.183486342430,49.599451065063
428454.984801599989,428454.945814000734,-5.856295108795,-1.193645358086,49.654191970825
428454.988406200020,428454.945814000734,-5.856295108795,-1.193645358086,49.654191970825
428454.992049099994,428454.945814000734,-5.856295108795,-1.193645358086,49.654191970825
428454.997423399996,428454.962480667396,-5.781027197838,-1.179533421993,49.771697998047
428455.000368100009,428454.962480667396,-5.781027197838,-1.179533421993,49.771697998047
428455.004827100027,428454.962480667396,-5.781027197838,-1.179533421993,49.771697998047
428455.008212400018,428454.962480667396,-5.781027197838,-1.179533421993,49.771697998047
428455.013617900026,428454.962480667396,-5.781027197838,-1.179533421993,49.771697998047
428455.017345500004,428454.962480667396,-5.781027197838,-1.179533421993,49.771697998047
428455.020925400022,428454.962480667396,-5.781027197838,-1.179533421993,49.771697998047
428455.025652099983,428454.962480667396,-5.781027197838,-1.179533421993,49.771697998047
428455.029763499973,428454.979147334059,-5.695302486420,-1.155291378498,49.700185775757
428455.033219099976,428454.979147334059,-5.695302486420,-1.155291378498,49.700185775757
428455.038075899996,428454.979147334059,-5.695302486420,-1.155291378498,49.700185775757
428455.042038100015,428454.979147334059,-5.695302486420,-1.155291378498,49.700185775757
428455.047043300001,428454.996402000135,-5.616843104362,-1.139971554279,49.754564285278
428455.051029799972,428454.996402000135,-5.616843104362,-1.139971554279,49.754564285278
428455.055019400024,428454.996402000135,-5.616843104362,-1.139971554279,49.754564285278
428455.059014900005,428454.996402000135,-5.616843104362,-1.139971554279,49.754564285278
428455.063328500022,428455.013075614115,-5.533463358879,-1.118769466877,49.844701766968
428455.066636200005,428455.013075614115,-5.533463358879,-1.118769466877,49.844701766968
428455.071085100004,428455.013075614115,-5.533463358879,-1.118769466877,49.844701766968
428455.076086100016,428455.029749228095,-5.442849397659,-1.104517221451,49.918022155762
428455.080127299996,428455.029749228095,-5.442849397659,-1.104517221451,49.918022155762
428455.083490199992,428455.029749228095,-5.442849397659,-1.104517221451,49.918022155762
428455.088611399988,428455.029749228095,-5.442849397659,-1.104517221451,49.918022155762
428455.092899599986,428455.046422842075,-5.378662943840,-1.097821295261,49.753961563110
428455.096900200006,428455.046422842075,-5.378662943840,-1.097821295261,49.753961563110
428455.100950199994,428455.046422842075,-5.378662943840,-1.097821295261,49.753961563110
428455.104891300027,428455.046422842075,-5.378662943840,-1.097821295261,49.753961563110
428455.108918400016,428455.063096456055,-5.283004224300,-1.120818614960,50.007291793823
428455.112237899972,428455.063096456055,-5.283004224300,-1.120818614960,50.007291793823
428455.116778500029,428455.063096456055,-5.283004224300,-1.120818614960,50.007291793823
428455.121415200003,428455.063096456055,-5.283004224300,-1.120818614960,50.007291793823
428455.125789800019,428455.079770070035,-5.201668679714,-1.130857288837,49.915903091431
428455.129475899972,428455.079770070035,-5.201668679714,-1.130857288837,49.915903091431
428455.134520600026,428455.079770070035,-5.201668679714,-1.130857288837,49.915903091431
428455.138548600022,428455.079770070035,-5.201668679714,-1.130857288837,49.915903091431
428455.141928799974,428455.096443684015,-5.149982094765,-1.134920537472,49.819780349731
428455.147198099992,428455.096443684015,-5.149982094765,-1.134920537472,49.819780349731
428455.150871200021,428455.096443684015,-5.149982094765,-1.134920537472,49.819780349731
428455.154814600013,428455.096443684015,-5.149982094765,-1.134920537472,49.819780349731
428455.158172400028,428455.113117297995,-5.077682614326,-1.132908821106,49.872909545898
428455.163367100002,428455.113117297995,-5.077682614326,-1.132908821106,49.872909545898
428455.167461099976,428455.113117297995,-5.077682614326,-1.132908821106,49.872909545898
428455.171449200017,428455.113117297995,-5.077682614326,-1.132908821106,49.872909545898
428455.174833700003,428455.129790911975,-5.016196906567,-1.133561372757,49.809242248535
428455.179339999973,428455.129790911975,-5.016196906567,-1.133561372757,49.809242248535
428455.184385799977,428455.129790911975,-5.016196906567,-1.133561372757,49.809242248535
428455.188474699971,428455.146464525955,-4.963881671429,-1.121327221394,50.001434326172
428455.191942200006,428455.146464525955,-4.963881671429,-1.121327221394,50.001434326172
428455.196962799993,428455.146464525955,-4.963881671429,-1.121327221394,50.001434326172
428455.200634200010,428455.146464525955,-4.963881671429,-1.121327221394,50.001434326172
428455.204561999999,428455.146464525955,-4.963881671429,-1.121327221394,50.001434326172
428455.209909599973,428455.163138139935,-4.899805724621,-1.100463271141,50.011804580688
428455.212304799992,428455.163138139935,-4.899805724621,-1.100463271141,50.011804580688
428455.216963200015,428455.163138139935,-4.899805724621,-1.100463271141,50.011804580688
428455.221554399992,428455.179811753915,-4.866787612438,-1.095887184143,49.881254196167
428455.225222799985,428455.179811753915,-4.866787612438,-1.095887184143,49.881254196167
428455.229850800009,428455.179811753915,-4.866787612438,-1.095887184143,49.881254196167
428455.233795000007,428455.179811753915,-4.866787612438,-1.095887184143,49.881254196167
428455.237215799978,428455.196485367895,-4.795599102974,-1.087996780872,50.026920318604
428455.241678300023,428455.196485367895,-4.795599102974,-1.087996780872,50.026920318604
428455.246861700027,428455.196485367895,-4.795599102974,-1.087996780872,50.026920318604
428455.250851600023,428455.196485367895,-4.795599102974,-1.087996780872,50.026920318604
428455.254408099980,428455.213158981875,-4.763059377670,-1.090861797333,50.150173187256
428455.258832000021,428455.213158981875,-4.763059377670,-1.090861797333,50.150173187256
428455.262928200013,428455.213158981875,-4.763059377670,-1.090861797333,50.150173187256
428455.267998300027,428455.229832595855,-4.727246999741,-1.107771515846,50.004785537720
428455.271620900021,428455.229832595855,-4.727246999741,-1.107771515846,50.004785537720
428455.275191899971,428455.229832595855,-4.727246999741,-1.107771515846,50.004785537720
428455.279830200016,428455.229832595855,-4.727246999741,-1.107771515846,50.004785537720
428455.283798200020,428455.229832595855,-4.727246999741,-1.107771515846,50.004785537720
428455.287792599993,428455.246506209834,-4.686017334461,-1.122400283813,50.098930358887
428455.292635900027,428455.246506209834,-4.686017334461,-1.122400283813,50.098930358887
428455.296269099985,428455.246506209834,-4.686017334461,-1.122400283813,50.098930358887
428455.300276299997,428455.263179823814,-4.637727677822,-1.138215005398,50.074119567871
428455.304803000006,428455.263179823814,-4.637727677822,-1.138215005398,50.074119567871
428455.308923600009,428455.263179823814,-4.637727677822,-1.138215005398,50.074119567871
428455.312830200011,428455.263179823814,-4.637727677822,-1.138215005398,50.074119567871
428455.317153599986,428455.279853437794,-4.644768655300,-1.158055126667,50.051145553589
428455.320586299989,428455.279853437794,-4.644768655300,-1.158055126667,50.051145553589
428455.324949699978,428455.279853437794,-4.644768655300,-1.158055126667,50.051145553589
428455.329689899983,428455.279853437794,-4.644768655300,-1.158055126667,50.051145553589
428455.333960600023,428455.296527051774,-4.622030794621,-1.157643914223,50.025024414062
428455.337494199979,428455.296527051774,-4.622030794621,-1.157643914223,50.025024414062
428455.342537400022,428455.296527051774,-4.622030794621,-1.157643914223,50.025024414062
428455.346521599975,428455.296527051774,-4.622030794621,-1.157643914223,50.025024414062
428455.351024099975,428455.313200665754,-4.615812659264,-1.168879032135,50.132228851318
428455.354852900025,428455.313200665754,-4.615812659264,-1.168879032135,50.132228851318
428455.358874699974,428455.313200665754,-4.615812659264,-1.168879032135,50.132228851318
428455.362914900004,428455.313200665754,-4.615812659264,-1.168879032135,50.132228851318
428455.367641100020,428455.329874279734,-4.601300358772,-1.154303193092,50.173290252686
428455.371345099993,428455.329874279734,-4.601300358772,-1.154303193092,50.173290252686
428455.375388699991,428455.329874279734,-4.601300358772,-1.154303193092,50.173290252686
428455.380341699987,428455.346547893714,-4.586583554745,-1.144574701786,50.227811813354
428455.383751999994,428455.346547893714,-4.586583554745,-1.144574701786,50.227811813354
428455.387377500010,428455.346547893714,-4.586583554745,-1.144574701786,50.227811813354
428455.392360500002,428455.346547893714,-4.586583554745,-1.144574701786,50.227811813354
428455.396333899989,428455.363221507694,-4.569921135902,-1.137450277805,49.955940246582
428455.400541600015,428455.363221507694,-4.569921135902,-1.137450277805,49.955940246582
428455.404096600018,428455.363221507694,-4.569921135902,-1.137450277805,49.955940246582
428455.408485700027,428455.363221507694,-4.569921135902,-1.137450277805,49.955940246582
428455.413171200023,428455.363221507694,-4.569921135902,-1.137450277805,49.955940246582
428455.417150299996,428455.363221507694,-4.569921135902,-1.137450277805,49.955940246582
428455.420594000025,428455.363221507694,-4.569921135902,-1.137450277805,49.955940246582
428455.425429600000,428455.363221507694,-4.569921135902,-1.137450277805,49.955940246582
428455.429609599989,428455.379895121674,-4.570180833340,-1.126783132553,50.112556457520
428455.435130700003,428455.379895121674,-4.570180833340,-1.126783132553,50.112556457520
428455.438194099988,428455.379895121674,-4.570180833340,-1.126783132553,50.112556457520
428455.442150700022,428455.379895121674,-4.570180833340,-1.126783132553,50.112556457520
428455.445620100014,428455.396371661569,-4.539519846439,-1.150119125843,50.241416931152
428455.450271699985,428455.396371661569,-4.539519846439,-1.150119125843,50.241416931152
428455.455515899986,428455.396371661569,-4.539519846439,-1.150119125843,50.241416931152
428455.458446900011,428455.396371661569,-4.539519846439,-1.150119125843,50.241416931152
428455.463700300024,428455.413038328232,-4.567817986012,-1.148893356323,49.964181900024
428455.467338800023,428455.413038328232,-4.567817986012,-1.148893356323,49.964181900024
428455.471413300023,428455.413038328232,-4.567817986012,-1.148893356323,49.964181900024
428455.475373200024,428455.413038328232,-4.567817986012,-1.148893356323,49.964181900024
428455.479726499994,428455.429704994895,-4.556224524975,-1.167320787907,49.947154998779
428455.483719100012,428455.429704994895,-4.556224524975,-1.167320787907,49.947154998779
428455.488379199989,428455.429704994895,-4.556224524975,-1.167320787907,49.947154998779
428455.492365600017,428455.446371661557,-4.548965752125,-1.174848735332,50.204216003418
428455.496802199981,428455.446371661557,-4.548965752125,-1.174848735332,50.204216003418
428455.500408000022,428455.446371661557,-4.548965752125,-1.174848735332,50.204216003418
428455.504420500016,428455.446371661557,-4.548965752125,-1.174848735332,50.204216003418
428455.509355299990,428455.463038328220,-4.563341319561,-1.168028593063,49.955963134766
428455.513502300018,428455.463038328220,-4.563341319561,-1.168028593063,49.955963134766
428455.517572199984,428455.463038328220,-4.563341319561,-1.168028593063,49.955963134766
428455.521606500028,428455.463038328220,-4.563341319561,-1.168028593063,49.955963134766
428455.525934199977,428455.479704994883,-4.544294118881,-1.174661457539,50.051826477051
428455.529412899981,428455.479704994883,-4.544294118881,-1.174661457539,50.051826477051
428455.535092999984,428455.479704994883,-4.544294118881,-1.174661457539,50.051826477051
428455.538034300029,428455.479704994883,-4.544294118881,-1.174661457539,50.051826477051
428455.541382500029,428455.496371661546,-4.570959985256,-1.176298797131,50.108955383301
428455.546065000002,428455.496371661546,-4.570959985256,-1.176298797131,50.108955383301
428455.550912200008,428455.496371661546,-4.570959985256,-1.176298797131,50.108955383301
428455.554859899974,428455.496371661546,-4.570959985256,-1.176298797131,50.108955383301
428455.558455799997,428455.513038328208,-4.590096175671,-1.161620795727,49.939535140991
428455.563669099996,428455.513038328208,-4.590096175671,-1.161620795727,49.939535140991
428455.567314799991,428455.513038328208,-4.590096175671,-1.161620795727,49.939535140991
428455.571300200012,428455.513038328208,-4.590096175671,-1.161620795727,49.939535140991
428455.574725200015,428455.529704994871,-4.595622777939,-1.161472141743,50.128324508667
428455.579626300023,428455.529704994871,-4.595622777939,-1.161472141743,50.128324508667
428455.583283499989,428455.529704994871,-4.595622777939,-1.161472141743,50.128324508667
428455.588227699976,428455.546371661534,-4.614971041679,-1.165734052658,49.994211196899
428455.592422000016,428455.546371661534,-4.614971041679,-1.165734052658,49.994211196899
428455.595833199972,428455.546371661534,-4.614971041679,-1.165734052658,49.994211196899
428455.600848899980,428455.546371661534,-4.614971041679,-1.165734052658,49.994211196899
428455.605009799998,428455.563038328197,-4.622700035572,-1.163461506367,49.945190429688
428455.609246400010,428455.563038328197,-4.622700035572,-1.163461506367,49.945190429688
428455.612607299990,428455.563038328197,-4.622700035572,-1.163461506367,49.945190429688
428455.617592099996,428455.563038328197,-4.622700035572,-1.163461506367,49.945190429688
428455.621581899992,428455.579704994860,-4.608174026012,-1.176664590836,50.070869445801
428455.625257599982,428455.579704994860,-4.608174026012,-1.176664590836,50.070869445801
428455.629822899995,428455.579704994860,-4.608174026012,-1.176664590836,50.070869445801
428455.633803099976,428455.579704994860,-4.608174026012,-1.176664590836,50.070869445801
428455.637328599987,428455.596371661522,-4.617697775364,-1.168018102646,50.006113052368
428455.642563199974,428455.596371661522,-4.617697775364,-1.168018102646,50.006113052368
428455.646635600016,428455.596371661522,-4.617697775364,-1.168018102646,50.006113052368
428455.650574000028,428455.596371661522,-4.617697775364,-1.168018102646,50.006113052368
428455.654184599989,428455.613038328185,-4.652745842934,-1.170706152916,50.055078506470
428455.658570799977,428455.613038328185,-4.652745842934,-1.170706152916,50.055078506470
428455.663023100002,428455.613038328185,-4.652745842934,-1.170706152916,50.055078506470
428455.667031200021,428455.613038328185,-4.652745842934,-1.170706152916,50.055078506470
428455.671720899991,428455.629704994848,-4.658227562904,-1.180541276932,49.965820312500
428455.675157000020,428455.629704994848,-4.658227562904,-1.180541276932,49.965820312500
428455.679850100016,428455.629704994848,-4.658227562904,-1.180541276932,49.965820312500
428455.683805599983,428455.629704994848,-4.658227562904,-1.180541276932,49.965820312500
428455.687294000003,428455.646371661511,-4.650489926338,-1.173853337765,49.997932434082
428455.692433700024,428455.646371661511,-4.650489926338,-1.173853337765,49.997932434082
428455.696037499991,428455.646371661511,-4.650489926338,-1.173853337765,49.997932434082
428455.701028099982,428455.663038328174,-4.650211751461,-1.177122950554,50.032146453857
428455.705401299987,428455.663038328174,-4.650211751461,-1.177122950554,50.032146453857
428455.708826799993,428455.663038328174,-4.650211751461,-1.177122950554,50.032146453857
428455.712469500024,428455.663038328174,-4.650211751461,-1.177122950554,50.032146453857
428455.717553899973,428455.679704994836,-4.689634323120,-1.149545192719,49.861843109131
428455.721228400012,428455.679704994836,-4.689634323120,-1.149545192719,49.861843109131
428455.724872399995,428455.679704994836,-4.689634323120,-1.149545192719,49.861843109131
428455.729664599989,428455.679704994836,-4.689634323120,-1.149545192719,49.861843109131
428455.733148999978,428455.696371661499,-4.666984498501,-1.149984657764,49.975742340088
428455.737988399982,428455.696371661499,-4.666984498501,-1.149984657764,49.975742340088
428455.742135800014,428455.696371661499,-4.666984498501,-1.149984657764,49.975742340088
428455.746102600009,428455.696371661499,-4.666984498501,-1.149984657764,49.975742340088
428455.751438700012,428455.713038328162,-4.674875736237,-1.165535748005,50.018112182617
428455.753829099995,428455.713038328162,-4.674875736237,-1.165535748005,50.018112182617
428455.758917599975,428455.713038328162,-4.674875736237,-1.165535748005,50.018112182617
428455.762864399992,428455.713038328162,-4.674875736237,-1.165535748005,50.018112182617
428455.767303999979,428455.729704994825,-4.683911502361,-1.168504714966,49.889205932617
428455.770714699989,428455.729704994825,-4.683911502361,-1.168504714966,49.889205932617
428455.775783399993,428455.729704994825,-4.683911502361,-1.168504714966,49.889205932617
428455.779782900005,428455.729704994825,-4.683911502361,-1.168504714966,49.889205932617
428455.783430400013,428455.746371661488,-4.691574752331,-1.176351964474,49.939050674438
428455.787987100019,428455.746371661488,-4.691574752331,-1.176351964474,49.939050674438
428455.791716600012,428455.746371661488,-4.691574752331,-1.176351964474,49.939050674438
428455.796548000013,428455.746371661488,-4.691574752331,-1.176351964474,49.939050674438
428455.800160099985,428455.746371661488,-4.691574752331,-1.176351964474,49.939050674438
428455.804995700018,428455.746371661488,-4.691574752331,-1.176351964474,49.939050674438
428455.808807099995,428455.746371661488,-4.691574752331,-1.176351964474,49.939050674438
428455.812647300016,428455.746371661488,-4.691574752331,-1.176351964474,49.939050674438
428455.816661000019,428455.763038328150,-4.677430570126,-1.213565528393,49.948034286499
428455.821744900022,428455.763038328150,-4.677430570126,-1.213565528393,49.948034286499
428455.825779300008,428455.763038328150,-4.677430570126,-1.213565528393,49.948034286499
428455.830118099984,428455.780410285806,-4.697807848454,-1.288791418076,49.938533782959
428455.834317400004,428455.780410285806,-4.697807848454,-1.288791418076,49.938533782959
428455.838212499977,428455.780410285806,-4.697807848454,-1.288791418076,49.938533782959
428455.842142499983,428455.780410285806,-4.697807848454,-1.288791418076,49.938533782959
428455.846512000018,428455.797083899786,-4.693503677845,-1.323912203312,49.882478713989
428455.849931699981,428455.797083899786,-4.693503677845,-1.323912203312,49.882478713989
428455.855028700025,428455.797083899786,-4.693503677845,-1.323912203312,49.882478713989
428455.858980100020,428455.797083899786,-4.693503677845,-1.323912203312,49.882478713989
428455.862336200022,428455.813757513766,-4.656562089920,-1.391790866852,49.944913864136
428455.867371500004,428455.813757513766,-4.656562089920,-1.391790866852,49.944913864136
428455.870981600019,428455.813757513766,-4.656562089920,-1.391790866852,49.944913864136
428455.875999099982,428455.813757513766,-4.656562089920,-1.391790866852,49.944913864136
428455.879666000023,428455.830431127746,-4.646674096584,-1.416680991650,50.073541641235
428455.883872799983,428455.830431127746,-4.646674096584,-1.416680991650,50.073541641235
428455.887529900006,428455.830431127746,-4.646674096584,-1.416680991650,50.073541641235
428455.892553000012,428455.847104741726,-4.653086721897,-1.438086569309,49.895021438599
428455.896215400018,428455.847104741726,-4.653086721897,-1.438086569309,49.895021438599
428455.900343100016,428455.847104741726,-4.653086721897,-1.438086569309,49.895021438599
428455.904983900022,428455.847104741726,-4.653086721897,-1.438086569309,49.895021438599
428455.908957600011,428455.863778355706,-4.644737005234,-1.441603779793,49.946317672729
428455.912572300003,428455.863778355706,-4.644737005234,-1.441603779793,49.946317672729
428455.917291300022,428455.863778355706,-4.644737005234,-1.441603779793,49.946317672729
428455.921234500012,428455.863778355706,-4.644737005234,-1.441603779793,49.946317672729
428455.925260199991,428455.863778355706,-4.644737005234,-1.441603779793,49.946317672729
428455.930252299993,428455.880451969686,-4.620400846004,-1.434136867523,49.988430023193
428455.934316599974,428455.880451969686,-4.620400846004,-1.434136867523,49.988430023193
428455.937835499994,428455.880451969686,-4.620400846004,-1.434136867523,49.988430023193
428455.942172300012,428455.897125583666,-4.618584692478,-1.461450457573,50.184085845947
428455.945532399986,428455.897125583666,-4.618584692478,-1.461450457573,50.184085845947
428455.950594199996,428455.897125583666,-4.618584692478,-1.461450457573,50.184085845947
428455.954590499983,428455.897125583666,-4.618584692478,-1.461450457573,50.184085845947
428455.957989300019,428455.913799197646,-4.595602452755,-1.476295351982,49.968412399292
428455.962386499974,428455.913799197646,-4.595602452755,-1.476295351982,49.968412399292
428455.967441399989,428455.913799197646,-4.595602452755,-1.476295351982,49.968412399292
428455.971423299983,428455.913799197646,-4.595602452755,-1.476295351982,49.968412399292
428455.974797400006,428455.930472811626,-4.577171266079,-1.494392633438,50.120538711548
428455.979475400003,428455.930472811626,-4.577171266079,-1.494392633438,50.120538711548
428455.984293600020,428455.930472811626,-4.577171266079,-1.494392633438,50.120538711548
428455.988258099998,428455.947146425606,-4.582180976868,-1.486513197422,50.034261703491
428455.992007899971,428455.947146425606,-4.582180976868,-1.486513197422,50.034261703491
428455.996418400027,428455.947146425606,-4.582180976868,-1.486513197422,50.034261703491
428456.000073899981,428455.947146425606,-4.582180976868,-1.486513197422,50.034261703491
428456.005439699977,428455.963820039586,-4.587279736996,-1.499758839607,49.930904388428
428456.008832800027,428455.963820039586,-4.587279736996,-1.499758839607,49.930904388428
428456.012479999976,428455.963820039586,-4.587279736996,-1.499758839607,49.930904388428
428456.017260399996,428455.963820039586,-4.587279736996,-1.499758839607,49.930904388428
428456.021217599977,428455.980493653566,-4.561590373516,-1.499739348888,50.060213088989
428456.025589499972,428455.980493653566,-4.561590373516,-1.499739348888,50.060213088989
428456.028923199978,428455.980493653566,-4.561590373516,-1.499739348888,50.060213088989
428456.033677799976,428455.980493653566,-4.561590373516,-1.499739348888,50.060213088989
428456.038606600021,428455.997167267546,-4.584036767483,-1.493816912174,50.090135574341
428456.042594200000,428455.997167267546,-4.584036767483,-1.493816912174,50.090135574341
428456.046072800003,428455.997167267546,-4.584036767483,-1.493816912174,50.090135574341
428456.051057600009,428455.997167267546,-4.584036767483,-1.493816912174,50.090135574341
428456.055385100015,428456.013840881526,-4.554589331150,-1.488832771778,50.112651824951
428456.058842499973,428456.013840881526,-4.554589331150,-1.488832771778,50.112651824951
428456.063002699986,428456.013840881526,-4.554589331150,-1.488832771778,50.112651824951
428456.066978699993,428456.013840881526,-4.554589331150,-1.488832771778,50.112651824951
428456.072354200005,428456.030514495505,-4.555971324444,-1.502702057362,50.104362487793
428456.074752899993,428456.030514495505,-4.555971324444,-1.502702057362,50.104362487793
428456.079371400003,428456.030514495505,-4.555971324444,-1.502702057362,50.104362487793
428456.084552699991,428456.047188109485,-4.508876025677,-1.506135761738,50.131772994995
428456.088183399988,428456.047188109485,-4.508876025677,-1.506135761738,50.131772994995
428456.092019399977,428456.047188109485,-4.508876025677,-1.506135761738,50.131772994995
428456.096027499996,428456.047188109485,-4.508876025677,-1.506135761738,50.131772994995
428456.101019700000,428456.063861723465,-4.501522421837,-1.534252583981,50.127763748169
428456.105362800008,428456.063861723465,-4.501522421837,-1.534252583981,50.127763748169
428456.108881999971,428456.063861723465,-4.501522421837,-1.534252583981,50.127763748169
428456.112783199991,428456.063861723465,-4.501522421837,-1.534252583981,50.127763748169
428456.117271700001,428456.080535337445,-4.483446776867,-1.537570118904,50.027612686157
428456.121814100014,428456.080535337445,-4.483446776867,-1.537570118904,50.027612686157
428456.125753599976,428456.080535337445,-4.483446776867,-1.537570118904,50.027612686157
428456.129750300024,428456.080535337445,-4.483446776867,-1.537570118904,50.027612686157
428456.133703799977,428456.080535337445,-4.483446776867,-1.537570118904,50.027612686157
428456.137310100021,428456.097208951425,-4.485162138939,-1.537697851658,50.040330886841
428456.142302999971,428456.097208951425,-4.485162138939,-1.537697851658,50.040330886841
428456.146287399984,428456.097208951425,-4.485162138939,-1.537697851658,50.040330886841
428456.150285399985,428456.113882565405,-4.473685085773,-1.544754207134,50.215606689453
428456.154636799998,428456.113882565405,-4.473685085773,-1.544754207134,50.215606689453
428456.158834000002,428456.113882565405,-4.473685085773,-1.544754207134,50.215606689453
428456.162866699975,428456.113882565405,-4.473685085773,-1.544754207134,50.215606689453
428456.166507199989,428456.130556179385,-4.446951270103,-1.536856830120,50.256330490112
428456.171734699979,428456.130556179385,-4.446951270103,-1.536856830120,50.256330490112
428456.175766900007,428456.130556179385,-4.446951270103,-1.536856830120,50.256330490112
428456.179767700029,428456.130556179385,-4.446951270103,-1.536856830120,50.256330490112
428456.184128499997,428456.147229793365,-4.447567760944,-1.514115035534,50.163858413696
428456.187806800008,428456.147229793365,-4.447567760944,-1.514115035534,50.163858413696
428456.192339200003,428456.147229793365,-4.447567760944,-1.514115035534,50.163858413696
428456.195918300014,428456.147229793365,-4.447567760944,-1.514115035534,50.163858413696
428456.200282900012,428456.147229793365,-4.447567760944,-1.514115035534,50.163858413696
428456.204966699996,428456.147229793365,-4.447567760944,-1.514115035534,50.163858413696
428456.208781299996,428456.147229793365,-4.447567760944,-1.514115035534,50.163858413696
428456.212957900017,428456.163903407345,-4.411032855511,-1.476645231247,50.179939270020
428456.216369099973,428456.163903407345,-4.411032855511,-1.476645231247,50.179939270020
428456.221612100024,428456.163903407345,-4.411032855511,-1.476645231247,50.179939270020
428456.225592600007,428456.163903407345,-4.411032855511,-1.476645231247,50.179939270020
428456.229574300000,428456.180579323031,-4.392371594906,-1.473300874233,50.114362716675
428456.233661699982,428456.180579323031,-4.392371594906,-1.473300874233,50.114362716675
428456.238379499991,428456.180579323031,-4.392371594906,-1.473300874233,50.114362716675
428456.242361899989,428456.180579323031,-4.392371594906,-1.473300874233,50.114362716675
428456.246720099996,428456.197252937010,-4.396256446838,-1.500409722328,50.163410186768
428456.251117700012,428456.197252937010,-4.396256446838,-1.500409722328,50.163410186768
428456.254509999999,428456.197252937010,-4.396256446838,-1.500409722328,50.163410186768
428456.258540700015,428456.197252937010,-4.396256446838,-1.500409722328,50.163410186768
428456.263141600008,428456.213926550990,-4.372117638588,-1.507393300533,50.052421569824
428456.266566200007,428456.213926550990,-4.372117638588,-1.507393300533,50.052421569824
428456.271660999977,428456.213926550990,-4.372117638588,-1.507393300533,50.052421569824
428456.275634900026,428456.213926550990,-4.372117638588,-1.507393300533,50.052421569824
428456.278985299985,428456.230600164970,-4.343589067459,-1.525160312653,50.124050140381
428456.283448699978,428456.230600164970,-4.343589067459,-1.525160312653,50.124050140381
428456.288470699976,428456.230600164970,-4.343589067459,-1.525160312653,50.124050140381
428456.292652099975,428456.247273778950,-4.310338675976,-1.536523759365,50.101133346558
428456.296319800022,428456.247273778950,-4.310338675976,-1.536523759365,50.101133346558
428456.299841500004,428456.247273778950,-4.310338675976,-1.536523759365,50.101133346558
428456.304495699995,428456.247273778950,-4.310338675976,-1.536523759365,50.101133346558
428456.308473900019,428456.263947392930,-4.260800540447,-1.514178991318,50.110115051270
428456.312906200008,428456.263947392930,-4.260800540447,-1.514178991318,50.110115051270
428456.316569300019,428456.263947392930,-4.260800540447,-1.514178991318,50.110115051270
428456.321222300001,428456.263947392930,-4.260800540447,-1.514178991318,50.110115051270
428456.324667199980,428456.280621006910,-4.235473453999,-1.522627413273,50.265899658203
428456.329660099989,428456.280621006910,-4.235473453999,-1.522627413273,50.265899658203
428456.333642899990,428456.280621006910,-4.235473453999,-1.522627413273,50.265899658203
428456.338094800012,428456.280621006910,-4.235473453999,-1.522627413273,50.265899658203
428456.341483400029,428456.297294620890,-4.212862551212,-1.486789464951,50.115135192871
428456.345884700015,428456.297294620890,-4.212862551212,-1.486789464951,50.115135192871
428456.350613499992,428456.297294620890,-4.212862551212,-1.486789464951,50.115135192871
428456.354788500001,428456.297294620890,-4.212862551212,-1.486789464951,50.115135192871
428456.358866899973,428456.313968234870,-4.187087863684,-1.477333247662,50.306581497192
428456.362505000026,428456.313968234870,-4.187087863684,-1.477333247662,50.306581497192
428456.367694800021,428456.313968234870,-4.187087863684,-1.477333247662,50.306581497192
428456.371756399982,428456.313968234870,-4.187087863684,-1.477333247662,50.306581497192
428456.375084400002,428456.330641848850,-4.129714727402,-1.452936053276,50.150644302368
428456.379765500023,428456.330641848850,-4.129714727402,-1.452936053276,50.150644302368
428456.383622399997,428456.330641848850,-4.129714727402,-1.452936053276,50.150644302368
428456.387592700019,428456.330641848850,-4.129714727402,-1.452936053276,50.150644302368
428456.391958500026,428456.347315462830,-4.133180528879,-1.457334458828,50.157960891724
428456.395587300009,428456.347315462830,-4.133180528879,-1.457334458828,50.157960891724
428456.400389900024,428456.347315462830,-4.133180528879,-1.457334458828,50.157960891724
428456.404527999985,428456.363989076810,-4.129511684179,-1.460879504681,50.287614822388
428456.408680699999,428456.363989076810,-4.129511684179,-1.460879504681,50.287614822388
428456.412112099992,428456.363989076810,-4.129511684179,-1.460879504681,50.287614822388
428456.416795200028,428456.363989076810,-4.129511684179,-1.460879504681,50.287614822388
428456.422496900021,428456.380662690790,-4.113850742579,-1.479014277458,50.123479843140
428456.424890699971,428456.380662690790,-4.113850742579,-1.479014277458,50.123479843140
428456.429362699972,428456.380662690790,-4.113850742579,-1.479014277458,50.123479843140
428456.434315500024,428456.380662690790,-4.113850742579,-1.479014277458,50.123479843140
428456.437894399976,428456.397336304770,-4.101759105921,-1.498659491539,50.311779022217
428456.441305499990,428456.397336304770,-4.101759105921,-1.498659491539,50.311779022217
428456.445945199986,428456.397336304770,-4.101759105921,-1.498659491539,50.311779022217
428456.450952099985,428456.397336304770,-4.101759105921,-1.498659491539,50.311779022217
428456.455256699992,428456.414009918750,-4.101089626551,-1.496364593506,50.226518630981
428456.458735699998,428456.414009918750,-4.101089626551,-1.496364593506,50.226518630981
428456.462876599981,428456.414009918750,-4.101089626551,-1.496364593506,50.226518630981
428456.466881999979,428456.414009918750,-4.101089626551,-1.496364593506,50.226518630981
428456.471176700026,428456.430683532730,-4.084422111511,-1.499671161175,50.276470184326
428456.475170599995,428456.430683532730,-4.084422111511,-1.499671161175,50.276470184326
428456.480281400029,428456.430683532730,-4.084422111511,-1.499671161175,50.276470184326
428456.484187300026,428456.430683532730,-4.084422111511,-1.499671161175,50.276470184326
428456.487837399996,428456.447357146710,-4.068900406361,-1.482373535633,50.370452880859
428456.492001699982,428456.447357146710,-4.068900406361,-1.482373535633,50.370452880859
428456.495607000019,428456.447357146710,-4.068900406361,-1.482373535633,50.370452880859
428456.500631999981,428456.464030760690,-4.052606970072,-1.474664807320,50.317794799805
428456.504979300022,428456.464030760690,-4.052606970072,-1.474664807320,50.317794799805
428456.508353999991,428456.464030760690,-4.052606970072,-1.474664807320,50.317794799805
428456.513006300025,428456.464030760690,-4.052606970072,-1.474664807320,50.317794799805
428456.517330600007,428456.480704374670,-4.066338688135,-1.481470227242,50.224756240845
428456.520752799988,428456.480704374670,-4.066338688135,-1.481470227242,50.224756240845
428456.525218800001,428456.480704374670,-4.066338688135,-1.481470227242,50.224756240845
428456.530242400011,428456.480704374670,-4.066338688135,-1.481470227242,50.224756240845
428456.533841500001,428456.497377988650,-4.050751417875,-1.466902911663,50.244033813477
428456.537366100005,428456.497377988650,-4.050751417875,-1.466902911663,50.244033813477
428456.542395400000,428456.497377988650,-4.050751417875,-1.466902911663,50.244033813477
428456.546370099997,428456.497377988650,-4.050751417875,-1.466902911663,50.244033813477
428456.550485700020,428456.514051602629,-4.024822980165,-1.468416452408,50.292255401611
428456.553856900020,428456.514051602629,-4.024822980165,-1.468416452408,50.292255401611
428456.558517099998,428456.514051602629,-4.024822980165,-1.468416452408,50.292255401611
428456.562470800010,428456.514051602629,-4.024822980165,-1.468416452408,50.292255401611
428456.567597299989,428456.530725216609,-4.030820190907,-1.481960654259,50.306285858154
428456.571585999976,428456.530725216609,-4.030820190907,-1.481960654259,50.306285858154
428456.575041999982,428456.530725216609,-4.030820190907,-1.481960654259,50.306285858154
428456.579547600006,428456.530725216609,-4.030820190907,-1.481960654259,50.306285858154
428456.583164100011,428456.530725216609,-4.030820190907,-1.481960654259,50.306285858154
428456.587586199981,428456.530725216609,-4.030820190907,-1.481960654259,50.306285858154
428456.592657300003,428456.530725216609,-4.030820190907,-1.481960654259,50.306285858154
428456.597043199989,428456.547398830589,-4.047480404377,-1.479248881340,50.339359283447
428456.600447300007,428456.547398830589,-4.047480404377,-1.479248881340,50.339359283447
428456.603907999990,428456.547398830589,-4.047480404377,-1.479248881340,50.339359283447
428456.608941000013,428456.547398830589,-4.047480404377,-1.479248881340,50.339359283447
428456.613308099972,428456.564215191582,-4.049263775349,-1.482287883759,50.204502105713
428456.616936400009,428456.564215191582,-4.049263775349,-1.482287883759,50.204502105713
428456.620556799986,428456.564215191582,-4.049263775349,-1.482287883759,50.204502105713
428456.625408900029,428456.564215191582,-4.049263775349,-1.482287883759,50.204502105713
428456.629736799980,428456.580895758700,-4.020261943340,-1.495578110218,50.210729598999
428456.633725900028,428456.580895758700,-4.020261943340,-1.495578110218,50.210729598999
428456.637319599977,428456.580895758700,-4.020261943340,-1.495578110218,50.210729598999
428456.642346000008,428456.580895758700,-4.020261943340,-1.495578110218,50.210729598999
428456.646346400026,428456.597576325817,-4.043857097626,-1.487446367741,50.253820419312
428456.650537599984,428456.597576325817,-4.043857097626,-1.487446367741,50.253820419312
428456.654376899998,428456.597576325817,-4.043857097626,-1.487446367741,50.253820419312
428456.658348899975,428456.597576325817,-4.043857097626,-1.487446367741,50.253820419312
428456.663666500011,428456.614256892935,-4.011139988899,-1.489170312881,50.462184906006
428456.667449700006,428456.614256892935,-4.011139988899,-1.489170312881,50.462184906006
428456.671509200009,428456.614256892935,-4.011139988899,-1.489170312881,50.462184906006
428456.675506600004,428456.614256892935,-4.011139988899,-1.489170312881,50.462184906006
428456.679769599985,428456.630937460053,-4.042786657810,-1.461105942726,50.232612609863
428456.684092500014,428456.630937460053,-4.042786657810,-1.461105942726,50.232612609863
428456.688242100005,428456.630937460053,-4.042786657810,-1.461105942726,50.232612609863
428456.692212300026,428456.630937460053,-4.042786657810,-1.461105942726,50.232612609863
428456.696558900003,428456.647618027171,-4.024965018034,-1.463128924370,50.259691238403
428456.699983600003,428456.647618027171,-4.024965018034,-1.463128924370,50.259691238403
428456.704649700026,428456.647618027171,-4.024965018034,-1.463128924370,50.259691238403
428456.708699800016,428456.664298594289,-4.006355434656,-1.446258962154,50.402357101440
428456.712338400015,428456.664298594289,-4.006355434656,-1.446258962154,50.402357101440
428456.716985500010,428456.664298594289,-4.006355434656,-1.446258962154,50.402357101440
428456.720871300029,428456.664298594289,-4.006355434656,-1.446258962154,50.402357101440
428456.725897900003,428456.680979161407,-4.012727200985,-1.454851627350,50.415077209473
428456.730230399990,428456.680979161407,-4.012727200985,-1.454851627350,50.415077209473
428456.734286500025,428456.680979161407,-4.012727200985,-1.454851627350,50.415077209473
428456.737844599993,428456.680979161407,-4.012727200985,-1.454851627350,50.415077209473
428456.741832899977,428456.697659728525,-4.033774614334,-1.440110087395,50.192258834839
428456.746583100001,428456.697659728525,-4.033774614334,-1.440110087395,50.192258834839
428456.750678199984,428456.697659728525,-4.033774614334,-1.440110087395,50.192258834839
428456.754638999992,428456.697659728525,-4.033774614334,-1.440110087395,50.192258834839
428456.757974900014,428456.714340295643,-4.046075195074,-1.409170508385,50.414072036743
428456.763251100027,428456.714340295643,-4.046075195074,-1.409170508385,50.414072036743
428456.767308200011,428456.714340295643,-4.046075195074,-1.409170508385,50.414072036743
428456.771294699982,428456.714340295643,-4.046075195074,-1.409170508385,50.414072036743
428456.775044400012,428456.731020862760,-4.088355302811,-1.326321721077,50.494382858276
428456.779729700007,428456.731020862760,-4.088355302811,-1.326321721077,50.494382858276
428456.783497299999,428456.731020862760,-4.088355302811,-1.326321721077,50.494382858276
428456.788458900002,428456.747701429878,-4.131338655949,-1.255192697048,50.569734573364
428456.792080899992,428456.747701429878,-4.131338655949,-1.255192697048,50.569734573364
428456.795705800003,428456.747701429878,-4.131338655949,-1.255192697048,50.569734573364
428456.800325500022,428456.747701429878,-4.131338655949,-1.255192697048,50.569734573364
428456.804489600006,428456.764381996996,-4.128907293081,-1.175786614418,50.324037551880
428456.808166400006,428456.764381996996,-4.128907293081,-1.175786614418,50.324037551880
428456.812744199997,428456.764381996996,-4.128907293081,-1.175786614418,50.324037551880
428456.816713600012,428456.764381996996,-4.128907293081,-1.175786614418,50.324037551880
428456.822461200005,428456.781062564114,-4.132456362247,-1.140911430120,50.563402175903
428456.824865599978,428456.781062564114,-4.132456362247,-1.140911430120,50.563402175903
428456.829482099973,428456.781062564114,-4.132456362247,-1.140911430120,50.563402175903
428456.833471200021,428456.781062564114,-4.132456362247,-1.140911430120,50.563402175903
428456.836973000027,428456.797743131232,-4.130274772644,-1.123416841030,50.473577499390
428456.841330999974,428456.797743131232,-4.130274772644,-1.123416841030,50.473577499390
428456.846377899987,428456.797743131232,-4.130274772644,-1.123416841030,50.473577499390
428456.850368799991,428456.797743131232,-4.130274772644,-1.123416841030,50.473577499390
428456.854729300016,428456.814423698350,-4.138096183538,-1.101665079594,50.531444549561
428456.858132500027,428456.814423698350,-4.138096183538,-1.101665079594,50.531444549561
428456.862811100029,428456.814423698350,-4.138096183538,-1.101665079594,50.531444549561
428456.866793200024,428456.814423698350,-4.138096183538,-1.101665079594,50.531444549561
428456.872103000002,428456.831104265468,-4.156200706959,-1.078762203455,50.334310531616
428456.874512100010,428456.831104265468,-4.156200706959,-1.078762203455,50.334310531616
428456.879579000000,428456.831104265468,-4.156200706959,-1.078762203455,50.334310531616
428456.883570500009,428456.831104265468,-4.156200706959,-1.078762203455,50.334310531616
428456.888037300028,428456.847784832586,-4.146900266409,-1.108009964228,50.597940444946
428456.891722199973,428456.847784832586,-4.146900266409,-1.108009964228,50.597940444946
428456.896504600008,428456.847784832586,-4.146900266409,-1.108009964228,50.597940444946
428456.900458900025,428456.864465399703,-4.184943109751,-1.094440013170,50.350713729858
428456.904076299979,428456.864465399703,-4.184943109751,-1.094440013170,50.350713729858
428456.908794799994,428456.864465399703,-4.184943109751,-1.094440013170,50.350713729858
428456.912688400014,428456.864465399703,-4.184943109751,-1.094440013170,50.350713729858
428456.917016300024,428456.881145966821,-4.177829831839,-1.106799989939,50.409099578857
428456.920440900023,428456.881145966821,-4.177829831839,-1.106799989939,50.409099578857
428456.925295100024,428456.881145966821,-4.177829831839,-1.106799989939,50.409099578857
428456.929304299993,428456.881145966821,-4.177829831839,-1.106799989939,50.409099578857
428456.933430799982,428456.897826533939,-4.194464266300,-1.135314583778,50.442358016968
428456.938215499977,428456.897826533939,-4.194464266300,-1.135314583778,50.442358016968
428456.942462300009,428456.897826533939,-4.194464266300,-1.135314583778,50.442358016968
428456.946397899999,428456.897826533939,-4.194464266300,-1.135314583778,50.442358016968
428456.950500999985,428456.914507101057,-4.214741080999,-1.142813920975,50.290010452271
428456.954162699985,428456.914507101057,-4.214741080999,-1.142813920975,50.290010452271
428456.958801699977,428456.914507101057,-4.214741080999,-1.142813920975,50.290010452271
428456.962793199986,428456.914507101057,-4.214741080999,-1.142813920975,50.290010452271
428456.966924500011,428456.931187668175,-4.201203733683,-1.147374331951,50.591018676758
428456.970471100009,428456.931187668175,-4.201203733683,-1.147374331951,50.591018676758
428456.974900599977,428456.931187668175,-4.201203733683,-1.147374331951,50.591018676758
428456.979585300025,428456.931187668175,-4.201203733683,-1.147374331951,50.591018676758
428456.983183700009,428456.931187668175,-4.201203733683,-1.147374331951,50.591018676758
428456.988124699972,428456.931187668175,-4.201203733683,-1.147374331951,50.591018676758
428456.991772099980,428456.931187668175,-4.201203733683,-1.147374331951,50.591018676758
428456.997085899988,428456.947868235293,-4.210288822651,-1.123423099518,50.342477798462
428456.999514000025,428456.947868235293,-4.210288822651,-1.123423099518,50.342477798462
428457.003966899996,428456.947868235293,-4.210288822651,-1.123423099518,50.342477798462
428457.008948299976,428456.947868235293,-4.210288822651,-1.123423099518,50.342477798462
428457.013316199998,428456.964375700627,-4.218002617359,-1.106859773397,50.328359603882
428457.016734000004,428456.964375700627,-4.218002617359,-1.106859773397,50.328359603882
428457.021800499992,428456.964375700627,-4.218002617359,-1.106859773397,50.328359603882
428457.025791199994,428456.964375700627,-4.218002617359,-1.106859773397,50.328359603882
428457.029242900026,428456.981049314607,-4.210479646921,-1.083624780178,50.238611221313
428457.033914199972,428456.981049314607,-4.210479646921,-1.083624780178,50.238611221313
428457.038150699984,428456.981049314607,-4.210479646921,-1.083624780178,50.238611221313
428457.042119999998,428456.981049314607,-4.210479646921,-1.083624780178,50.238611221313
428457.046245399979,428456.997722928587,-4.205090671778,-1.082703739405,50.324451446533
428457.050282499986,428456.997722928587,-4.205090671778,-1.082703739405,50.324451446533
428457.054305199999,428456.997722928587,-4.205090671778,-1.082703739405,50.324451446533
428457.059293999977,428456.997722928587,-4.205090671778,-1.082703739405,50.324451446533
428457.062842099986,428457.014396542567,-4.233830183744,-1.090189546347,50.261100769043
428457.066505299998,428457.014396542567,-4.233830183744,-1.090189546347,50.261100769043
428457.071486499975,428457.014396542567,-4.233830183744,-1.090189546347,50.261100769043
428457.075435700011,428457.014396542567,-4.233830183744,-1.090189546347,50.261100769043
428457.079809300019,428457.031070156547,-4.236688435078,-1.101714015007,50.459667205811
428457.083263200009,428457.031070156547,-4.236688435078,-1.101714015007,50.459667205811
428457.087686499988,428457.031070156547,-4.236688435078,-1.101714015007,50.459667205811
428457.091713199974,428457.047743770527,-4.238323211670,-1.127145022154,50.464454650879
428457.096946600010,428457.047743770527,-4.238323211670,-1.127145022154,50.464454650879
428457.100926499988,428457.047743770527,-4.238323211670,-1.127145022154,50.464454650879
428457.104601499974,428457.047743770527,-4.238323211670,-1.127145022154,50.464454650879
428457.108559100016,428457.064417384507,-4.250539451838,-1.159378290176,50.449098587036
428457.111983300012,428457.064417384507,-4.250539451838,-1.159378290176,50.449098587036
428457.116377400002,428457.064417384507,-4.250539451838,-1.159378290176,50.449098587036
428457.120983799978,428457.064417384507,-4.250539451838,-1.159378290176,50.449098587036
428457.125393899973,428457.081090998487,-4.261800438166,-1.155575752258,50.349481582642
428457.128805599990,428457.081090998487,-4.261800438166,-1.155575752258,50.349481582642
428457.133290200029,428457.081090998487,-4.261800438166,-1.155575752258,50.349481582642
428457.137813000008,428457.081090998487,-4.261800438166,-1.155575752258,50.349481582642
428457.141216300020,428457.097764612467,-4.289295256138,-1.162227153778,50.162790298462
428457.145604500023,428457.097764612467,-4.289295256138,-1.162227153778,50.162790298462
428457.150692299998,428457.097764612467,-4.289295256138,-1.162227153778,50.162790298462
428457.154652900004,428457.097764612467,-4.289295256138,-1.162227153778,50.162790298462
428457.158992699988,428457.114438226447,-4.249068260193,-1.153442323208,50.383092880249
428457.162449199997,428457.114438226447,-4.249068260193,-1.153442323208,50.383092880249
428457.167094899982,428457.114438226447,-4.249068260193,-1.153442323208,50.383092880249
428457.171062299982,428457.114438226447,-4.249068260193,-1.153442323208,50.383092880249
428457.175247700012,428457.131111840426,-4.269693583250,-1.130657136440,50.197786331177
428457.179899199982,428457.131111840426,-4.269693583250,-1.130657136440,50.197786331177
428457.183918799972,428457.131111840426,-4.269693583250,-1.130657136440,50.197786331177
428457.187908900029,428457.131111840426,-4.269693583250,-1.130657136440,50.197786331177
428457.191378400021,428457.147785454406,-4.279044061899,-1.107660204172,50.357837677002
428457.196053499996,428457.147785454406,-4.279044061899,-1.107660204172,50.357837677002
428457.199912799988,428457.147785454406,-4.279044061899,-1.107660204172,50.357837677002
428457.205099500017,428457.164459068386,-4.265947580338,-1.092932313681,50.274482727051
428457.209270399995,428457.164459068386,-4.265947580338,-1.092932313681,50.274482727051
428457.212719900010,428457.164459068386,-4.265947580338,-1.092932313681,50.274482727051
428457.216356999998,428457.164459068386,-4.265947580338,-1.092932313681,50.274482727051
428457.221729799989,428457.181132682366,-4.289820164442,-1.082023471594,50.232326507568
428457.225399599993,428457.181132682366,-4.289820164442,-1.082023471594,50.232326507568
428457.228871200001,428457.181132682366,-4.289820164442,-1.082023471594,50.232326507568
428457.233521100017,428457.181132682366,-4.289820164442,-1.082023471594,50.232326507568
428457.237500199990,428457.197806296346,-4.284292459488,-1.110285371542,50.318147659302
428457.242113100016,428457.197806296346,-4.284292459488,-1.110285371542,50.318147659302
428457.245481599995,428457.197806296346,-4.284292459488,-1.110285371542,50.318147659302
428457.250514200015,428457.197806296346,-4.284292459488,-1.110285371542,50.318147659302
428457.253872399975,428457.214479910326,-4.276172250509,-1.134602546692,50.469913482666
428457.258323299990,428457.214479910326,-4.276172250509,-1.134602546692,50.469913482666
428457.263335899974,428457.214479910326,-4.276172250509,-1.134602546692,50.469913482666
428457.267321799998,428457.214479910326,-4.276172250509,-1.134602546692,50.469913482666
428457.271276900021,428457.231153524306,-4.265859931707,-1.147007465363,50.532867431641
428457.274597399984,428457.231153524306,-4.265859931707,-1.147007465363,50.532867431641
428457.279538300005,428457.231153524306,-4.265859931707,-1.147007465363,50.532867431641
428457.283563899982,428457.231153524306,-4.265859931707,-1.147007465363,50.532867431641
428457.287723599991,428457.247827138286,-4.279593706131,-1.137878417969,50.450889587402
428457.292126899993,428457.247827138286,-4.279593706131,-1.137878417969,50.450889587402
428457.295769900025,428457.247827138286,-4.279593706131,-1.137878417969,50.450889587402
428457.300726099988,428457.264500752266,-4.288370668888,-1.140228927135,50.246681213379
428457.304361800023,428457.264500752266,-4.288370668888,-1.140228927135,50.246681213379
428457.308041799988,428457.264500752266,-4.288370668888,-1.140228927135,50.246681213379
428457.313014500018,428457.264500752266,-4.288370668888,-1.140228927135,50.246681213379
428457.317343699979,428457.281174366246,-4.255423396826,-1.127848327160,50.391227722168
428457.320738199982,428457.281174366246,-4.255423396826,-1.127848327160,50.391227722168
428457.325602800003,428457.281174366246,-4.255423396826,-1.127848327160,50.391227722168
428457.329581599974,428457.281174366246,-4.255423396826,-1.127848327160,50.391227722168
428457.333955199982,428457.297847980226,-4.284841626883,-1.116618067026,50.344369888306
428457.337867100025,428457.297847980226,-4.284841626883,-1.116618067026,50.344369888306
428457.341302299988,428457.297847980226,-4.284841626883,-1.116618067026,50.344369888306
428457.346289800014,428457.297847980226,-4.284841626883,-1.116618067026,50.344369888306
428457.349860000017,428457.314521594206,-4.278147190809,-1.097057968378,50.371528625488
428457.354243499984,428457.314521594206,-4.278147190809,-1.097057968378,50.371528625488
428457.359114299994,428457.314521594206,-4.278147190809,-1.097057968378,50.371528625488
428457.363061400014,428457.314521594206,-4.278147190809,-1.097057968378,50.371528625488
428457.366689699993,428457.314521594206,-4.278147190809,-1.097057968378,50.371528625488
428457.371391099994,428457.314521594206,-4.278147190809,-1.097057968378,50.371528625488
428457.375661200029,428457.314521594206,-4.278147190809,-1.097057968378,50.371528625488
428457.379626900016,428457.331195208186,-4.259013861418,-1.110296577215,50.432479858398
428457.383641400025,428457.331195208186,-4.259013861418,-1.110296577215,50.432479858398
428457.387614600011,428457.331195208186,-4.259013861418,-1.110296577215,50.432479858398
428457.391768399975,428457.331195208186,-4.259013861418,-1.110296577215,50.432479858398
428457.396809800004,428457.348180784786,-4.255903214216,-1.096660852432,50.296508789062
428457.400899900007,428457.348180784786,-4.255903214216,-1.096660852432,50.296508789062
428457.404481499980,428457.348180784786,-4.255903214216,-1.096660852432,50.296508789062
428457.408173799980,428457.348180784786,-4.255903214216,-1.096660852432,50.296508789062
428457.413153500005,428457.364861351904,-4.287778377533,-1.109186500311,50.236476898193
428457.416847600020,428457.364861351904,-4.287778377533,-1.109186500311,50.236476898193
428457.420892000024,428457.364861351904,-4.287778377533,-1.109186500311,50.236476898193
428457.425559600000,428457.364861351904,-4.287778377533,-1.109186500311,50.236476898193
428457.429901099997,428457.381541919021,-4.258182346821,-1.112126260996,50.434185028076
428457.433317899995,428457.381541919021,-4.258182346821,-1.112126260996,50.434185028076
428457.437761100009,428457.381541919021,-4.258182346821,-1.112126260996,50.434185028076
428457.441771999991,428457.381541919021,-4.258182346821,-1.112126260996,50.434185028076
428457.445756400004,428457.398222486139,-4.277663141489,-1.124049931765,50.469284057617
428457.450474800018,428457.398222486139,-4.277663141489,-1.124049931765,50.469284057617
428457.454173800012,428457.398222486139,-4.277663141489,-1.124049931765,50.469284057617
428457.459123099979,428457.398222486139,-4.277663141489,-1.124049931765,50.469284057617
428457.462694499991,428457.414903053257,-4.295506387949,-1.135044276714,50.242107391357
428457.466131800029,428457.414903053257,-4.295506387949,-1.135044276714,50.242107391357
428457.471335700015,428457.414903053257,-4.295506387949,-1.135044276714,50.242107391357
428457.475314899988,428457.414903053257,-4.295506387949,-1.135044276714,50.242107391357
428457.478840399999,428457.431583620375,-4.259115844965,-1.139205932617,50.408309936523
428457.483679800003,428457.431583620375,-4.259115844965,-1.139205932617,50.408309936523
428457.487702300015,428457.431583620375,-4.259115844965,-1.139205932617,50.408309936523
428457.491695099976,428457.431583620375,-4.259115844965,-1.139205932617,50.408309936523
428457.497003299999,428457.448264187493,-4.308234453201,-1.132347226143,50.312835693359
428457.499662099988,428457.448264187493,-4.308234453201,-1.132347226143,50.312835693359
428457.504647299997,428457.448264187493,-4.308234453201,-1.132347226143,50.312835693359
428457.508739500016,428457.464944754611,-4.287514030933,-1.126829087734,50.368612289429
428457.513376399991,428457.464944754611,-4.287514030933,-1.126829087734,50.368612289429
428457.516692999983,428457.464944754611,-4.287514030933,-1.126829087734,50.368612289429
428457.520404000010,428457.464944754611,-4.287514030933,-1.126829087734,50.368612289429
428457.524826099980,428457.481625321729,-4.300221979618,-1.124470293522,50.580224990845
428457.529152499977,428457.481625321729,-4.300221979618,-1.124470293522,50.580224990845
428457.534217200009,428457.481625321729,-4.300221979618,-1.124470293522,50.580224990845
428457.537737499981,428457.481625321729,-4.300221979618,-1.124470293522,50.580224990845
428457.541194599995,428457.498305888847,-4.289154767990,-1.114152014256,50.431653976440
428457.545975300018,428457.498305888847,-4.289154767990,-1.114152014256,50.431653976440
428457.549606100016,428457.498305888847,-4.289154767990,-1.114152014256,50.431653976440
428457.554593699984,428457.498305888847,-4.289154767990,-1.114152014256,50.431653976440
428457.558952399995,428457.514986455964,-4.268553346395,-1.117423981428,50.323381423950
428457.562402500014,428457.514986455964,-4.268553346395,-1.117423981428,50.323381423950
428457.567506299994,428457.514986455964,-4.268553346395,-1.117423981428,50.323381423950
428457.571492300020,428457.531667023082,-4.269026845694,-1.126889437437,50.364953994751
428457.574895299971,428457.531667023082,-4.269026845694,-1.126889437437,50.364953994751
428457.579336799972,428457.531667023082,-4.269026845694,-1.126889437437,50.364953994751
428457.583386200015,428457.531667023082,-4.269026845694,-1.126889437437,50.364953994751
428457.588372599974,428457.548347590200,-4.270262241364,-1.176086604595,50.396732330322
428457.592692799983,428457.548347590200,-4.270262241364,-1.176086604595,50.396732330322
428457.596690299979,428457.548347590200,-4.270262241364,-1.176086604595,50.396732330322
428457.600391099986,428457.548347590200,-4.270262241364,-1.176086604595,50.396732330322
428457.604336699995,428457.548347590200,-4.270262241364,-1.176086604595,50.396732330322
428457.607709700009,428457.565028157318,-4.231715828180,-1.269058167934,50.426179885864
428457.612047799979,428457.565028157318,-4.231715828180,-1.269058167934,50.426179885864
428457.616931899975,428457.565028157318,-4.231715828180,-1.269058167934,50.426179885864
428457.621346400003,428457.581708724436,-4.187826454639,-1.324694991112,50.374549865723
428457.624798399978,428457.581708724436,-4.187826454639,-1.324694991112,50.374549865723
428457.629218899994,428457.581708724436,-4.187826454639,-1.324694991112,50.374549865723
428457.634202799993,428457.581708724436,-4.187826454639,-1.324694991112,50.374549865723
