timeLogged, leftEye.x, leftEye.y, leftEye.z, rightEye.x, rightEye.y, rightEye.z, usedInterpolatedTime, mostRecentObservationTime, resetFilter, sentEyePairCounter, numberOfEyePairs, headPosition.x, headPosition.y, headPosition.z, headDirection.x, headDirection.y, headDirection.z
428451.651563,1.279536,11.569664,50.891182,-5.168015,11.461276,51.428909,428451.646834,428451.593592,0,8726,1,-0.917626,10.741676,60.434624,-0.214155,0.070364,0.019923
428451.655238,1.280297,11.571856,50.915798,-5.168769,11.459072,51.409081,428451.650585,428451.610272,0,8727,1,-0.885977,10.671098,60.130268,-0.208972,0.071091,0.035069
428451.660128,1.280300,11.571851,50.918152,-5.168766,11.459066,51.411434,428451.655517,428451.610272,0,8728,1,-0.885977,10.671098,60.130268,-0.208972,0.071091,0.035069
428451.664211,1.280303,11.571845,50.920471,-5.168762,11.459061,51.413754,428451.659521,428451.610272,0,8729,1,-0.885977,10.671098,60.130268,-0.208972,0.071091,0.035069
428451.668242,1.280306,11.571839,50.922752,-5.168759,11.459055,51.416035,428451.663533,428451.610272,0,8730,1,-0.885977,10.671098,60.130268,-0.208972,0.071091,0.035069
428451.672153,1.280906,11.572029,50.928925,-5.169353,11.458855,51.414352,428451.667568,428451.626953,0,8731,1,-0.936573,10.748545,60.298515,-0.215299,0.067338,0.029766
428451.676120,1.280909,11.572024,50.931133,-5.169350,11.458849,51.416565,428451.671547,428451.626953,0,8732,1,-0.936573,10.748545,60.298515,-0.215299,0.067338,0.029766
428451.681154,1.280912,11.572019,50.933311,-5.169347,11.458843,51.418739,428451.676504,428451.626953,0,8733,1,-0.936573,10.748545,60.298515,-0.215299,0.067338,0.029766
428451.685193,1.280851,11.572129,50.938526,-5.169281,11.458723,51.417557,428451.680533,428451.643633,0,8734,1,-0.952170,10.749166,60.109421,-0.219908,0.068221,0.032887
428451.689128,1.280854,11.572125,50.940380,-5.169279,11.458718,51.419411,428451.684557,428451.643633,0,8735,1,-0.952170,10.749166,60.109421,-0.219908,0.068221,0.032887
428451.693106,1.280856,11.572121,50.942070,-5.169276,11.458714,51.421104,428451.688535,428451.643633,0,8736,1,-0.952170,10.749166,60.109421,-0.219908,0.068221,0.032887
428451.697141,1.280858,11.572118,50.943600,-5.169274,11.458711,51.422634,428451.692498,428451.643633,0,8737,1,-0.952170,10.749166,60.109421,-0.219908,0.068221,0.032887
428451.701111,1.280288,11.573689,50.959892,-5.168701,11.457131,51.409130,428451.696518,428451.660314,0,8738,1,-0.973786,10.559246,60.170879,-0.198592,0.064056,0.032053
428451.706108,1.280290,11.573687,50.961151,-5.168699,11.457129,51.410389,428451.701542,428451.660314,0,8739,1,-0.973786,10.559246,60.170879,-0.198592,0.064056,0.032053
428451.710181,1.280292,11.573684,50.962269,-5.168698,11.457126,51.411507,428451.705536,428451.660314,0,8740,1,-0.973786,10.559246,60.170879,-0.198592,0.064056,0.032053
428451.714167,1.280293,11.573681,50.963245,-5.168696,11.457124,51.412483,428451.709525,428451.660314,0,8741,1,-0.973786,10.559246,60.170879,-0.198592,0.064056,0.032053
428451.718081,1.280713,11.573498,50.962994,-5.169114,11.457302,51.414650,428451.713515,428451.676995,0,8742,1,-0.939498,10.739917,60.334908,-0.216783,0.070420,0.027116
428451.722096,1.280715,11.573496,50.963921,-5.169113,11.457300,51.415577,428451.717535,428451.676995,0,8743,1,-0.939498,10.739917,60.334908,-0.216783,0.070420,0.027116
428451.727124,1.280716,11.573493,50.964821,-5.169112,11.457298,51.416477,428451.722532,428451.676995,0,8744,1,-0.939498,10.739917,60.334908,-0.216783,0.070420,0.027116
428451.730690,1.280717,11.573491,50.965691,-5.169110,11.457295,51.417347,428451.726035,428451.676995,0,8745,1,-0.939498,10.739917,60.334908,-0.216783,0.070420,0.027116
428451.734786,1.282116,11.573474,50.969318,-5.170507,11.457309,51.415459,428451.730020,428451.693675,0,8746,1,-0.970271,10.421273,60.228642,-0.181913,0.066501,0.030723
428451.738654,1.282117,11.573472,50.970192,-5.170506,11.457307,51.416332,428451.733999,428451.693675,0,8747,1,-0.970271,10.421273,60.228642,-0.181913,0.066501,0.030723
428451.743578,1.282118,11.573470,50.971066,-5.170505,11.457305,51.417206,428451.738958,428451.693675,0,8748,1,-0.970271,10.421273,60.228642,-0.181913,0.066501,0.030723
428451.747614,1.282120,11.573467,50.971939,-5.170504,11.457302,51.418079,428451.742976,428451.693675,0,8749,1,-0.970271,10.421273,60.228642,-0.181913,0.066501,0.030723
428451.751820,1.283428,11.573837,50.980869,-5.171810,11.456928,51.410965,428451.747016,428451.710356,0,8750,1,-0.939624,10.526937,60.233704,-0.192211,0.070365,0.027179
428451.755553,1.283429,11.573834,50.981819,-5.171809,11.456926,51.411915,428451.750976,428451.710356,0,8751,1,-0.939624,10.526937,60.233704,-0.192211,0.070365,0.027179
428451.759491,1.283431,11.573833,50.982807,-5.171808,11.456923,51.412903,428451.754913,428451.710356,0,8752,1,-0.939624,10.526937,60.233704,-0.192211,0.070365,0.027179
428451.764514,1.283897,11.574633,50.988972,-5.172271,11.456118,51.408886,428451.759948,428451.727036,0,8753,1,-0.898207,10.626258,60.292095,-0.200610,0.076149,0.029960
428451.768632,1.283898,11.574630,50.990131,-5.172269,11.456115,51.410046,428451.764071,428451.727036,0,8754,1,-0.898207,10.626258,60.292095,-0.200610,0.076149,0.029960
428451.772078,1.283900,11.574627,50.991379,-5.172267,11.456112,51.411293,428451.767517,428451.727036,0,8755,1,-0.898207,10.626258,60.292095,-0.200610,0.076149,0.029960
428451.777268,1.283902,11.574624,50.992718,-5.172266,11.456109,51.412632,428451.772529,428451.727036,0,8756,1,-0.898207,10.626258,60.292095,-0.200610,0.076149,0.029960
428451.780128,1.283904,11.574620,50.994144,-5.172264,11.456105,51.414055,428451.775486,428451.727036,0,8757,1,-0.898207,10.626258,60.292095,-0.200610,0.076149,0.029960
428451.785045,1.282759,11.575155,51.004845,-5.171115,11.455564,51.406219,428451.780481,428451.743717,0,8758,1,-0.934477,10.617872,60.211708,-0.198633,0.070481,0.027364
428451.789090,1.282761,11.575151,51.006287,-5.171113,11.455560,51.407665,428451.784509,428451.743717,0,8759,1,-0.934477,10.617872,60.211708,-0.198633,0.070481,0.027364
428451.793144,1.282763,11.575148,51.007740,-5.171112,11.455557,51.409119,428451.788491,428451.743717,0,8760,1,-0.934477,10.617872,60.211708,-0.198633,0.070481,0.027364
428451.797422,1.281915,11.577025,51.026611,-5.170260,11.453672,51.393032,428451.792813,428451.760397,0,8761,1,-0.936864,10.632279,60.130905,-0.201566,0.071374,0.032722
428451.800812,1.281917,11.577023,51.027939,-5.170258,11.453669,51.394356,428451.796202,428451.760397,0,8762,1,-0.936864,10.632279,60.130905,-0.201566,0.071374,0.032722
428451.805209,1.281919,11.577020,51.029198,-5.170256,11.453666,51.395618,428451.800595,428451.760397,0,8763,1,-0.936864,10.632279,60.130905,-0.201566,0.071374,0.032722
428451.809961,1.281920,11.577017,51.030396,-5.170255,11.453663,51.396816,428451.805253,428451.760397,0,8764,1,-0.936864,10.632279,60.130905,-0.201566,0.071374,0.032722
428451.814195,1.280984,11.577541,51.039074,-5.169315,11.453133,51.390438,428451.809588,428451.777078,0,8765,1,-0.908649,10.624724,60.141449,-0.200481,0.077012,0.030784
428451.817580,1.280985,11.577539,51.040176,-5.169313,11.453130,51.391544,428451.812977,428451.777078,0,8766,1,-0.908649,10.624724,60.141449,-0.200481,0.077012,0.030784
428451.822612,1.280986,11.577537,51.041237,-5.169312,11.453127,51.392601,428451.818001,428451.777078,0,8767,1,-0.908649,10.624724,60.141449,-0.200481,0.077012,0.030784
428451.826639,1.280988,11.577534,51.042252,-5.169311,11.453125,51.393616,428451.821973,428451.777078,0,8768,1,-0.908649,10.624724,60.141449,-0.200481,0.077012,0.030784
428451.830249,1.279730,11.581124,51.053486,-5.168051,11.449531,51.384163,428451.825677,428451.793759,0,8769,1,-0.976615,10.654749,60.130268,-0.204706,0.071413,0.036305
428451.835313,1.279731,11.581122,51.054256,-5.168050,11.449529,51.384933,428451.830746,428451.793759,0,8770,1,-0.976615,10.654749,60.130268,-0.204706,0.071413,0.036305
428451.839313,1.279732,11.581120,51.054901,-5.168049,11.449527,51.385578,428451.834515,428451.793759,0,8771,1,-0.976615,10.654749,60.130268,-0.204706,0.071413,0.036305
428451.843212,1.279732,11.581120,51.055420,-5.168048,11.449526,51.386097,428451.838562,428451.793759,0,8772,1,-0.976615,10.654749,60.130268,-0.204706,0.071413,0.036305
428451.847483,1.278441,11.580227,51.045925,-5.166755,11.450416,51.396358,428451.842880,428451.810439,0,8773,1,-1.000812,10.709384,60.047356,-0.209172,0.070483,0.029848
428451.851453,1.278441,11.580227,51.046177,-5.166755,11.450415,51.396610,428451.846730,428451.810439,0,8774,1,-1.000812,10.709384,60.047356,-0.209172,0.070483,0.029848
428451.855127,1.278441,11.580226,51.046295,-5.166755,11.450415,51.396729,428451.850531,428451.810439,0,8775,1,-1.000812,10.709384,60.047356,-0.209172,0.070483,0.029848
428451.860075,1.278441,11.580226,51.046272,-5.166755,11.450415,51.396706,428451.855489,428451.810439,0,8776,1,-1.000812,10.709384,60.047356,-0.209172,0.070483,0.029848
428451.863665,1.278957,11.580922,51.049263,-5.167271,11.449719,51.393578,428451.859057,428451.827120,0,8777,1,-1.060145,10.656315,60.254917,-0.202728,0.067169,0.029838
428451.869148,1.278957,11.580922,51.049141,-5.167271,11.449719,51.393456,428451.864542,428451.827120,0,8778,1,-1.060145,10.656315,60.254917,-0.202728,0.067169,0.029838
428451.872102,1.278957,11.580923,51.048965,-5.167272,11.449720,51.393280,428451.867498,428451.827120,0,8779,1,-1.060145,10.656315,60.254917,-0.202728,0.067169,0.029838
428451.875514,1.278956,11.580923,51.048733,-5.167272,11.449720,51.393047,428451.870910,428451.827120,0,8780,1,-1.060145,10.656315,60.254917,-0.202728,0.067169,0.029838
428451.880152,1.278956,11.580924,51.048439,-5.167272,11.449721,51.392757,428451.875549,428451.827120,0,8781,1,-1.060145,10.656315,60.254917,-0.202728,0.067169,0.029838
428451.884954,1.278956,11.580925,51.048084,-5.167273,11.449722,51.392399,428451.880354,428451.827120,0,8782,1,-1.060145,10.656315,60.254917,-0.202728,0.067169,0.029838
428451.889028,1.278955,11.580926,51.047661,-5.167273,11.449723,51.391975,428451.884346,428451.827120,0,8783,1,-1.060145,10.656315,60.254917,-0.202728,0.067169,0.029838
428451.892876,1.278954,11.580927,51.047169,-5.167274,11.449724,51.391483,428451.888288,428451.827120,0,8784,1,-1.060145,10.656315,60.254917,-0.202728,0.067169,0.029838
428451.897946,1.278586,11.581568,51.058247,-5.166906,11.449086,51.379585,428451.893154,428451.843800,0,8785,1,-1.072235,10.547019,60.233936,-0.188744,0.068289,0.029676
428451.901543,1.278585,11.581569,51.057919,-5.166907,11.449086,51.379253,428451.896940,428451.843800,0,8786,1,-1.072235,10.547019,60.233936,-0.188744,0.068289,0.029676
428451.905720,1.278585,11.581570,51.057667,-5.166907,11.449087,51.379002,428451.900959,428451.843800,0,8787,1,-1.072235,10.547019,60.233936,-0.188744,0.068289,0.029676
428451.909680,1.280292,11.582911,51.058247,-5.168615,11.447746,51.378082,428451.905098,428451.860309,0,8788,1,-1.159833,10.570002,60.112701,-0.189190,0.064223,0.035789
428451.913404,1.280292,11.582911,51.058163,-5.168615,11.447746,51.378002,428451.908751,428451.860309,0,8789,1,-1.159833,10.570002,60.112701,-0.189190,0.064223,0.035789
428451.918183,1.280292,11.582911,51.058167,-5.168615,11.447746,51.378002,428451.913583,428451.860309,0,8790,1,-1.159833,10.570002,60.112701,-0.189190,0.064223,0.035789
428451.922191,1.280292,11.582911,51.058254,-5.168615,11.447746,51.378090,428451.917535,428451.860309,0,8791,1,-1.159833,10.570002,60.112701,-0.189190,0.064223,0.035789
428451.925510,1.282208,11.584407,51.060528,-5.170530,11.446249,51.376514,428451.920909,428451.876983,0,8792,1,-1.164170,10.782322,60.514488,-0.204934,0.073277,0.031672
428451.930814,1.282209,11.584405,51.061142,-5.170529,11.446247,51.377129,428451.926214,428451.876983,0,8793,1,-1.164170,10.782322,60.514488,-0.204934,0.073277,0.031672
428451.935014,1.282200,11.598189,51.062054,-5.170538,11.460032,51.378044,428451.930369,428451.876983,0,8794,1,-1.164170,10.782322,60.514488,-0.204934,0.073277,0.031672
428451.938991,1.282186,11.619137,51.063251,-5.170552,11.480979,51.379238,428451.934408,428451.876983,0,8795,1,-1.164170,10.782322,60.514488,-0.204934,0.073277,0.031672
428451.942600,1.282188,11.622753,51.063709,-5.170555,11.483126,51.381344,428451.937939,428451.893656,0,8796,1,-1.298524,10.580885,60.156837,-0.185172,0.068439,0.032147
428451.947875,1.282187,11.626510,51.065132,-5.170556,11.486882,51.382771,428451.943250,428451.893656,0,8797,1,-1.298524,10.580885,60.156837,-0.185172,0.068439,0.032147
428451.951991,1.282186,11.630776,51.066696,-5.170557,11.491149,51.384335,428451.947213,428451.893656,0,8798,1,-1.298524,10.580885,60.156837,-0.185172,0.068439,0.032147
428451.955817,1.282185,11.635525,51.068401,-5.170558,11.495896,51.386040,428451.951199,428451.893656,0,8799,1,-1.298524,10.580885,60.156837,-0.185172,0.068439,0.032147
428451.960146,1.282100,11.638380,51.069626,-5.170469,11.493032,51.388351,428451.955538,428451.910330,0,8800,1,-1.330945,10.690405,60.237766,-0.196195,0.074281,0.039204
428451.963826,1.282103,11.638375,51.071472,-5.170467,11.493028,51.390198,428451.959220,428451.910330,0,8801,1,-1.330945,10.690405,60.237766,-0.196195,0.074281,0.039204
428451.967922,1.282105,11.638371,51.073395,-5.170465,11.493024,51.392120,428451.963314,428451.910330,0,8802,1,-1.330945,10.690405,60.237766,-0.196195,0.074281,0.039204
428451.971959,1.282108,11.638366,51.075405,-5.170462,11.493018,51.394131,428451.967385,428451.910330,0,8803,1,-1.330945,10.690405,60.237766,-0.196195,0.074281,0.039204
428451.977306,1.283979,11.641671,51.071953,-5.172327,11.489703,51.401718,428451.972700,428451.927004,0,8804,1,-1.485778,10.527746,60.346016,-0.178368,0.071639,0.038999
428451.979702,1.283982,11.641665,51.074085,-5.172324,11.489698,51.403851,428451.975095,428451.927004,0,8805,1,-1.485778,10.527746,60.346016,-0.178368,0.071639,0.038999
428451.984412,1.283985,11.641661,51.076283,-5.172321,11.489693,51.406048,428451.979745,428451.927004,0,8806,1,-1.485778,10.527746,60.346016,-0.178368,0.071639,0.038999
428451.989694,1.285279,11.646118,51.067291,-5.173609,11.485224,51.419514,428451.985090,428451.943677,0,8807,1,-1.541658,10.531548,60.360157,-0.178292,0.080666,0.042221
428451.993665,1.278796,11.646108,51.069580,-5.180091,11.485214,51.421799,428451.989059,428451.943677,0,8808,1,-1.541658,10.531548,60.360157,-0.178292,0.080666,0.042221
428451.997128,1.236623,11.646070,51.071957,-5.222265,11.485177,51.424179,428451.992519,428451.943677,0,8809,1,-1.541658,10.531548,60.360157,-0.178292,0.080666,0.042221
428452.000872,1.194178,11.646033,51.074379,-5.264709,11.485139,51.426598,428451.996146,428451.943677,0,8810,1,-1.541658,10.531548,60.360157,-0.178292,0.080666,0.042221
428452.006174,1.154031,11.649236,51.073231,-5.306983,11.481864,51.432480,428452.001529,428451.960351,0,8811,1,-1.672141,10.680727,60.238750,-0.190654,0.083447,0.039208
428452.009528,1.112820,11.649199,51.075542,-5.348193,11.481828,51.434792,428452.004928,428451.960351,0,8812,1,-1.672141,10.680727,60.238750,-0.190654,0.083447,0.039208
428452.014441,1.069654,11.649161,51.077808,-5.391359,11.481791,51.437057,428452.009845,428451.960351,0,8813,1,-1.672141,10.680727,60.238750,-0.190654,0.083447,0.039208
428452.018462,1.025781,11.649123,51.080029,-5.435233,11.481752,51.439278,428452.013830,428451.960351,0,8814,1,-1.672141,10.680727,60.238750,-0.190654,0.083447,0.039208
428452.021889,0.984214,11.654186,51.078873,-5.480951,11.476614,51.444607,428452.017255,428451.977024,0,8815,1,-1.812185,10.572640,60.184635,-0.176737,0.085824,0.044084
428452.026709,0.938631,11.654147,51.080830,-5.526534,11.476575,51.446568,428452.022114,428451.977024,0,8816,1,-1.812185,10.572640,60.184635,-0.176737,0.085824,0.044084
428452.030529,0.892552,11.654109,51.082664,-5.572613,11.476537,51.448399,428452.025939,428451.977024,0,8817,1,-1.812185,10.572640,60.184635,-0.176737,0.085824,0.044084
428452.034658,0.845735,11.654070,51.084366,-5.619430,11.476498,51.450104,428452.029920,428451.977024,0,8818,1,-1.812185,10.572640,60.184635,-0.176737,0.085824,0.044084
428452.038471,0.798945,11.663758,51.087379,-5.669741,11.476630,51.450378,428452.033890,428451.993698,0,8819,1,-2.017164,10.434735,60.299572,-0.159875,0.083352,0.047517
428452.042886,0.749038,11.670053,51.088943,-5.719649,11.482924,51.451946,428452.038333,428451.993698,0,8820,1,-2.017164,10.434735,60.299572,-0.159875,0.083352,0.047517
428452.046423,0.699377,11.676442,51.090439,-5.769309,11.489313,51.453438,428452.041675,428451.993698,0,8821,1,-2.017164,10.434735,60.299572,-0.159875,0.083352,0.047517
428452.051331,0.647459,11.683309,51.091850,-5.821228,11.496181,51.454849,428452.046685,428451.993698,0,8822,1,-2.017164,10.434735,60.299572,-0.159875,0.083352,0.047517
428452.055663,0.593471,11.697034,51.091595,-5.880663,11.496710,51.457951,428452.051043,428452.010372,0,8823,1,-2.178424,10.442698,60.280399,-0.156015,0.088638,0.046820
428452.059057,0.537018,11.704181,51.093018,-5.937115,11.503857,51.459381,428452.054463,428452.010372,0,8824,1,-2.178424,10.442698,60.280399,-0.156015,0.088638,0.046820
428452.063731,0.478734,11.711627,51.094448,-5.995399,11.511303,51.460812,428452.059110,428452.010372,0,8825,1,-2.178424,10.442698,60.280399,-0.156015,0.088638,0.046820
428452.067797,0.419791,11.719212,51.095882,-6.054342,11.518888,51.462242,428452.063073,428452.010372,0,8826,1,-2.178424,10.442698,60.280399,-0.156015,0.088638,0.046820
428452.072471,0.361400,11.738197,51.090603,-6.118066,11.522821,51.470680,428452.067874,428452.027045,0,8827,1,-2.210003,10.801856,60.539444,-0.191173,0.110616,0.049708
428452.076104,0.300264,11.749604,51.092304,-6.179202,11.534229,51.472385,428452.071511,428452.027045,0,8828,1,-2.210003,10.801856,60.539444,-0.191173,0.110616,0.049708
428452.081217,0.236736,11.761386,51.094139,-6.242730,11.546010,51.474220,428452.076431,428452.027045,0,8829,1,-2.210003,10.801856,60.539444,-0.191173,0.110616,0.049708
428452.084889,0.178727,11.786919,51.071468,-6.307378,11.554070,51.500919,428452.080324,428452.043719,0,8830,1,-2.304702,10.772717,60.496502,-0.182585,0.126495,0.052590
428452.088357,0.117645,11.803649,51.073639,-6.368460,11.570800,51.503090,428452.083763,428452.043719,0,8831,1,-2.304702,10.772717,60.496502,-0.182585,0.126495,0.052590
428452.093406,0.053993,11.821127,51.075981,-6.432111,11.588279,51.505432,428452.088762,428452.043719,0,8832,1,-2.304702,10.772717,60.496502,-0.182585,0.126495,0.052590
428452.097380,-0.010114,11.838795,51.078487,-6.496219,11.605946,51.507938,428452.092635,428452.043719,0,8833,1,-2.304702,10.772717,60.496502,-0.182585,0.126495,0.052590
428452.101228,-0.077616,11.847587,51.066380,-6.563299,11.597041,51.525124,428452.096634,428452.060393,0,8834,1,-2.608771,10.733399,60.235065,-0.178713,0.120388,0.059558
428452.104599,-0.144452,11.847530,51.068989,-6.630135,11.596985,51.527729,428452.100003,428452.060393,0,8835,1,-2.608771,10.733399,60.235065,-0.178713,0.120388,0.059558
428452.109326,-0.213434,11.847472,51.071671,-6.699117,11.596928,51.530411,428452.104680,428452.060393,0,8836,1,-2.608771,10.733399,60.235065,-0.178713,0.120388,0.059558
428452.114207,-0.284853,11.847412,51.074436,-6.770536,11.596868,51.533173,428452.109545,428452.060393,0,8837,1,-2.608771,10.733399,60.235065,-0.178713,0.120388,0.059558
428452.118525,-0.358606,11.856684,51.064053,-6.848098,11.587470,51.549004,428452.113927,428452.077066,0,8838,1,-2.837332,10.810513,60.339977,-0.185014,0.128364,0.054246
428452.122160,-0.434148,11.856621,51.066719,-6.923641,11.587407,51.551674,428452.117567,428452.077066,0,8839,1,-2.837332,10.810513,60.339977,-0.185014,0.128364,0.054246
428452.126357,-0.510853,11.856558,51.069347,-7.000346,11.587344,51.554298,428452.121765,428452.077066,0,8840,1,-2.837332,10.810513,60.339977,-0.185014,0.128364,0.054246
428452.129891,-0.587249,11.856494,51.071922,-7.076741,11.587280,51.556877,428452.125264,428452.077066,0,8841,1,-2.837332,10.810513,60.339977,-0.185014,0.128364,0.054246
428452.134232,-0.652911,11.867398,51.058037,-7.147202,11.576262,51.576057,428452.129634,428452.093740,0,8842,1,-3.101798,10.842473,60.594723,-0.185849,0.126955,0.058749
428452.138895,-0.723172,11.867339,51.060772,-7.217463,11.576203,51.578796,428452.134301,428452.093740,0,8843,1,-3.101798,10.842473,60.594723,-0.185849,0.126955,0.058749
428452.143244,-0.794771,11.867279,51.063595,-7.289062,11.576143,51.581619,428452.138587,428452.093740,0,8844,1,-3.101798,10.842473,60.594723,-0.185849,0.126955,0.058749
428452.147272,-0.867046,11.867218,51.066505,-7.361336,11.576082,51.584530,428452.142562,428452.093740,0,8845,1,-3.101798,10.842473,60.594723,-0.185849,0.126955,0.058749
428452.151137,-0.940336,11.877738,51.051422,-7.437895,11.565436,51.605618,428452.146554,428452.110413,0,8846,1,-3.421105,10.886030,60.513359,-0.189276,0.125335,0.065885
428452.155528,-1.016690,11.877673,51.054520,-7.514249,11.565372,51.608715,428452.150926,428452.110413,0,8847,1,-3.421105,10.886030,60.513359,-0.189276,0.125335,0.065885
428452.159273,-1.092927,11.877609,51.057705,-7.590487,11.565308,51.611904,428452.154575,428452.110413,0,8848,1,-3.421105,10.886030,60.513359,-0.189276,0.125335,0.065885
428452.164118,-1.171878,11.877542,51.060993,-7.669437,11.565241,51.615192,428452.159541,428452.110413,0,8849,1,-3.421105,10.886030,60.513359,-0.189276,0.125335,0.065885
428452.168370,-1.249598,11.888293,51.050423,-7.744215,11.554360,51.632378,428452.163670,428452.127087,0,8850,1,-3.681868,10.843389,60.472424,-0.183233,0.129294,0.067682
428452.171805,-1.325268,11.891044,51.053757,-7.819885,11.557110,51.635712,428452.167134,428452.127087,0,8851,1,-3.681868,10.843389,60.472424,-0.183233,0.129294,0.067682
428452.176818,-1.403612,11.896205,51.057129,-7.898229,11.562272,51.639084,428452.172127,428452.127087,0,8852,1,-3.681868,10.843389,60.472424,-0.183233,0.129294,0.067682
428452.180856,-1.482351,11.914940,51.049397,-7.973636,11.562832,51.653454,428452.176274,428452.143761,0,8853,1,-3.976718,10.902589,60.442646,-0.184367,0.131677,0.065057
428452.184516,-1.559131,11.924337,51.052658,-8.050415,11.572229,51.656715,428452.179909,428452.143761,0,8854,1,-3.976718,10.902589,60.442646,-0.184367,0.131677,0.065057
428452.189373,-1.638230,11.933774,51.055851,-8.129515,11.581666,51.659908,428452.184774,428452.143761,0,8855,1,-3.976718,10.902589,60.442646,-0.184367,0.131677,0.065057
428452.193470,-1.717754,11.943094,51.058990,-8.209039,11.590987,51.663048,428452.188801,428452.143761,0,8856,1,-3.976718,10.902589,60.442646,-0.184367,0.131677,0.065057
428452.197739,-1.799617,11.965300,51.039494,-8.289710,11.592285,51.688858,428452.193136,428452.160434,0,8857,1,-4.203789,10.806109,60.597115,-0.170475,0.142300,0.068695
428452.201374,-1.880466,11.976948,51.042660,-8.370560,11.603934,51.692024,428452.196776,428452.160434,0,8858,1,-4.203789,10.806109,60.597115,-0.170475,0.142300,0.068695
428452.204953,-1.960768,11.988501,51.045837,-8.450861,11.615487,51.695206,428452.200312,428452.160434,0,8859,1,-4.203789,10.806109,60.597115,-0.170475,0.142300,0.068695
428452.209656,-2.043002,12.000342,51.049026,-8.533095,11.627328,51.698391,428452.204952,428452.160434,0,8860,1,-4.203789,10.806109,60.597115,-0.170475,0.142300,0.068695
428452.213942,-2.118272,12.017429,51.028599,-8.602283,11.627375,51.725037,428452.209340,428452.177108,0,8861,1,-4.535589,10.853882,60.343121,-0.173662,0.138796,0.067271
428452.217345,-2.189656,12.026012,51.031654,-8.673667,11.635959,51.728088,428452.212744,428452.177108,0,8862,1,-4.535589,10.853882,60.343121,-0.173662,0.138796,0.067271
428452.221844,-2.262335,12.034920,51.034649,-8.746346,11.644866,51.731083,428452.217246,428452.177108,0,8863,1,-4.535589,10.853882,60.343121,-0.173662,0.138796,0.067271
428452.226867,-2.337095,12.044282,51.037586,-8.821106,11.654228,51.734024,428452.222235,428452.177108,0,8864,1,-4.535589,10.853882,60.343121,-0.173662,0.138796,0.067271
428452.230481,-2.414806,12.050434,51.005180,-8.895989,11.648520,51.772030,428452.225898,428452.193781,0,8865,1,-4.824330,11.032578,60.331669,-0.192870,0.143648,0.064970
428452.233937,-2.490222,12.050752,51.007866,-8.971405,11.648838,51.774715,428452.229384,428452.193781,0,8866,1,-4.824330,11.032578,60.331669,-0.192870,0.143648,0.064970
428452.238716,-2.566927,12.051163,51.010433,-9.048111,11.649249,51.777283,428452.233940,428452.193781,0,8867,1,-4.824330,11.032578,60.331669,-0.192870,0.143648,0.064970
428452.242529,-2.643631,12.051616,51.012878,-9.124814,11.649702,51.779728,428452.237887,428452.193781,0,8868,1,-4.824330,11.032578,60.331669,-0.192870,0.143648,0.064970
428452.247073,-2.718785,12.059798,50.997952,-9.189269,11.641405,51.798935,428452.242475,428452.210455,0,8869,1,-5.132702,10.799726,59.924545,-0.169003,0.137944,0.076334
428452.250505,-2.787564,12.059743,50.999798,-9.258047,11.641349,51.800781,428452.245910,428452.210455,0,8870,1,-5.132702,10.799726,59.924545,-0.169003,0.137944,0.076334
428452.255617,-2.858173,12.059686,51.001350,-9.328657,11.641293,51.802334,428452.250954,428452.210455,0,8871,1,-5.132702,10.799726,59.924545,-0.169003,0.137944,0.076334
428452.259611,-2.928643,12.059630,51.002594,-9.399126,11.641237,51.803585,428452.254982,428452.210455,0,8872,1,-5.132702,10.799726,59.924545,-0.169003,0.137944,0.076334
428452.262943,-3.011734,12.065683,50.979630,-9.468149,11.635066,51.828537,428452.258347,428452.227129,0,8873,1,-5.362611,10.793542,60.167286,-0.168402,0.151323,0.072222
428452.268228,-3.089915,12.065623,50.980358,-9.546330,11.635006,51.829262,428452.263559,428452.227129,0,8874,1,-5.362611,10.793542,60.167286,-0.168402,0.151323,0.072222
428452.272372,-3.168151,12.065564,50.980808,-9.624566,11.634947,51.829712,428452.267777,428452.227129,0,8875,1,-5.362611,10.793542,60.167286,-0.168402,0.151323,0.072222
428452.275998,-3.245333,12.065506,50.980976,-9.701749,11.634889,51.829884,428452.271405,428452.227129,0,8876,1,-5.362611,10.793542,60.167286,-0.168402,0.151323,0.072222
428452.280724,-3.323613,12.065449,50.980858,-9.780028,11.634830,51.829765,428452.276129,428452.227129,0,8877,1,-5.362611,10.793542,60.167286,-0.168402,0.151323,0.072222
428452.284227,-3.400599,12.065392,50.980450,-9.857015,11.634774,51.829357,428452.279630,428452.227129,0,8878,1,-5.362611,10.793542,60.167286,-0.168402,0.151323,0.072222
428452.289098,-3.478613,12.065335,50.979752,-9.935028,11.634718,51.828659,428452.284307,428452.227129,0,8879,1,-5.362611,10.793542,60.167286,-0.168402,0.151323,0.072222
428452.292803,-3.562550,12.072478,50.971554,-10.004861,11.627466,51.834827,428452.288224,428452.244220,0,8880,1,-5.672813,10.804100,60.026661,-0.171255,0.149126,0.075810
428452.298041,-3.641522,12.072423,50.970211,-10.083833,11.627411,51.833485,428452.293438,428452.244220,0,8881,1,-5.672813,10.804100,60.026661,-0.171255,0.149126,0.075810
428452.300467,-3.717169,12.072371,50.968548,-10.159480,11.627358,51.831818,428452.295875,428452.244220,0,8882,1,-5.672813,10.804100,60.026661,-0.171255,0.149126,0.075810
428452.305158,-3.793911,12.072318,50.966549,-10.236221,11.627306,51.829819,428452.300488,428452.244220,0,8883,1,-5.672813,10.804100,60.026661,-0.171255,0.149126,0.075810
428452.310464,-3.859244,12.079275,50.942928,-10.292276,11.620270,51.848713,428452.305856,428452.260901,0,8884,1,-5.860321,10.739909,59.707211,-0.162862,0.155746,0.082420
428452.314111,-3.919253,12.079237,50.940216,-10.352285,11.620232,51.846004,428452.309505,428452.260901,0,8885,1,-5.860321,10.739909,59.707211,-0.162862,0.155746,0.082420
428452.318217,-3.979267,12.079200,50.937153,-10.412299,11.620194,51.842941,428452.313616,428452.260901,0,8886,1,-5.860321,10.739909,59.707211,-0.162862,0.155746,0.082420
428452.322255,-4.039097,12.079164,50.933735,-10.472129,11.620158,51.839520,428452.317641,428452.260901,0,8887,1,-5.860321,10.739909,59.707211,-0.162862,0.155746,0.082420
428452.325616,-4.114271,12.087588,50.926418,-10.530134,11.611651,51.839767,428452.321015,428452.277581,0,8888,1,-6.143806,10.764826,59.904377,-0.162504,0.158365,0.084973
428452.330771,-4.182324,12.087546,50.922756,-10.598187,11.611609,51.836102,428452.326174,428452.277581,0,8889,1,-6.143806,10.764826,59.904377,-0.162504,0.158365,0.084973
428452.334488,-4.249387,12.087506,50.918953,-10.665251,11.611569,51.832298,428452.329893,428452.277581,0,8890,1,-6.143806,10.764826,59.904377,-0.162504,0.158365,0.084973
428452.339718,-4.317850,12.087464,50.915005,-10.733714,11.611527,51.828350,428452.335111,428452.277581,0,8891,1,-6.143806,10.764826,59.904377,-0.162504,0.158365,0.084973
428452.342811,-4.388280,12.096687,50.897594,-10.792557,11.602228,51.837658,428452.338206,428452.294262,0,8892,1,-6.375839,10.636476,59.716232,-0.145958,0.160021,0.094449
428452.347581,-4.453444,12.096649,50.893429,-10.857719,11.602190,51.833500,428452.342934,428452.294262,0,8893,1,-6.375839,10.636476,59.716232,-0.145958,0.160021,0.094449
428452.351309,-4.517637,12.096611,50.889156,-10.921913,11.602153,51.829224,428452.346719,428452.294262,0,8894,1,-6.375839,10.636476,59.716232,-0.145958,0.160021,0.094449
428452.355668,-4.581156,12.096575,50.884766,-10.985432,11.602116,51.824829,428452.350671,428452.294262,0,8895,1,-6.375839,10.636476,59.716232,-0.145958,0.160021,0.094449
428452.359445,-4.664812,12.115326,50.870255,-11.058114,11.606306,51.831055,428452.354860,428452.310942,0,8896,1,-6.573885,10.754373,60.085224,-0.152256,0.173850,0.086334
428452.365099,-4.745253,12.140396,50.866344,-11.138556,11.631376,51.827145,428452.360489,428452.310942,0,8897,1,-6.573885,10.754373,60.085224,-0.152256,0.173850,0.086334
428452.367948,-4.822348,12.164583,50.862617,-11.215651,11.655563,51.823418,428452.363107,428452.310942,0,8898,1,-6.573885,10.754373,60.085224,-0.152256,0.173850,0.086334
428452.371754,-4.898885,12.188893,50.859077,-11.292188,11.679873,51.819878,428452.367086,428452.310942,0,8899,1,-6.573885,10.754373,60.085224,-0.152256,0.173850,0.086334
428452.377038,-4.965311,12.210126,50.845715,-11.351138,11.687615,51.826645,428452.372432,428452.327623,0,8900,1,-6.871617,10.987782,59.969746,-0.176454,0.167357,0.086373
428452.380438,-5.026745,12.224719,50.842693,-11.412574,11.702208,51.823624,428452.375834,428452.327623,0,8901,1,-6.871617,10.987782,59.969746,-0.176454,0.167357,0.086373
428452.384457,-5.087937,12.239741,50.839947,-11.473764,11.717230,51.820877,428452.379858,428452.327623,0,8902,1,-6.871617,10.987782,59.969746,-0.176454,0.167357,0.086373
428452.389790,-5.126937,12.250729,50.852566,-11.497314,11.706209,51.802967,428452.385182,428452.344303,0,8903,1,-7.248151,10.750220,59.716293,-0.152414,0.141213,0.095138
428452.392758,-5.157164,12.250711,50.850090,-11.527541,11.706193,51.800495,428452.388156,428452.344303,0,8904,1,-7.248151,10.750220,59.716293,-0.152414,0.141213,0.095138
428452.397229,-5.187320,12.250695,50.847797,-11.557696,11.706176,51.798195,428452.392625,428452.344303,0,8905,1,-7.248151,10.750220,59.716293,-0.152414,0.141213,0.095138
428452.401134,-5.216731,12.250678,50.845680,-11.587108,11.706160,51.796085,428452.396300,428452.344303,0,8906,1,-7.248151,10.750220,59.716293,-0.152414,0.141213,0.095138
428452.406216,-5.264080,12.260830,50.852032,-11.623673,11.695954,51.785942,428452.401613,428452.360984,0,8907,1,-7.425145,10.666610,60.031517,-0.140749,0.147124,0.099595
428452.410268,-5.305005,12.260803,50.850346,-11.664598,11.695929,51.784252,428452.405674,428452.360984,0,8908,1,-7.425145,10.666610,60.031517,-0.140749,0.147124,0.099595
428452.414300,-5.344851,12.260777,50.848862,-11.704444,11.695902,51.782768,428452.409710,428452.360984,0,8909,1,-7.425145,10.666610,60.031517,-0.140749,0.147124,0.099595
428452.418516,-5.383588,12.260752,50.847588,-11.743181,11.695876,51.781498,428452.413738,428452.360984,0,8910,1,-7.425145,10.666610,60.031517,-0.140749,0.147124,0.099595
428452.422683,-5.439074,12.273584,50.866737,-11.789319,11.682973,51.760292,428452.418085,428452.377665,0,8911,1,-7.631833,10.637470,60.060337,-0.137805,0.146225,0.104944
428452.426208,-5.488018,12.273550,50.865925,-11.838264,11.682939,51.759483,428452.421522,428452.377665,0,8912,1,-7.631833,10.637470,60.060337,-0.137805,0.146225,0.104944
428452.429709,-5.535347,12.273516,50.865345,-11.885592,11.682904,51.758896,428452.425099,428452.377665,0,8913,1,-7.631833,10.637470,60.060337,-0.137805,0.146225,0.104944
428452.434739,-5.582380,12.273482,50.864990,-11.932626,11.682870,51.758549,428452.430058,428452.377665,0,8914,1,-7.631833,10.637470,60.060337,-0.137805,0.146225,0.104944
428452.438796,-5.631575,12.287047,50.878288,-11.971525,11.669241,51.744675,428452.434234,428452.394345,0,8915,1,-7.748109,10.720653,59.911564,-0.148628,0.150632,0.101054
428452.442779,-5.674682,12.287016,50.878071,-12.014632,11.669209,51.744453,428452.438223,428452.394345,0,8916,1,-7.748109,10.720653,59.911564,-0.148628,0.150632,0.101054
428452.447661,-5.717572,12.286984,50.877922,-12.057523,11.669177,51.744308,428452.443043,428452.394345,0,8917,1,-7.748109,10.720653,59.911564,-0.148628,0.150632,0.101054
428452.451668,-5.759516,12.286953,50.877853,-12.099466,11.669147,51.744240,428452.447069,428452.394345,0,8918,1,-7.748109,10.720653,59.911564,-0.148628,0.150632,0.101054
428452.455367,-5.789056,12.300280,50.883663,-12.126138,11.655779,51.738297,428452.450730,428452.411026,0,8919,1,-8.004469,10.597330,59.860336,-0.136478,0.134129,0.110592
428452.459001,-5.816197,12.300260,50.883621,-12.153278,11.655758,51.738258,428452.454407,428452.411026,0,8920,1,-8.004469,10.597330,59.860336,-0.136478,0.134129,0.110592
428452.463785,-5.842829,12.300240,50.883614,-12.179911,11.655739,51.738243,428452.459096,428452.411026,0,8921,1,-8.004469,10.597330,59.860336,-0.136478,0.134129,0.110592
428452.467748,-5.868563,12.300220,50.883636,-12.205645,11.655720,51.738270,428452.463128,428452.411026,0,8922,1,-8.004469,10.597330,59.860336,-0.136478,0.134129,0.110592
428452.472074,-5.886562,12.312856,50.898075,-12.220533,11.643061,51.723644,428452.467473,428452.427706,0,8923,1,-8.113013,10.743113,59.877876,-0.153417,0.138773,0.104996
428452.475479,-5.901764,12.312844,50.897877,-12.235736,11.643049,51.723454,428452.470882,428452.427706,0,8924,1,-8.113013,10.743113,59.877876,-0.153417,0.138773,0.104996
428452.480123,-5.915791,12.312835,50.897583,-12.249763,11.643040,51.723156,428452.475518,428452.427706,0,8925,1,-8.113013,10.743113,59.877876,-0.153417,0.138773,0.104996
428452.485343,-5.946031,12.325296,50.896400,-12.281896,11.630533,51.723656,428452.480639,428452.444387,0,8926,1,-8.101972,10.771019,60.047241,-0.154824,0.154793,0.108467
428452.489512,-5.975963,12.325275,50.895985,-12.311828,11.630511,51.723244,428452.484942,428452.444387,0,8927,1,-8.101972,10.771019,60.047241,-0.154824,0.154793,0.108467
428452.492995,-6.004322,12.325255,50.895504,-12.340186,11.630491,51.722759,428452.488393,428452.444387,0,8928,1,-8.101972,10.771019,60.047241,-0.154824,0.154793,0.108467
428452.496998,-6.031371,12.325236,50.894951,-12.367236,11.630473,51.722210,428452.492301,428452.444387,0,8929,1,-8.101972,10.771019,60.047241,-0.154824,0.154793,0.108467
428452.501149,-6.055395,12.337572,50.894238,-12.397177,11.618100,51.721798,428452.496458,428452.461067,0,8930,1,-8.161235,10.647743,59.944187,-0.142012,0.153134,0.121117
428452.505476,-6.081513,12.337554,50.893665,-12.423295,11.618082,51.721230,428452.500872,428452.461067,0,8931,1,-8.161235,10.647743,59.944187,-0.142012,0.153134,0.121117
428452.509331,-6.106552,12.337537,50.893089,-12.448334,11.618065,51.720646,428452.504732,428452.461067,0,8932,1,-8.161235,10.647743,59.944187,-0.142012,0.153134,0.121117
428452.514414,-6.130975,12.337520,50.892498,-12.472756,11.618049,51.720062,428452.509730,428452.461067,0,8933,1,-8.161235,10.647743,59.944187,-0.142012,0.153134,0.121117
428452.518724,-6.132388,12.348957,50.893204,-12.478790,11.606608,51.718163,428452.514123,428452.477748,0,8934,1,-8.301454,10.732876,60.026173,-0.149763,0.142053,0.115145
428452.522135,-6.135237,12.348956,50.892624,-12.481639,11.606607,51.717583,428452.517534,428452.477748,0,8935,1,-8.301454,10.732876,60.026173,-0.149763,0.142053,0.115145
428452.525594,-6.137174,12.348956,50.892063,-12.483576,11.606607,51.717018,428452.520999,428452.477748,0,8936,1,-8.301454,10.732876,60.026173,-0.149763,0.142053,0.115145
428452.530144,-6.137919,12.348957,50.891518,-12.484322,11.606608,51.716473,428452.525529,428452.477748,0,8937,1,-8.301454,10.732876,60.026173,-0.149763,0.142053,0.115145
428452.534526,-6.140933,12.357783,50.898273,-12.481309,11.597785,51.708611,428452.529925,428452.494429,0,8938,1,-8.192872,10.629725,59.806213,-0.139724,0.148708,0.116534
428452.538510,-6.140934,12.357784,50.897717,-12.481310,11.597787,51.708054,428452.533911,428452.494429,0,8939,1,-8.192872,10.629725,59.806213,-0.139724,0.148708,0.116534
428452.543023,-6.140934,12.357785,50.897156,-12.481311,11.597788,51.707493,428452.538320,428452.494429,0,8940,1,-8.192872,10.629725,59.806213,-0.139724,0.148708,0.116534
428452.546957,-6.140935,12.357787,50.896595,-12.481312,11.597789,51.706928,428452.542346,428452.494429,0,8941,1,-8.192872,10.629725,59.806213,-0.139724,0.148708,0.116534
428452.551632,-6.146894,12.367452,50.914177,-12.475355,11.588129,51.687714,428452.547026,428452.511109,0,8942,1,-7.966067,10.372519,59.460243,-0.112899,0.153760,0.117615
428452.555063,-6.146895,12.367455,50.913109,-12.475356,11.588132,51.686642,428452.550464,428452.511109,0,8943,1,-7.966067,10.372519,59.460243,-0.112899,0.153760,0.117615
428452.560126,-6.146897,12.367457,50.911781,-12.475358,11.588135,51.685318,428452.555537,428452.511109,0,8944,1,-7.966067,10.372519,59.460243,-0.112899,0.153760,0.117615
428452.564128,-6.146899,12.367461,50.910198,-12.475360,11.588139,51.683731,428452.559546,428452.511109,0,8945,1,-7.966067,10.372519,59.460243,-0.112899,0.153760,0.117615
428452.568243,-6.151166,12.376399,50.923813,-12.471098,11.579210,51.666283,428452.563608,428452.527790,0,8946,1,-7.958368,10.369181,59.461262,-0.113924,0.149001,0.119206
428452.572534,-6.151169,12.376404,50.921555,-12.471102,11.579216,51.664028,428452.567937,428452.527790,0,8947,1,-7.958368,10.369181,59.461262,-0.113924,0.149001,0.119206
428452.576626,-6.151173,12.376410,50.918957,-12.471105,11.579222,51.661430,428452.571987,428452.527790,0,8948,1,-7.958368,10.369181,59.461262,-0.113924,0.149001,0.119206
428452.580725,-6.150986,12.382661,50.911480,-12.471299,11.572986,51.663166,428452.576136,428452.544470,0,8949,1,-7.869270,10.472987,59.399872,-0.123825,0.145316,0.120000
428452.584767,-6.150990,12.382668,50.908337,-12.471304,11.572993,51.660019,428452.580092,428452.544470,0,8950,1,-7.869270,10.472987,59.399872,-0.123825,0.145316,0.120000
428452.589057,-6.150994,12.382676,50.904911,-12.471309,11.573002,51.656597,428452.584491,428452.544470,0,8951,1,-7.869270,10.472987,59.399872,-0.123825,0.145316,0.120000
428452.593152,-6.151000,12.382686,50.901207,-12.471313,11.573011,51.652893,428452.588379,428452.544470,0,8952,1,-7.869270,10.472987,59.399872,-0.123825,0.145316,0.120000
428452.596919,-6.155447,12.389684,50.912930,-12.466876,11.566031,51.633305,428452.592327,428452.561151,0,8953,1,-7.717758,10.446750,59.411366,-0.120501,0.146608,0.119865
428452.602077,-6.155452,12.389694,50.908760,-12.466882,11.566042,51.629135,428452.597475,428452.561151,0,8954,1,-7.717758,10.446750,59.411366,-0.120501,0.146608,0.119865
428452.606190,-6.155458,12.389705,50.904350,-12.466887,11.566052,51.624725,428452.601600,428452.561151,0,8955,1,-7.717758,10.446750,59.411366,-0.120501,0.146608,0.119865
428452.610237,-6.155465,12.389716,50.899700,-12.466894,11.566064,51.620071,428452.605570,428452.561151,0,8956,1,-7.717758,10.446750,59.411366,-0.120501,0.146608,0.119865
428452.614514,-6.160125,12.394434,50.907375,-12.462247,11.561369,51.602661,428452.609907,428452.577831,0,8957,1,-7.574644,10.390016,59.327801,-0.114885,0.142573,0.124229
428452.618187,-6.160131,12.394446,50.902287,-12.462254,11.561381,51.597576,428452.613593,428452.577831,0,8958,1,-7.574644,10.390016,59.327801,-0.114885,0.142573,0.124229
428452.622393,-6.160139,12.394460,50.896976,-12.462261,11.561395,51.592266,428452.617719,428452.577831,0,8959,1,-7.574644,10.390016,59.327801,-0.114885,0.142573,0.124229
428452.626438,-6.160146,12.394473,50.891441,-12.462268,11.561408,51.586727,428452.621703,428452.577831,0,8960,1,-7.574644,10.390016,59.327801,-0.114885,0.142573,0.124229
428452.629943,-6.168343,12.399947,50.921307,-12.454087,11.555962,51.545315,428452.625365,428452.594512,0,8961,1,-7.529115,10.460073,59.120026,-0.122659,0.122444,0.123824
428452.634396,-6.168351,12.399962,50.915295,-12.454095,11.555976,51.539299,428452.629840,428452.594512,0,8962,1,-7.529115,10.460073,59.120026,-0.122659,0.122444,0.123824
428452.638880,-6.168359,12.399978,50.909031,-12.454103,11.555991,51.533039,428452.634180,428452.594512,0,8963,1,-7.529115,10.460073,59.120026,-0.122659,0.122444,0.123824
428452.642792,-6.103748,12.400042,50.902435,-12.389492,11.556056,51.526436,428452.638158,428452.594512,0,8964,1,-7.529115,10.460073,59.120026,-0.122659,0.122444,0.123824
428452.646351,-6.053438,12.401217,50.932259,-12.321214,11.555001,51.483051,428452.641746,428452.611193,0,8965,1,-7.324569,10.494088,59.064243,-0.124727,0.122509,0.113165
428452.651555,-5.990230,12.401280,50.925278,-12.258006,11.555066,51.476074,428452.646959,428452.611193,0,8966,1,-7.324569,10.494088,59.064243,-0.124727,0.122509,0.113165
428452.655138,-5.926613,12.401345,50.918098,-12.194389,11.555131,51.468899,428452.650434,428452.611193,0,8967,1,-7.324569,10.494088,59.064243,-0.124727,0.122509,0.113165
428452.659614,-5.860315,12.401413,50.910717,-12.128092,11.555198,51.461517,428452.654997,428452.611193,0,8968,1,-7.324569,10.494088,59.064243,-0.124727,0.122509,0.113165
428452.663019,-5.793619,12.401481,50.903133,-12.061396,11.555266,51.453930,428452.658465,428452.611193,0,8969,1,-7.324569,10.494088,59.064243,-0.124727,0.122509,0.113165
428452.667632,-5.724123,12.401552,50.895332,-11.991899,11.555337,51.446133,428452.663036,428452.611193,0,8970,1,-7.324569,10.494088,59.064243,-0.124727,0.122509,0.113165
428452.672279,-5.651695,12.401626,50.887318,-11.919471,11.555410,51.438118,428452.667691,428452.611193,0,8971,1,-7.324569,10.494088,59.064243,-0.124727,0.122509,0.113165
428452.676264,-5.577848,12.401700,50.879082,-11.845624,11.555485,51.429882,428452.671680,428452.611193,0,8972,1,-7.324569,10.494088,59.064243,-0.124727,0.122509,0.113165
428452.679857,-5.514465,12.402728,50.915661,-11.766337,11.554604,51.376987,428452.675247,428452.627873,0,8973,1,-7.102614,10.539139,59.270943,-0.124176,0.121908,0.101459
428452.685215,-5.438536,12.402803,50.907570,-11.690408,11.554680,51.368896,428452.680551,428452.627873,0,8974,1,-7.102614,10.539139,59.270943,-0.124176,0.121908,0.101459
428452.688946,-5.361891,12.402881,50.899548,-11.613763,11.554756,51.360874,428452.684228,428452.627873,0,8975,1,-7.102614,10.539139,59.270943,-0.124176,0.121908,0.101459
428452.692948,-5.291263,12.400810,50.942204,-11.525318,11.556984,51.302399,428452.688367,428452.644565,0,8976,1,-6.797879,10.596917,59.149227,-0.132262,0.121773,0.102273
428452.696782,-5.210684,12.400889,50.934414,-11.444738,11.557062,51.294609,428452.692185,428452.644565,0,8977,1,-6.797879,10.596917,59.149227,-0.132262,0.121773,0.102273
428452.701497,-5.127629,12.400970,50.926739,-11.361684,11.557143,51.286934,428452.696574,428452.644565,0,8978,1,-6.797879,10.596917,59.149227,-0.132262,0.121773,0.102273
428452.705073,-5.043382,12.407256,50.919189,-11.277436,11.563430,51.279385,428452.700460,428452.644565,0,8979,1,-6.797879,10.596917,59.149227,-0.132262,0.121773,0.102273
428452.709999,-4.957705,12.403008,50.979675,-11.173542,11.567855,51.203995,428452.705423,428452.661253,0,8980,1,-6.604112,10.492057,59.079647,-0.119371,0.104645,0.097312
428452.713670,-4.862650,12.403097,50.972340,-11.078487,11.567944,51.196659,428452.709070,428452.661253,0,8981,1,-6.604112,10.492057,59.079647,-0.119371,0.104645,0.097312
428452.717596,-4.767352,12.403186,50.965134,-10.983190,11.568032,51.189453,428452.712660,428452.661253,0,8982,1,-6.604112,10.492057,59.079647,-0.119371,0.104645,0.097312
428452.722887,-4.666239,12.403278,50.958046,-10.882076,11.568125,51.182362,428452.718198,428452.661253,0,8983,1,-6.604112,10.492057,59.079647,-0.119371,0.104645,0.097312
428452.726302,-4.580747,12.396287,51.001606,-10.782701,11.575287,51.124817,428452.721695,428452.677940,0,8984,1,-6.225178,10.803401,59.165871,-0.149760,0.114505,0.088736
428452.729976,-4.487564,12.396374,50.994713,-10.689519,11.575373,51.117920,428452.725378,428452.677940,0,8985,1,-6.225178,10.803401,59.165871,-0.149760,0.114505,0.088736
428452.735125,-4.389611,12.396463,50.987896,-10.591566,11.575462,51.111107,428452.730481,428452.677940,0,8986,1,-6.225178,10.803401,59.165871,-0.149760,0.114505,0.088736
428452.739078,-4.290259,12.396553,50.981178,-10.492214,11.575553,51.104393,428452.734466,428452.677940,0,8987,1,-6.225178,10.803401,59.165871,-0.149760,0.114505,0.088736
428452.742781,-4.194867,12.389101,51.031464,-10.392393,11.583183,51.040802,428452.738181,428452.694628,0,8988,1,-5.907992,10.706840,59.151520,-0.140237,0.105941,0.085370
428452.746456,-4.096639,12.389190,51.024879,-10.294164,11.583272,51.034218,428452.741860,428452.694628,0,8989,1,-5.907992,10.706840,59.151520,-0.140237,0.105941,0.085370
428452.751173,-3.994693,12.389282,51.018353,-10.192219,11.583364,51.027691,428452.746587,428452.694628,0,8990,1,-5.907992,10.706840,59.151520,-0.140237,0.105941,0.085370
428452.755225,-3.891239,12.389375,51.011898,-10.088765,11.583457,51.021236,428452.750612,428452.694628,0,8991,1,-5.907992,10.706840,59.151520,-0.140237,0.105941,0.085370
428452.759867,-3.790090,12.393575,51.040813,-9.995813,11.610419,50.979912,428452.755264,428452.711315,0,8992,1,-5.532038,11.000736,59.373379,-0.167692,0.109735,0.070372
428452.764064,-3.691370,12.412312,51.034828,-9.897095,11.629157,50.973923,428452.759384,428452.711315,0,8993,1,-5.532038,11.000736,59.373379,-0.167692,0.109735,0.070372
428452.767732,-3.592177,12.430829,51.029049,-9.797902,11.647675,50.968143,428452.763091,428452.711315,0,8994,1,-5.532038,11.000736,59.373379,-0.167692,0.109735,0.070372
428452.772660,-3.479322,12.425256,51.071465,-9.687071,11.667441,50.914204,428452.768081,428452.728003,0,8995,1,-5.245460,10.883954,59.034496,-0.153790,0.091893,0.066756
428452.776327,-3.367556,12.432330,51.065773,-9.575305,11.674515,50.908512,428452.771727,428452.728003,0,8996,1,-5.245460,10.883954,59.034496,-0.153790,0.091893,0.066756
428452.779727,-3.256681,12.439328,51.060146,-9.464431,11.681513,50.902885,428452.775068,428452.728003,0,8997,1,-5.245460,10.883954,59.034496,-0.153790,0.091893,0.066756
428452.784820,-3.141486,12.446568,51.054600,-9.349236,11.688753,50.897335,428452.780010,428452.728003,0,8998,1,-5.245460,10.883954,59.034496,-0.153790,0.091893,0.066756
428452.788666,-3.025205,12.453851,51.049118,-9.232954,11.696035,50.891861,428452.784000,428452.728003,0,8999,1,-5.245460,10.883954,59.034496,-0.153790,0.091893,0.066756
428452.792574,-2.897368,12.451046,51.085766,-9.112514,11.725056,50.844528,428452.788012,428452.744691,0,9000,1,-4.828897,11.128866,59.317078,-0.176344,0.091316,0.051271
428452.797597,-2.768621,12.464424,51.080547,-8.983768,11.738435,50.839310,428452.793000,428452.744691,0,9001,1,-4.828897,11.128866,59.317078,-0.176344,0.091316,0.051271
428452.801903,-2.638835,12.477766,51.075470,-8.853981,11.751776,50.834229,428452.797017,428452.744691,0,9002,1,-4.828897,11.128866,59.317078,-0.176344,0.091316,0.051271
428452.805502,-2.505685,12.465676,51.088470,-8.733608,11.777348,50.811287,428452.800927,428452.761378,0,9003,1,-4.259982,11.148822,59.339138,-0.178135,0.101033,0.047454
428452.809179,-2.379008,12.472513,51.083626,-8.606932,11.784184,50.806438,428452.804577,428452.761378,0,9004,1,-4.259982,11.148822,59.339138,-0.178135,0.101033,0.047454
428452.814320,-2.247013,12.479760,51.078899,-8.474936,11.791430,50.801712,428452.809724,428452.761378,0,9005,1,-4.259982,11.148822,59.339138,-0.178135,0.101033,0.047454
428452.818469,-2.113966,12.487146,51.074306,-8.341889,11.798817,50.797119,428452.813748,428452.761378,0,9006,1,-4.259982,11.148822,59.339138,-0.178135,0.101033,0.047454
428452.822681,-1.960631,12.466448,51.079247,-8.201191,11.819757,50.782890,428452.818076,428452.778066,0,9007,1,-3.700064,11.152536,59.171886,-0.177671,0.102843,0.043286
428452.826197,-1.814640,12.466568,51.074596,-8.055201,11.819877,50.778240,428452.821576,428452.778066,0,9008,1,-3.700064,11.152536,59.171886,-0.177671,0.102843,0.043286
428452.829792,-1.668936,12.466688,51.069935,-7.909496,11.819996,50.773582,428452.825195,428452.778066,0,9009,1,-3.700064,11.152536,59.171886,-0.177671,0.102843,0.043286
428452.834858,-1.517653,12.466812,51.065262,-7.758213,11.820120,50.768909,428452.830217,428452.778066,0,9010,1,-3.700064,11.152536,59.171886,-0.177671,0.102843,0.043286
428452.838892,-1.363985,12.443124,51.053761,-7.621628,11.844049,50.770821,428452.834331,428452.794753,0,9011,1,-3.234206,11.210327,59.008499,-0.185503,0.094876,0.037640
428452.842215,-1.220263,12.443243,51.048836,-7.477906,11.844167,50.765896,428452.837658,428452.794753,0,9012,1,-3.234206,11.210327,59.008499,-0.185503,0.094876,0.037640
428452.847095,-1.071602,12.443366,51.043774,-7.329246,11.844290,50.760834,428452.842504,428452.794753,0,9013,1,-3.234206,11.210327,59.008499,-0.185503,0.094876,0.037640
428452.851055,-0.921871,12.443490,51.038582,-7.179514,11.844415,50.755646,428452.846453,428452.794753,0,9014,1,-3.234206,11.210327,59.008499,-0.185503,0.094876,0.037640
428452.855729,-0.774480,12.418361,51.019119,-7.052078,11.869774,50.764732,428452.851121,428452.811441,0,9015,1,-2.797752,11.061176,59.231632,-0.169003,0.085938,0.027468
428452.859148,-0.637901,12.418475,51.013924,-6.915499,11.869888,50.759537,428452.854549,428452.811441,0,9016,1,-2.797752,11.061176,59.231632,-0.169003,0.085938,0.027468
428452.864202,-0.495764,12.418593,51.008713,-6.773362,11.870007,50.754326,428452.859609,428452.811441,0,9017,1,-2.797752,11.061176,59.231632,-0.169003,0.085938,0.027468
428452.868204,-0.352455,12.418713,51.003490,-6.630053,11.870126,50.749096,428452.863623,428452.811441,0,9018,1,-2.797752,11.061176,59.231632,-0.169003,0.085938,0.027468
428452.871814,-0.214526,12.391079,50.966442,-6.508512,11.897980,50.775417,428452.867209,428452.828128,0,9019,1,-2.375525,11.010511,58.938721,-0.165304,0.070957,0.021394
428452.876211,-0.082126,12.391191,50.960918,-6.376112,11.898091,50.769886,428452.871610,428452.828128,0,9020,1,-2.375525,11.010511,58.938721,-0.165304,0.070957,0.021394
428452.879850,0.050041,12.391303,50.955235,-6.243946,11.898204,50.764206,428452.875254,428452.828128,0,9021,1,-2.375525,11.010511,58.938721,-0.165304,0.070957,0.021394
428452.884844,0.189485,12.361322,50.926376,-6.121964,11.928407,50.781368,428452.880211,428452.844816,0,9022,1,-1.878780,11.343123,59.021317,-0.202615,0.067303,0.006142
428452.888872,0.320926,12.361435,50.920364,-5.990522,11.928519,50.775352,428452.884240,428452.844816,0,9023,1,-1.878780,11.343123,59.021317,-0.202615,0.067303,0.006142
428452.892210,0.450781,12.361547,50.914181,-5.860667,11.928631,50.769173,428452.887609,428452.844816,0,9024,1,-1.878780,11.343123,59.021317,-0.202615,0.067303,0.006142
428452.896993,0.583504,12.361661,50.907829,-5.727944,11.928745,50.762817,428452.892222,428452.844816,0,9025,1,-1.878780,11.343123,59.021317,-0.202615,0.067303,0.006142
428452.900954,0.716743,12.361776,50.901302,-5.594706,11.928861,50.756294,428452.896227,428452.844816,0,9026,1,-1.878780,11.343123,59.021317,-0.202615,0.067303,0.006142
428452.905936,0.863791,12.331938,50.851151,-5.464556,11.958939,50.793144,428452.901361,428452.861503,0,9027,1,-1.279755,11.274673,59.004436,-0.198502,0.071284,0.008875
428452.909280,1.000072,12.332055,50.844395,-5.328274,11.959056,50.786388,428452.904664,428452.861503,0,9028,1,-1.279755,11.274673,59.004436,-0.198502,0.071284,0.008875
428452.914313,1.140090,12.332176,50.837513,-5.188257,11.959177,50.779503,428452.909622,428452.861503,0,9029,1,-1.279755,11.274673,59.004436,-0.198502,0.071284,0.008875
428452.918567,1.293860,12.300787,50.800270,-5.046479,11.990821,50.802792,428452.913965,428452.878191,0,9030,1,-0.644492,11.187607,58.920258,-0.191696,0.078756,-0.004677
428452.921980,1.439421,12.300912,50.793213,-4.900918,11.990947,50.795734,428452.917383,428452.878191,0,9031,1,-0.644492,11.187607,58.920258,-0.191696,0.078756,-0.004677
428452.925419,1.583119,12.301037,50.786072,-4.757220,11.991071,50.788597,428452.920824,428452.878191,0,9032,1,-0.644492,11.187607,58.920258,-0.191696,0.078756,-0.004677
428452.929969,1.729234,12.301163,50.778839,-4.611105,11.991198,50.781361,428452.925356,428452.878191,0,9033,1,-0.644492,11.187607,58.920258,-0.191696,0.078756,-0.004677
428452.934318,1.870180,12.267632,50.742367,-4.484365,12.024964,50.803337,428452.929714,428452.894878,0,9034,1,-0.202288,11.038117,58.877151,-0.178781,0.070494,-0.014059
428452.938742,2.005683,12.267750,50.735077,-4.348862,12.025083,50.796047,428452.934144,428452.894878,0,9035,1,-0.202288,11.038117,58.877151,-0.178781,0.070494,-0.014059
428452.942176,2.139325,12.267867,50.727753,-4.215220,12.025200,50.788719,428452.937586,428452.894878,0,9036,1,-0.202288,11.038117,58.877151,-0.178781,0.070494,-0.014059
428452.947132,2.276396,12.267987,50.720383,-4.078149,12.025320,50.781349,428452.942531,428452.894878,0,9037,1,-0.202288,11.038117,58.877151,-0.178781,0.070494,-0.014059
428452.950626,2.404420,12.234212,50.697243,-3.958709,12.059316,50.789444,428452.945899,428452.911566,0,9038,1,0.271071,10.953698,58.599937,-0.173837,0.066854,-0.025726
428452.954937,2.529639,12.234324,50.689541,-3.833491,12.059428,50.781742,428452.950341,428452.911566,0,9039,1,0.271071,10.953698,58.599937,-0.173837,0.066854,-0.025726
428452.959605,2.656704,12.234438,50.681656,-3.706425,12.059542,50.773857,428452.954967,428452.911566,0,9040,1,0.271071,10.953698,58.599937,-0.173837,0.066854,-0.025726
428452.963555,2.783417,12.234551,50.673588,-3.579712,12.059656,50.765789,428452.958961,428452.911566,0,9041,1,0.271071,10.953698,58.599937,-0.173837,0.066854,-0.025726
428452.968869,2.909543,12.198327,50.631313,-3.467649,12.096097,50.791965,428452.964269,428452.928253,0,9042,1,0.759103,11.059802,58.859226,-0.187358,0.067646,-0.039818
428452.972015,3.025561,12.198433,50.623272,-3.351631,12.096203,50.783928,428452.967460,428452.928253,0,9043,1,0.759103,11.059802,58.859226,-0.187358,0.067646,-0.039818
428452.975933,3.140592,12.198539,50.615242,-3.236599,12.096308,50.775894,428452.971327,428452.928253,0,9044,1,0.759103,11.059802,58.859226,-0.187358,0.067646,-0.039818
428452.981046,3.256444,12.161354,50.577267,-3.128227,12.133698,50.797760,428452.976458,428452.944941,0,9045,1,1.213082,11.182329,58.666672,-0.205222,0.068226,-0.058099
428452.985018,3.367332,12.161456,50.569187,-3.017340,12.133801,50.789680,428452.980421,428452.944941,0,9046,1,1.213082,11.182329,58.666672,-0.205222,0.068226,-0.058099
428452.989109,3.477054,12.161558,50.561085,-2.907618,12.133902,50.781578,428452.984414,428452.944941,0,9047,1,1.213082,11.182329,58.666672,-0.205222,0.068226,-0.058099
428452.993246,3.585732,12.161658,50.552959,-2.798940,12.134003,50.773453,428452.988467,428452.944941,0,9048,1,1.213082,11.182329,58.666672,-0.205222,0.068226,-0.058099
428452.996988,3.690533,12.123027,50.516930,-2.702381,12.172824,50.793182,428452.992422,428452.961628,0,9049,1,1.511564,11.111877,58.693886,-0.201936,0.056067,-0.062981
428453.001288,3.790444,12.123121,50.508743,-2.602469,12.172918,50.784996,428452.996586,428452.961628,0,9050,1,1.511564,11.111877,58.693886,-0.201936,0.056067,-0.062981
428453.005029,3.888705,12.123215,50.500523,-2.504209,12.173011,50.776775,428453.000391,428452.961628,0,9051,1,1.511564,11.111877,58.693886,-0.201936,0.056067,-0.062981
428453.010104,3.987858,12.123308,50.492264,-2.405056,12.173105,50.768517,428453.005381,428452.961628,0,9052,1,1.511564,11.111877,58.693886,-0.201936,0.056067,-0.062981
428453.014396,4.083684,12.086403,50.477978,-2.319050,12.210187,50.766159,428453.009721,428452.978316,0,9053,1,1.871701,11.021914,58.540554,-0.195172,0.052854,-0.069359
428453.018676,4.173504,12.086491,50.469582,-2.229231,12.210274,50.757763,428453.014078,428452.978316,0,9054,1,1.871701,11.021914,58.540554,-0.195172,0.052854,-0.069359
428453.022861,4.261618,12.086576,50.461113,-2.141117,12.210361,50.749294,428453.018166,428452.978316,0,9055,1,1.871701,11.021914,58.540554,-0.195172,0.052854,-0.069359
428453.026777,4.347800,12.086661,50.452572,-2.054935,12.210445,50.740753,428453.022148,428452.978316,0,9056,1,1.871701,11.021914,58.540554,-0.195172,0.052854,-0.069359
428453.030505,4.431092,12.048965,50.428043,-1.978771,12.248302,50.748112,428453.025888,428452.995003,0,9057,1,2.215767,11.129303,58.491760,-0.209975,0.054232,-0.078928
428453.034251,4.508599,12.049045,50.419411,-1.901264,12.248380,50.739479,428453.029697,428452.995003,0,9058,1,2.215767,11.129303,58.491760,-0.209975,0.054232,-0.078928
428453.039314,4.585600,12.049123,50.410728,-1.824262,12.248459,50.730801,428453.034708,428452.995003,0,9059,1,2.215767,11.129303,58.491760,-0.209975,0.054232,-0.078928
428453.043308,4.660413,12.049200,50.402004,-1.749450,12.248535,50.722073,428453.038699,428452.995003,0,9060,1,2.215767,11.129303,58.491760,-0.209975,0.054232,-0.078928
428453.046638,4.736510,12.013835,50.387154,-1.679084,12.284052,50.719284,428453.042034,428453.011691,0,9061,1,2.585116,11.123901,58.449200,-0.213939,0.060468,-0.081613
428453.051062,4.808209,12.013910,50.378242,-1.607384,12.284127,50.710369,428453.046464,428453.011691,0,9062,1,2.585116,11.123901,58.449200,-0.213939,0.060468,-0.081613
428453.054497,4.877044,12.013984,50.369236,-1.538550,12.284201,50.701363,428453.049901,428453.011691,0,9063,1,2.585116,11.123901,58.449200,-0.213939,0.060468,-0.081613
428453.058899,4.944264,12.014055,50.360130,-1.471330,12.284272,50.692261,428453.054304,428453.011691,0,9064,1,2.585116,11.123901,58.449200,-0.213939,0.060468,-0.081613
428453.063461,5.009931,12.014127,50.350929,-1.405662,12.284344,50.683060,428453.058865,428453.011691,0,9065,1,2.585116,11.123901,58.449200,-0.213939,0.060468,-0.081613
428453.068699,5.074607,12.014197,50.341629,-1.340987,12.284414,50.673756,428453.064102,428453.011691,0,9066,1,2.585116,11.123901,58.449200,-0.213939,0.060468,-0.081613
428453.072389,5.136460,12.014267,50.332222,-1.279134,12.284484,50.664352,428453.067740,428453.011691,0,9067,1,2.585116,11.123901,58.449200,-0.213939,0.060468,-0.081613
428453.076539,5.208825,11.980506,50.328690,-1.214980,12.318392,50.649044,428453.071932,428453.028516,0,9068,1,2.771079,11.014336,58.486172,-0.206760,0.049730,-0.089563
428453.080253,5.274320,11.980578,50.319271,-1.149485,12.318463,50.639622,428453.075655,428453.028516,0,9069,1,2.771079,11.014336,58.486172,-0.206760,0.049730,-0.089563
428453.083942,5.337126,11.980648,50.309849,-1.086679,12.318533,50.630199,428453.079345,428453.028516,0,9070,1,2.771079,11.014336,58.486172,-0.206760,0.049730,-0.089563
428453.089146,5.398690,11.980717,50.300423,-1.025115,12.318602,50.620770,428453.084415,428453.028516,0,9071,1,2.771079,11.014336,58.486172,-0.206760,0.049730,-0.089563
428453.093486,5.449924,11.949442,50.292686,-0.979096,12.349994,50.609837,428453.088884,428453.045211,0,9072,1,2.891673,10.839927,58.487511,-0.191423,0.039319,-0.090045
428453.096949,5.495926,11.949498,50.283428,-0.933094,12.350051,50.600578,428453.092345,428453.045211,0,9073,1,2.891673,10.839927,58.487511,-0.191423,0.039319,-0.090045
428453.101038,5.539732,11.949553,50.274246,-0.889288,12.350105,50.591400,428453.096400,428453.045211,0,9074,1,2.891673,10.839927,58.487511,-0.191423,0.039319,-0.090045
428453.106025,5.581787,11.949607,50.265144,-0.847233,12.350159,50.582298,428453.101382,428453.045211,0,9075,1,2.891673,10.839927,58.487511,-0.191423,0.039319,-0.090045
428453.109983,5.625287,11.916257,50.264473,-0.807875,12.383615,50.564972,428453.105387,428453.061905,0,9076,1,3.179998,10.850638,58.463570,-0.196077,0.050006,-0.096883
428453.113765,5.664259,11.916307,50.255581,-0.768903,12.383666,50.556080,428453.109169,428453.061905,0,9077,1,3.179998,10.850638,58.463570,-0.196077,0.050006,-0.096883
428453.117917,5.700911,11.916356,50.246792,-0.732252,12.383715,50.547291,428453.113203,428453.061905,0,9078,1,3.179998,10.850638,58.463570,-0.196077,0.050006,-0.096883
428453.121860,5.735227,11.916403,50.238110,-0.697935,12.383761,50.538612,428453.117179,428453.061905,0,9079,1,3.179998,10.850638,58.463570,-0.196077,0.050006,-0.096883
428453.127160,5.760796,11.885249,50.220901,-0.678650,12.414989,50.538773,428453.122557,428453.078600,0,9080,1,3.259553,10.873978,58.498318,-0.195595,0.045706,-0.104420
428453.131095,5.780885,11.885284,50.212521,-0.658562,12.415025,50.530392,428453.126495,428453.078600,0,9081,1,3.259553,10.873978,58.498318,-0.195595,0.045706,-0.104420
428453.134536,5.798672,11.885318,50.204277,-0.640775,12.415057,50.522152,428453.129942,428453.078600,0,9082,1,3.259553,10.873978,58.498318,-0.195595,0.045706,-0.104420
428453.138579,5.814098,11.885349,50.196186,-0.625348,12.415089,50.514057,428453.133930,428453.078600,0,9083,1,3.259553,10.873978,58.498318,-0.195595,0.045706,-0.104420
428453.142901,5.823242,11.857337,50.173935,-0.614492,12.443155,50.520237,428453.138300,428453.095294,0,9084,1,3.261691,10.726803,58.333660,-0.179687,0.035547,-0.103306
428453.146356,5.831023,11.857362,50.165955,-0.606710,12.443180,50.512257,428453.141760,428453.095294,0,9085,1,3.261691,10.726803,58.333660,-0.179687,0.035547,-0.103306
428453.151520,5.835824,11.857385,50.158028,-0.601910,12.443203,50.504330,428453.146925,428453.095294,0,9086,1,3.261691,10.726803,58.333660,-0.179687,0.035547,-0.103306
428453.155560,5.838109,11.857406,50.150166,-0.599625,12.443224,50.496464,428453.150949,428453.095294,0,9087,1,3.261691,10.726803,58.333660,-0.179687,0.035547,-0.103306
428453.158987,5.851811,11.832466,50.129299,-0.584431,12.468223,50.501839,428453.154345,428453.111989,0,9088,1,3.328446,10.734566,58.428513,-0.179244,0.033287,-0.105576
428453.163422,5.863416,11.832494,50.121700,-0.572826,12.468249,50.494240,428453.158822,428453.111989,0,9089,1,3.328446,10.734566,58.428513,-0.179244,0.033287,-0.105576
428453.168503,5.871933,11.832518,50.114254,-0.564309,12.468274,50.486794,428453.163908,428453.111989,0,9090,1,3.328446,10.734566,58.428513,-0.179244,0.033287,-0.105576
428453.172470,5.877841,11.832541,50.106960,-0.558402,12.468296,50.479500,428453.167887,428453.111989,0,9091,1,3.328446,10.734566,58.428513,-0.179244,0.033287,-0.105576
428453.175829,5.879376,11.809877,50.084900,-0.553475,12.490999,50.487297,428453.171227,428453.128683,0,9092,1,3.421286,10.863041,58.564075,-0.191012,0.042649,-0.113720
428453.180505,5.879674,11.809895,50.077938,-0.553178,12.491016,50.480331,428453.175906,428453.128683,0,9093,1,3.421286,10.863041,58.564075,-0.191012,0.042649,-0.113720
428453.184349,5.879665,11.809911,50.071144,-0.553187,12.491033,50.473534,428453.179683,428453.128683,0,9094,1,3.421286,10.863041,58.564075,-0.191012,0.042649,-0.113720
428453.189674,5.878731,11.792553,50.056293,-0.552271,12.508423,50.475117,428453.185071,428453.145378,0,9095,1,3.333268,10.720492,58.509262,-0.177110,0.031454,-0.106835
428453.192771,5.878723,11.792568,50.049828,-0.552279,12.508439,50.468651,428453.188075,428453.145378,0,9096,1,3.333268,10.720492,58.509262,-0.177110,0.031454,-0.106835
428453.196810,5.878715,11.792583,50.043522,-0.552288,12.508454,50.462345,428453.192090,428453.145378,0,9097,1,3.333268,10.720492,58.509262,-0.177110,0.031454,-0.106835
428453.201739,5.878706,11.792599,50.037392,-0.552296,12.508469,50.456215,428453.197044,428453.145378,0,9098,1,3.333268,10.720492,58.509262,-0.177110,0.031454,-0.106835
428453.205786,5.876553,11.778543,50.034031,-0.550159,12.522554,50.447521,428453.201086,428453.162072,0,9099,1,3.294986,10.848510,58.519096,-0.191422,0.033289,-0.109793
428453.209769,5.876545,11.778557,50.028111,-0.550167,12.522569,50.441597,428453.205211,428453.162072,0,9100,1,3.294986,10.848510,58.519096,-0.191422,0.033289,-0.109793
428453.213834,5.876537,11.778571,50.022297,-0.550175,12.522583,50.435787,428453.209276,428453.162072,0,9101,1,3.294986,10.848510,58.519096,-0.191422,0.033289,-0.109793
428453.218231,5.876530,11.778584,50.016594,-0.550182,12.522596,50.430084,428453.213345,428453.162072,0,9102,1,3.294986,10.848510,58.519096,-0.191422,0.033289,-0.109793
428453.221846,5.875539,11.766755,49.993725,-0.549207,12.534454,50.441761,428453.217257,428453.178767,0,9103,1,3.229641,10.769516,58.571205,-0.185361,0.037312,-0.101057
428453.227025,5.875532,11.766768,49.988232,-0.549214,12.534468,50.436272,428453.222422,428453.178767,0,9104,1,3.229641,10.769516,58.571205,-0.185361,0.037312,-0.101057
428453.231056,5.875525,11.766782,49.982849,-0.549221,12.534480,50.430889,428453.226466,428453.178767,0,9105,1,3.229641,10.769516,58.571205,-0.185361,0.037312,-0.101057
428453.234649,5.875517,11.766794,49.977577,-0.549228,12.534493,50.425613,428453.230005,428453.178767,0,9106,1,3.229641,10.769516,58.571205,-0.185361,0.037312,-0.101057
428453.238050,5.875737,11.757258,49.962662,-0.549462,12.544053,50.430199,428453.233431,428453.195461,0,9107,1,3.069383,10.825764,58.607590,-0.191929,0.036537,-0.110972
428453.242688,5.875731,11.757271,49.957611,-0.549469,12.544065,50.425144,428453.238087,428453.195461,0,9108,1,3.069383,10.825764,58.607590,-0.191929,0.036537,-0.110972
428453.247906,5.875724,11.757283,49.952675,-0.549475,12.544078,50.420212,428453.243277,428453.195461,0,9109,1,3.069383,10.825764,58.607590,-0.191929,0.036537,-0.110972
428453.250878,5.875718,11.757295,49.947857,-0.549482,12.544089,50.415390,428453.246255,428453.195461,0,9110,1,3.069383,10.825764,58.607590,-0.191929,0.036537,-0.110972
428453.256461,5.877956,11.751838,49.923264,-0.551732,12.549569,50.430801,428453.251859,428453.212156,0,9111,1,2.961241,10.772592,58.813202,-0.186098,0.041519,-0.098177
428453.258861,5.877950,11.751848,49.918896,-0.551738,12.549580,50.426434,428453.254259,428453.212156,0,9112,1,2.961241,10.772592,58.813202,-0.186098,0.041519,-0.098177
428453.263921,5.877944,11.751859,49.914761,-0.551744,12.549589,50.422298,428453.259331,428453.212156,0,9113,1,2.961241,10.772592,58.813202,-0.186098,0.041519,-0.098177
428453.267921,5.877939,11.751868,49.910854,-0.551749,12.549599,50.418392,428453.263341,428453.212156,0,9114,1,2.961241,10.772592,58.813202,-0.186098,0.041519,-0.098177
428453.271327,5.878448,11.750449,49.894436,-0.552269,12.551037,50.427330,428453.266720,428453.228850,0,9115,1,2.744233,10.831942,58.681599,-0.192526,0.040131,-0.095049
428453.276004,5.878444,11.750458,49.890858,-0.552274,12.551045,50.423752,428453.271401,428453.228850,0,9116,1,2.744233,10.831942,58.681599,-0.192526,0.040131,-0.095049
428453.281070,5.878439,11.750466,49.887451,-0.552278,12.551053,50.420345,428453.276260,428453.228850,0,9117,1,2.744233,10.831942,58.681599,-0.192526,0.040131,-0.095049
428453.284767,5.879409,11.750701,49.885372,-0.553256,12.550834,50.415695,428453.280181,428453.245545,0,9118,1,2.506914,11.065488,58.602749,-0.214100,0.041810,-0.095275
428453.288201,5.879405,11.750710,49.882046,-0.553261,12.550842,50.412369,428453.283597,428453.245545,0,9119,1,2.506914,11.065488,58.602749,-0.214100,0.041810,-0.095275
428453.293212,5.842113,11.750690,49.878811,-0.590553,12.550822,50.409134,428453.288607,428453.245545,0,9120,1,2.506914,11.065488,58.602749,-0.214100,0.041810,-0.095275
428453.297222,5.771822,11.750645,49.875668,-0.660843,12.550777,50.405987,428453.292439,428453.245545,0,9121,1,2.506914,11.065488,58.602749,-0.214100,0.041810,-0.095275
428453.301033,5.696445,11.755961,49.880463,-0.736778,12.545363,50.394695,428453.296456,428453.262239,0,9122,1,2.274378,11.206663,58.471638,-0.225186,0.045377,-0.082533
428453.304706,5.619495,11.755913,49.877113,-0.813729,12.545315,50.391346,428453.300107,428453.262239,0,9123,1,2.274378,11.206663,58.471638,-0.225186,0.045377,-0.082533
428453.309963,5.537247,11.755860,49.873661,-0.895977,12.545262,50.387894,428453.305323,428453.262239,0,9124,1,2.274378,11.206663,58.471638,-0.225186,0.045377,-0.082533
428453.313995,5.452945,11.755806,49.870106,-0.980279,12.545208,50.384335,428453.309342,428453.262239,0,9125,1,2.274378,11.206663,58.471638,-0.225186,0.045377,-0.082533
428453.318110,5.374279,11.764609,49.890228,-1.060748,12.536304,50.356655,428453.313437,428453.278934,0,9126,1,1.994613,11.246998,58.428062,-0.227391,0.046925,-0.074562
428453.321798,5.293253,11.764559,49.886234,-1.141773,12.536253,50.352665,428453.317198,428453.278934,0,9127,1,1.994613,11.246998,58.428062,-0.227391,0.046925,-0.074562
428453.327011,5.207335,11.764505,49.882030,-1.227692,12.536200,50.348461,428453.322278,428453.278934,0,9128,1,1.994613,11.246998,58.428062,-0.227391,0.046925,-0.074562
428453.331344,5.118344,11.764450,49.877605,-1.316683,12.536144,50.344032,428453.326732,428453.278934,0,9129,1,1.994613,11.246998,58.428062,-0.227391,0.046925,-0.074562
428453.333748,5.029463,11.775616,49.877724,-1.408750,12.524865,50.334694,428453.329146,428453.295628,0,9130,1,1.699149,11.194647,58.423576,-0.221403,0.055506,-0.066505
428453.338988,4.933373,11.775556,49.872929,-1.504839,12.524805,50.329899,428453.334389,428453.295628,0,9131,1,1.699149,11.194647,58.423576,-0.221403,0.055506,-0.066505
428453.343496,4.834059,11.775494,49.867935,-1.604154,12.524744,50.324909,428453.338874,428453.295628,0,9132,1,1.699149,11.194647,58.423576,-0.221403,0.055506,-0.066505
428453.347062,4.734207,11.775433,49.862747,-1.704006,12.524682,50.319717,428453.342463,428453.295628,0,9133,1,1.699149,11.194647,58.423576,-0.221403,0.055506,-0.066505
428453.350414,4.643879,11.787134,49.875843,-1.796888,12.512870,50.295898,428453.345812,428453.312323,0,9134,1,1.374469,11.131280,58.350933,-0.210909,0.061880,-0.072503
428453.355628,4.546742,11.787075,49.870319,-1.894026,12.512811,50.290375,428453.351025,428453.312323,0,9135,1,1.374469,11.131280,58.350933,-0.210909,0.061880,-0.072503
428453.359450,4.448622,11.787016,49.864628,-1.992147,12.512752,50.284683,428453.354752,428453.312323,0,9136,1,1.374469,11.131280,58.350933,-0.210909,0.061880,-0.072503
428453.363273,4.348911,11.786956,49.858757,-2.091857,12.512691,50.278812,428453.358667,428453.312323,0,9137,1,1.374469,11.131280,58.350933,-0.210909,0.061880,-0.072503
428453.367679,4.244810,11.802052,49.865013,-2.195570,12.497470,50.260555,428453.363080,428453.329017,0,9138,1,1.017343,11.038068,58.318733,-0.197900,0.067533,-0.059104
428453.371370,4.140102,11.801989,49.858883,-2.300278,12.497407,50.254425,428453.366775,428453.329017,0,9139,1,1.017343,11.038068,58.318733,-0.197900,0.067533,-0.059104
428453.376095,4.031449,11.801924,49.852608,-2.408930,12.497341,50.248150,428453.371460,428453.329017,0,9140,1,1.017343,11.038068,58.318733,-0.197900,0.067533,-0.059104
428453.380080,3.921058,11.801857,49.846180,-2.519321,12.497274,50.241726,428453.375490,428453.329017,0,9141,1,1.017343,11.038068,58.318733,-0.197900,0.067533,-0.059104
428453.384764,3.818039,11.818449,49.850105,-2.626452,12.480556,50.224979,428453.380164,428453.345712,0,9142,1,0.743069,10.742375,58.429485,-0.166484,0.083132,-0.052842
428453.388272,3.712933,11.818387,49.843712,-2.731558,12.480494,50.218586,428453.383675,428453.345712,0,9143,1,0.743069,10.742375,58.429485,-0.166484,0.083132,-0.052842
428453.393117,3.604208,11.818321,49.837334,-2.840284,12.480429,50.212208,428453.388326,428453.345712,0,9144,1,0.743069,10.742375,58.429485,-0.166484,0.083132,-0.052842
428453.396894,3.489039,11.839314,49.846733,-2.958223,12.459291,50.190460,428453.392306,428453.362406,0,9145,1,0.347459,10.922864,58.566483,-0.184447,0.091301,-0.037783
428453.400350,3.372933,11.839243,49.840752,-3.074329,12.459219,50.184483,428453.395756,428453.362406,0,9146,1,0.347459,10.922864,58.566483,-0.184447,0.091301,-0.037783
428453.405497,3.251652,11.839167,49.834969,-3.195610,12.459143,50.178703,428453.400853,428453.362406,0,9147,1,0.347459,10.922864,58.566483,-0.184447,0.091301,-0.037783
428453.409430,3.129937,11.839089,49.829380,-3.317326,12.459066,50.173107,428453.404616,428453.362406,0,9148,1,0.347459,10.922864,58.566483,-0.184447,0.091301,-0.037783
428453.413234,2.996810,11.861506,49.825108,-3.453508,12.436475,50.167015,428453.408636,428453.379101,0,9149,1,-0.020543,10.889464,58.791176,-0.180023,0.107325,-0.026565
428453.417774,2.858552,11.861414,49.820335,-3.591766,12.436384,50.162235,428453.413178,428453.379101,0,9150,1,-0.020543,10.889464,58.791176,-0.180023,0.107325,-0.026565
428453.421885,2.718576,11.861320,49.815964,-3.731742,12.436290,50.157864,428453.417246,428453.379101,0,9151,1,-0.020543,10.889464,58.791176,-0.180023,0.107325,-0.026565
428453.425875,2.577210,11.861225,49.811993,-3.873108,12.436194,50.153896,428453.421212,428453.379101,0,9152,1,-0.020543,10.889464,58.791176,-0.180023,0.107325,-0.026565
428453.430318,2.448105,11.887531,49.814186,-4.006670,12.409710,50.144680,428453.425721,428453.395795,0,9153,1,-0.532913,10.690798,58.755783,-0.154117,0.104406,-0.017486
428453.434562,2.314369,11.887439,49.811150,-4.140407,12.409617,50.141644,428453.429969,428453.395795,0,9154,1,-0.532913,10.690798,58.755783,-0.154117,0.104406,-0.017486
428453.438559,2.179209,11.887344,49.808601,-4.275566,12.409523,50.139095,428453.433967,428453.395795,0,9155,1,-0.532913,10.690798,58.755783,-0.154117,0.104406,-0.017486
428453.441998,2.044564,11.887249,49.806534,-4.410212,12.409428,50.137028,428453.437443,428453.395795,0,9156,1,-0.532913,10.690798,58.755783,-0.154117,0.104406,-0.017486
428453.446529,1.906233,11.887150,49.804966,-4.548542,12.409328,50.135460,428453.441976,428453.395795,0,9157,1,-0.532913,10.690798,58.755783,-0.154117,0.104406,-0.017486
428453.451233,1.764446,11.887047,49.803913,-4.690329,12.409225,50.134407,428453.446489,428453.395795,0,9158,1,-0.532913,10.690798,58.755783,-0.154117,0.104406,-0.017486
428453.454503,1.623574,11.886943,49.803368,-4.831201,12.409122,50.133858,428453.449913,428453.395795,0,9159,1,-0.532913,10.690798,58.755783,-0.154117,0.104406,-0.017486
428453.459499,1.477278,11.886834,49.803360,-4.977497,12.409014,50.133850,428453.454893,428453.395795,0,9160,1,-0.532913,10.690798,58.755783,-0.154117,0.104406,-0.017486
428453.462876,1.353054,11.911879,49.804531,-5.099072,12.383784,50.133362,428453.458274,428453.412490,0,9161,1,-0.977780,10.773226,58.781067,-0.158795,0.111298,-0.015231
428453.468347,1.223105,11.911779,49.805294,-5.229022,12.383686,50.134125,428453.463747,428453.412490,0,9162,1,-0.977780,10.773226,58.781067,-0.158795,0.111298,-0.015231
428453.472481,1.091709,11.911679,49.806473,-5.360418,12.383585,50.135303,428453.467801,428453.412490,0,9163,1,-0.977780,10.773226,58.781067,-0.158795,0.111298,-0.015231
428453.476527,0.971957,11.939384,49.805492,-5.482149,12.355693,50.139027,428453.471956,428453.428628,0,9164,1,-1.383298,10.567461,58.673851,-0.135529,0.124011,-0.005692
428453.480205,0.851373,11.939291,49.807083,-5.602733,12.355599,50.140610,428453.475605,428453.428628,0,9165,1,-1.383298,10.567461,58.673851,-0.135529,0.124011,-0.005692
428453.484364,0.729227,11.939196,49.808895,-5.724879,12.355504,50.142426,428453.479766,428453.428628,0,9166,1,-1.383298,10.567461,58.673851,-0.135529,0.124011,-0.005692
428453.488048,0.607355,11.939100,49.810944,-5.846751,12.355408,50.144470,428453.483406,428453.428628,0,9167,1,-1.383298,10.567461,58.673851,-0.135529,0.124011,-0.005692
428453.493354,0.472580,11.969491,49.803173,-5.977589,12.324809,50.156315,428453.488749,428453.445316,0,9168,1,-1.799769,10.743368,58.589825,-0.151206,0.135672,0.003817
428453.496996,0.340555,11.969388,49.805183,-6.109614,12.324706,50.158329,428453.492399,428453.445316,0,9169,1,-1.799769,10.743368,58.589825,-0.151206,0.135672,0.003817
428453.500514,0.209633,11.969286,49.807186,-6.240535,12.324603,50.160328,428453.495921,428453.445316,0,9170,1,-1.799769,10.743368,58.589825,-0.151206,0.135672,0.003817
428453.505245,0.075749,11.969181,49.809189,-6.374420,12.324499,50.162331,428453.500576,428453.445316,0,9171,1,-1.799769,10.743368,58.589825,-0.151206,0.135672,0.003817
428453.509120,-0.057361,11.998748,49.800903,-6.501275,12.294729,50.174225,428453.504545,428453.462003,0,9172,1,-2.350310,10.868047,58.582493,-0.159876,0.130155,0.011498
428453.513621,-0.189561,11.998646,49.802525,-6.633475,12.294627,50.175854,428453.509003,428453.462003,0,9173,1,-2.350310,10.868047,58.582493,-0.159876,0.130155,0.011498
428453.517604,-0.322246,11.998544,49.803974,-6.766160,12.294525,50.177296,428453.513005,428453.462003,0,9174,1,-2.350310,10.868047,58.582493,-0.159876,0.130155,0.011498
428453.522682,-0.458885,11.998439,49.805248,-6.902798,12.294420,50.178574,428453.518015,428453.462003,0,9175,1,-2.350310,10.868047,58.582493,-0.159876,0.130155,0.011498
428453.526094,-0.597841,12.031500,49.790207,-7.033823,12.261152,50.195778,428453.521496,428453.478691,0,9176,1,-2.851358,10.886111,58.724880,-0.162836,0.134940,0.023878
428453.529487,-0.730999,12.031399,49.791088,-7.166982,12.261051,50.196659,428453.524890,428453.478691,0,9177,1,-2.851358,10.886111,58.724880,-0.162836,0.134940,0.023878
428453.534810,-0.868492,12.031295,49.791786,-7.304474,12.260947,50.197361,428453.530010,428453.478691,0,9178,1,-2.851358,10.886111,58.724880,-0.162836,0.134940,0.023878
428453.538641,-1.005949,12.031191,49.792301,-7.441931,12.260843,50.197872,428453.533975,428453.478691,0,9179,1,-2.851358,10.886111,58.724880,-0.162836,0.134940,0.023878
428453.542904,-1.133472,12.060031,49.784309,-7.569945,12.231811,50.206795,428453.538304,428453.495378,0,9180,1,-3.332522,10.970490,59.021046,-0.171361,0.141246,0.018319
428453.546896,-1.261341,12.059935,49.784740,-7.697814,12.231714,50.207230,428453.542299,428453.495378,0,9181,1,-3.332522,10.970490,59.021046,-0.171361,0.141246,0.018319
428453.551146,-1.389613,12.059838,49.785141,-7.826086,12.231618,50.207630,428453.546393,428453.495378,0,9182,1,-3.332522,10.970490,59.021046,-0.171361,0.141246,0.018319
428453.554997,-1.517924,12.059742,49.785503,-7.954397,12.231522,50.207993,428453.550387,428453.495378,0,9183,1,-3.332522,10.970490,59.021046,-0.171361,0.141246,0.018319
428453.559608,-1.642589,12.091740,49.765656,-8.073934,12.199339,50.228733,428453.554969,428453.512066,0,9184,1,-3.877423,10.985600,59.057106,-0.175883,0.135234,0.026164
428453.563042,-1.763068,12.091649,49.766190,-8.194412,12.199248,50.229263,428453.558439,428453.512066,0,9185,1,-3.877423,10.985600,59.057106,-0.175883,0.135234,0.026164
428453.567462,-1.885012,12.091557,49.766808,-8.316357,12.199156,50.229885,428453.562879,428453.512066,0,9186,1,-3.877423,10.985600,59.057106,-0.175883,0.135234,0.026164
428453.572430,-2.004422,12.122054,49.758518,-8.435771,12.168476,50.240059,428453.567846,428453.528754,0,9187,1,-4.239841,10.764933,59.269901,-0.152947,0.152489,0.027981
428453.576837,-2.124562,12.121962,49.759785,-8.555910,12.168384,50.241325,428453.572238,428453.528754,0,9188,1,-4.239841,10.764933,59.269901,-0.152947,0.152489,0.027981
428453.580238,-2.242458,12.121870,49.761368,-8.673806,12.168292,50.242912,428453.575643,428453.528754,0,9189,1,-4.239841,10.764933,59.269901,-0.152947,0.152489,0.027981
428453.584252,-2.360048,12.121778,49.763271,-8.791396,12.168200,50.244816,428453.579661,428453.528754,0,9190,1,-4.239841,10.764933,59.269901,-0.152947,0.152489,0.027981
428453.589389,-2.463329,12.151943,49.753780,-8.882728,12.137878,50.258636,428453.584809,428453.545441,0,9191,1,-4.653801,10.693025,59.043064,-0.146094,0.152909,0.032620
428453.593626,-2.560370,12.151865,49.756226,-8.979768,12.137800,50.261082,428453.588987,428453.545441,0,9192,1,-4.653801,10.693025,59.043064,-0.146094,0.152909,0.032620
428453.597118,-2.655482,12.151788,49.758957,-9.074881,12.137723,50.263813,428453.592476,428453.545441,0,9193,1,-4.653801,10.693025,59.043064,-0.146094,0.152909,0.032620
428453.600848,-2.749133,12.151711,49.761971,-9.168531,12.137646,50.266827,428453.596145,428453.545441,0,9194,1,-4.653801,10.693025,59.043064,-0.146094,0.152909,0.032620
428453.606166,-2.855232,12.178396,49.743614,-9.266736,12.110792,50.291798,428453.601526,428453.562129,0,9195,1,-4.931024,10.550755,59.109749,-0.129354,0.172856,0.039063
428453.609061,-2.953788,12.178314,49.747200,-9.365293,12.110709,50.295383,428453.604463,428453.562129,0,9196,1,-4.931024,10.550755,59.109749,-0.129354,0.172856,0.039063
428453.613608,-3.052610,12.178231,49.751076,-9.464114,12.110626,50.299259,428453.609015,428453.562129,0,9197,1,-4.931024,10.550755,59.109749,-0.129354,0.172856,0.039063
428453.617725,-3.150345,12.178148,49.755245,-9.561849,12.110543,50.303425,428453.613033,428453.562129,0,9198,1,-4.931024,10.550755,59.109749,-0.129354,0.172856,0.039063
428453.621652,-3.252919,12.203650,49.757889,-9.649302,12.084879,50.309273,428453.617022,428453.578816,0,9199,1,-5.390763,10.572301,58.971676,-0.131069,0.166163,0.044576
428453.626357,-3.348232,12.203569,49.762226,-9.744615,12.084798,50.313606,428453.621752,428453.578816,0,9200,1,-5.390763,10.572301,58.971676,-0.131069,0.166163,0.044576
428453.630403,-3.442262,12.203488,49.766647,-9.838645,12.084717,50.318031,428453.625809,428453.578816,0,9201,1,-5.390763,10.572301,58.971676,-0.131069,0.166163,0.044576
428453.634221,-3.534028,12.203409,49.771164,-9.930410,12.084638,50.322544,428453.629378,428453.578816,0,9202,1,-5.390763,10.572301,58.971676,-0.131069,0.166163,0.044576
428453.639110,-3.635870,12.229680,49.779427,-10.013827,12.058207,50.323288,428453.634504,428453.595504,0,9203,1,-5.753093,10.515821,59.070099,-0.123283,0.167287,0.051629
428453.642666,-3.726103,12.229602,49.783909,-10.104060,12.058128,50.327770,428453.638067,428453.595504,0,9204,1,-5.753093,10.515821,59.070099,-0.123283,0.167287,0.051629
428453.646741,-3.814988,12.229525,49.788380,-10.192945,12.058051,50.332241,428453.642118,428453.595504,0,9205,1,-5.753093,10.515821,59.070099,-0.123283,0.167287,0.051629
428453.651707,-3.904218,12.229447,49.792843,-10.282175,12.057974,50.336708,428453.647096,428453.595504,0,9206,1,-5.753093,10.515821,59.070099,-0.123283,0.167287,0.051629
428453.655029,-3.999777,12.255741,49.802597,-10.364607,12.031527,50.335709,428453.650431,428453.612191,0,9207,1,-6.130825,10.240933,59.069973,-0.092711,0.163475,0.060413
428453.659688,-4.088587,12.255664,49.806885,-10.453417,12.031450,50.339996,428453.655093,428453.612191,0,9208,1,-6.130825,10.240933,59.069973,-0.092711,0.163475,0.060413
428453.664054,-4.176305,12.255589,49.811077,-10.541135,12.031375,50.344193,428453.659336,428453.612191,0,9209,1,-6.130825,10.240933,59.069973,-0.092711,0.163475,0.060413
428453.667838,-4.262325,12.255515,49.815186,-10.627155,12.031301,50.348293,428453.663256,428453.612191,0,9210,1,-6.130825,10.240933,59.069973,-0.092711,0.163475,0.060413
428453.671258,-4.357855,12.277235,49.815399,-10.709938,12.009428,50.356201,428453.666659,428453.628879,0,9211,1,-6.474336,10.518353,59.302074,-0.122824,0.170822,0.055861
428453.675946,-4.446745,12.277159,49.819408,-10.798829,12.009353,50.360210,428453.671352,428453.628879,0,9212,1,-6.474336,10.518353,59.302074,-0.122824,0.170822,0.055861
428453.680733,-4.535276,12.277083,49.823360,-10.887360,12.009276,50.364162,428453.676062,428453.628879,0,9213,1,-6.474336,10.518353,59.302074,-0.122824,0.170822,0.055861
428453.685205,-4.616860,12.298148,49.832264,-10.955023,11.988082,50.363075,428453.680491,428453.645566,0,9214,1,-6.787910,10.488300,59.263065,-0.125026,0.163301,0.062224
428453.689291,-4.690142,12.298084,49.836136,-11.028304,11.988018,50.366947,428453.684642,428453.645566,0,9215,1,-6.787910,10.488300,59.263065,-0.125026,0.163301,0.062224
428453.693237,-4.761810,12.298021,49.839962,-11.099972,11.987955,50.370777,428453.688622,428453.645566,0,9216,1,-6.787910,10.488300,59.263065,-0.125026,0.163301,0.062224
428453.697328,-4.831812,12.297959,49.843746,-11.169975,11.987894,50.374557,428453.692556,428453.645566,0,9217,1,-6.787910,10.488300,59.263065,-0.125026,0.163301,0.062224
428453.701140,-4.891472,12.319140,49.847439,-11.218522,11.966615,50.378345,428453.696535,428453.662254,0,9218,1,-7.103935,10.372066,59.160450,-0.116946,0.154766,0.067936
428453.705135,-4.944004,12.319092,49.851139,-11.271052,11.966567,50.382050,428453.700564,428453.662254,0,9219,1,-7.103935,10.372066,59.160450,-0.116946,0.154766,0.067936
428453.709122,-4.994860,12.319045,49.854809,-11.321910,11.966520,50.385719,428453.704553,428453.662254,0,9220,1,-7.103935,10.372066,59.160450,-0.116946,0.154766,0.067936
428453.714201,-5.044837,12.318999,49.858440,-11.371886,11.966474,50.389351,428453.709589,428453.662254,0,9221,1,-7.103935,10.372066,59.160450,-0.116946,0.154766,0.067936
428453.717584,-5.100703,12.334474,49.860802,-11.419181,11.950905,50.394573,428453.712930,428453.678941,0,9222,1,-7.296146,10.453088,59.506641,-0.127775,0.164389,0.064083
428453.722919,-5.151266,12.334426,49.864761,-11.469744,11.950857,50.398533,428453.718301,428453.678941,0,9223,1,-7.296146,10.453088,59.506641,-0.127775,0.164389,0.064083
428453.725881,-5.198911,12.334380,49.868877,-11.517389,11.950811,50.402649,428453.721297,428453.678941,0,9224,1,-7.296146,10.453088,59.506641,-0.127775,0.164389,0.064083
428453.731398,-5.245396,12.334335,49.873158,-11.563873,11.950767,50.406929,428453.726791,428453.678941,0,9225,1,-7.296146,10.453088,59.506641,-0.127775,0.164389,0.064083
428453.734652,-5.299901,12.353054,49.883518,-11.602233,11.931956,50.405479,428453.729952,428453.695629,0,9226,1,-7.488926,10.426133,59.455738,-0.126860,0.163813,0.065785
428453.738932,-5.344370,12.353010,49.888149,-11.646702,11.931912,50.410114,428453.734328,428453.695629,0,9227,1,-7.488926,10.426133,59.455738,-0.126860,0.163813,0.065785
428453.743015,-5.386672,12.352967,49.892963,-11.689003,11.931870,50.414925,428453.738415,428453.695629,0,9228,1,-7.488926,10.426133,59.455738,-0.126860,0.163813,0.065785
428453.747024,-5.426762,12.352925,49.897949,-11.729093,11.931828,50.419910,428453.742409,428453.695629,0,9229,1,-7.488926,10.426133,59.455738,-0.126860,0.163813,0.065785
428453.750564,-5.480825,12.370196,49.886833,-11.783432,11.914450,50.441555,428453.745955,428453.712316,0,9230,1,-7.582101,10.294616,59.606480,-0.113828,0.174438,0.074230
428453.755206,-5.533650,12.370144,49.892353,-11.836258,11.914396,50.447075,428453.750597,428453.712316,0,9231,1,-7.582101,10.294616,59.606480,-0.113828,0.174438,0.074230
428453.759405,-5.584723,12.370091,49.898136,-11.887331,11.914345,50.452858,428453.754803,428453.712316,0,9232,1,-7.582101,10.294616,59.606480,-0.113828,0.174438,0.074230
428453.763397,-5.633909,12.370040,49.904182,-11.936517,11.914293,50.458900,428453.758778,428453.712316,0,9233,1,-7.582101,10.294616,59.606480,-0.113828,0.174438,0.074230
428453.767775,-5.668825,12.388103,49.920078,-11.961038,11.896156,50.455265,428453.763164,428453.729004,0,9234,1,-7.848610,10.228484,59.498047,-0.109406,0.154823,0.078800
428453.771448,-5.696655,12.388067,49.926311,-11.988868,11.896120,50.461506,428453.766838,428453.729004,0,9235,1,-7.848610,10.228484,59.498047,-0.109406,0.154823,0.078800
428453.776611,-5.722943,12.388032,49.932659,-12.015157,11.896085,50.467854,428453.772004,428453.729004,0,9236,1,-7.848610,10.228484,59.498047,-0.109406,0.154823,0.078800
428453.780588,-5.747331,12.387999,49.939125,-12.039544,11.896051,50.474319,428453.775964,428453.729004,0,9237,1,-7.848610,10.228484,59.498047,-0.109406,0.154823,0.078800
428453.784557,-5.762786,12.405891,49.948246,-12.056924,11.878101,50.478447,428453.779987,428453.745691,0,9238,1,-7.940627,10.103590,59.753937,-0.095777,0.153949,0.084368
428453.788567,-5.777205,12.405865,49.955036,-12.071342,11.878074,50.485237,428453.783978,428453.745691,0,9239,1,-7.940627,10.103590,59.753937,-0.095777,0.153949,0.084368
428453.792623,-5.789594,12.405838,49.961998,-12.083732,11.878048,50.492199,428453.787953,428453.745691,0,9240,1,-7.940627,10.103590,59.753937,-0.095777,0.153949,0.084368
428453.796725,-5.797118,12.420906,49.954414,-12.099048,11.862928,50.513905,428453.792114,428453.762379,0,9241,1,-7.935688,10.159189,59.708382,-0.102584,0.161848,0.082243
428453.801906,-5.806146,12.420882,49.961578,-12.108076,11.862905,50.521061,428453.797301,428453.762379,0,9242,1,-7.935688,10.159189,59.708382,-0.102584,0.161848,0.082243
428453.806006,-5.813009,12.420859,49.968834,-12.114940,11.862882,50.528316,428453.801413,428453.762379,0,9243,1,-7.935688,10.159189,59.708382,-0.102584,0.161848,0.082243
428453.810040,-5.817740,12.420838,49.976189,-12.119670,11.862861,50.535675,428453.805387,428453.762379,0,9244,1,-7.935688,10.159189,59.708382,-0.102584,0.161848,0.082243
428453.813437,-5.817052,12.435896,49.998486,-12.120338,11.847767,50.528049,428453.808841,428453.779066,0,9245,1,-7.997629,10.138311,59.558559,-0.100035,0.147417,0.085023
428453.817250,-5.817042,12.435879,50.005806,-12.120329,11.847749,50.535370,428453.812655,428453.779066,0,9246,1,-7.997629,10.138311,59.558559,-0.100035,0.147417,0.085023
428453.822112,-5.817032,12.435861,50.013111,-12.120319,11.847731,50.542675,428453.817521,428453.779066,0,9247,1,-7.997629,10.138311,59.558559,-0.100035,0.147417,0.085023
428453.826147,-5.817022,12.435843,50.020401,-12.120310,11.847713,50.549965,428453.821471,428453.779066,0,9248,1,-7.997629,10.138311,59.558559,-0.100035,0.147417,0.085023
428453.830047,-5.811996,12.447120,50.011513,-12.125317,11.836401,50.573421,428453.825456,428453.795754,0,9249,1,-7.852400,10.095205,59.720253,-0.096236,0.165703,0.091317
428453.835085,-5.811986,12.447103,50.018791,-12.125307,11.836383,50.580700,428453.830371,428453.795754,0,9250,1,-7.852400,10.095205,59.720253,-0.096236,0.165703,0.091317
428453.838630,-5.811976,12.447084,50.026066,-12.125297,11.836366,50.587975,428453.834036,428453.795754,0,9251,1,-7.852400,10.095205,59.720253,-0.096236,0.165703,0.091317
428453.842614,-5.811967,12.447067,50.033329,-12.125287,11.836348,50.595238,428453.838019,428453.795754,0,9252,1,-7.852400,10.095205,59.720253,-0.096236,0.165703,0.091317
428453.846253,-5.811957,12.447049,50.040585,-12.125278,11.836330,50.602493,428453.841658,428453.795754,0,9253,1,-7.852400,10.095205,59.720253,-0.096236,0.165703,0.091317
428453.850886,-5.811947,12.447032,50.047832,-12.125268,11.836312,50.609741,428453.846291,428453.795754,0,9254,1,-7.852400,10.095205,59.720253,-0.096236,0.165703,0.091317
428453.856006,-5.811938,12.447014,50.055065,-12.125258,11.836295,50.616974,428453.851389,428453.795754,0,9255,1,-7.852400,10.095205,59.720253,-0.096236,0.165703,0.091317
428453.859979,-5.811928,12.446997,50.062290,-12.125249,11.836277,50.624195,428453.855388,428453.795754,0,9256,1,-7.852400,10.095205,59.720253,-0.096236,0.165703,0.091317
428453.863553,-5.809453,12.455221,50.070179,-12.127706,11.828018,50.630287,428453.858950,428453.812441,0,9257,1,-7.800820,10.170342,59.397545,-0.108028,0.156367,0.087003
428453.867000,-5.809443,12.455205,50.076931,-12.127697,11.828002,50.637043,428453.862401,428453.812441,0,9258,1,-7.800820,10.170342,59.397545,-0.108028,0.156367,0.087003
428453.872139,-5.809435,12.455189,50.083450,-12.127687,11.827987,50.643559,428453.867535,428453.812441,0,9259,1,-7.800820,10.170342,59.397545,-0.108028,0.156367,0.087003
428453.876114,-5.809426,12.455173,50.089729,-12.127680,11.827971,50.649837,428453.871530,428453.812441,0,9260,1,-7.800820,10.170342,59.397545,-0.108028,0.156367,0.087003
428453.879792,-5.810742,12.463541,50.108299,-12.126348,11.819575,50.643009,428453.875189,428453.828774,0,9261,1,-7.637044,10.180016,59.352615,-0.112888,0.163983,0.086387
428453.884632,-5.810735,12.463528,50.113758,-12.126341,11.819562,50.648468,428453.880034,428453.828774,0,9262,1,-7.637044,10.180016,59.352615,-0.112888,0.163983,0.086387
428453.888479,-5.810728,12.463515,50.118801,-12.126334,11.819550,50.653511,428453.883851,428453.828774,0,9263,1,-7.637044,10.180016,59.352615,-0.112888,0.163983,0.086387
428453.892623,-5.812618,12.470120,50.130497,-12.124432,11.812922,50.651192,428453.888048,428453.845455,0,9264,1,-7.448132,9.956298,59.424873,-0.093900,0.166069,0.088829
428453.896299,-5.812612,12.470110,50.134830,-12.124426,11.812911,50.655529,428453.891704,428453.845455,0,9265,1,-7.448132,9.956298,59.424873,-0.093900,0.166069,0.088829
428453.901069,-5.812607,12.470100,50.138802,-12.124420,11.812901,50.659496,428453.896358,428453.845455,0,9266,1,-7.448132,9.956298,59.424873,-0.093900,0.166069,0.088829
428453.904512,-5.812602,12.470092,50.142403,-12.124415,11.812893,50.663101,428453.899938,428453.845455,0,9267,1,-7.448132,9.956298,59.424873,-0.093900,0.166069,0.088829
428453.909672,-5.812312,12.475431,50.149101,-12.124697,11.807537,50.663261,428453.905070,428453.862135,0,9268,1,-7.345104,9.595452,59.401207,-0.065187,0.156351,0.087068
428453.913348,-5.812307,12.475423,50.152348,-12.124692,11.807528,50.666508,428453.908750,428453.862135,0,9269,1,-7.345104,9.595452,59.401207,-0.065187,0.156351,0.087068
428453.917896,-5.812304,12.475416,50.155407,-12.124688,11.807521,50.669567,428453.913270,428453.862135,0,9270,1,-7.345104,9.595452,59.401207,-0.065187,0.156351,0.087068
428453.921871,-5.812300,12.475409,50.158272,-12.124684,11.807514,50.672432,428453.917242,428453.862135,0,9271,1,-7.345104,9.595452,59.401207,-0.065187,0.156351,0.087068
428453.926170,-5.809982,12.479284,50.154716,-12.126994,11.803625,50.681442,428453.921573,428453.878816,0,9272,1,-7.233880,9.429985,59.308319,-0.053576,0.147803,0.085395
428453.930341,-5.809125,12.479279,50.157299,-12.126137,11.803619,50.684029,428453.925601,428453.878816,0,9273,1,-7.233880,9.429985,59.308319,-0.053576,0.147803,0.085395
428453.933724,-5.767273,12.479304,50.159683,-12.084285,11.803645,50.686409,428453.929130,428453.878816,0,9274,1,-7.233880,9.429985,59.308319,-0.053576,0.147803,0.085395
428453.938790,-5.721719,12.479333,50.161903,-12.038731,11.803674,50.688633,428453.934155,428453.878816,0,9275,1,-7.233880,9.429985,59.308319,-0.053576,0.147803,0.085395
428453.943101,-5.633458,12.481133,50.147072,-11.960568,11.801989,50.707340,428453.938503,428453.895496,0,9276,1,-6.853682,9.187241,58.885315,-0.028910,0.153084,0.090052
428453.946501,-5.550312,12.481191,50.148773,-11.877422,11.802046,50.709038,428453.941904,428453.895496,0,9277,1,-6.853682,9.187241,58.885315,-0.028910,0.153084,0.090052
428453.951832,-5.462974,12.481252,50.150223,-11.790085,11.802108,50.710491,428453.946926,428453.895496,0,9278,1,-6.853682,9.187241,58.885315,-0.028910,0.153084,0.090052
428453.955590,-5.374078,12.481316,50.151424,-11.701189,11.802171,50.711693,428453.950947,428453.895496,0,9279,1,-6.853682,9.187241,58.885315,-0.028910,0.153084,0.090052
428453.959287,-5.282990,12.479366,50.168785,-11.616031,11.804246,50.696358,428453.954684,428453.912177,0,9280,1,-6.784721,9.254214,59.066185,-0.038065,0.133311,0.072271
428453.963247,-5.193178,12.479431,50.169605,-11.526219,11.804311,50.697178,428453.958645,428453.912177,0,9281,1,-6.784721,9.254214,59.066185,-0.038065,0.133311,0.072271
428453.967935,-5.099691,12.479499,50.170219,-11.432733,11.804379,50.697792,428453.963306,428453.912177,0,9282,1,-6.784721,9.254214,59.066185,-0.038065,0.133311,0.072271
428453.971876,-5.004504,12.479568,50.170631,-11.337544,11.804449,50.698204,428453.967280,428453.912177,0,9283,1,-6.784721,9.254214,59.066185,-0.038065,0.133311,0.072271
428453.976212,-4.895695,12.475102,50.166580,-11.243408,11.809065,50.702740,428453.971652,428453.928857,0,9284,1,-6.435056,9.210665,58.861446,-0.031883,0.131829,0.074239
428453.979579,-4.794370,12.475178,50.166672,-11.142082,11.809140,50.702831,428453.974987,428453.928857,0,9285,1,-6.435056,9.210665,58.861446,-0.031883,0.131829,0.074239
428453.984890,-4.687236,12.475258,50.166592,-11.034949,11.809220,50.702751,428453.980183,428453.928857,0,9286,1,-6.435056,9.210665,58.861446,-0.031883,0.131829,0.074239
428453.989166,-4.596134,12.466243,50.169811,-10.954792,11.818364,50.699070,428453.984565,428453.945538,0,9287,1,-6.148617,9.133045,58.807671,-0.026703,0.131665,0.064134
428453.992577,-4.510040,12.466309,50.169399,-10.868698,11.818429,50.698658,428453.987980,428453.945538,0,9288,1,-6.148617,9.133045,58.807671,-0.026703,0.131665,0.064134
428453.995986,-4.423413,12.466374,50.168808,-10.782071,11.818495,50.698067,428453.991393,428453.945538,0,9289,1,-6.148617,9.133045,58.807671,-0.026703,0.131665,0.064134
428454.001173,-4.331778,12.466444,50.168022,-10.690436,11.818565,50.697281,428453.996417,428453.945538,0,9290,1,-6.148617,9.133045,58.807671,-0.026703,0.131665,0.064134
428454.005385,-4.260621,12.455479,50.183037,-10.626740,11.829637,50.680439,428454.000785,428453.962219,0,9291,1,-5.931792,9.157508,58.810951,-0.028205,0.121436,0.054804
428454.008826,-4.192660,12.455532,50.181957,-10.558779,11.829689,50.679359,428454.004229,428453.962219,0,9292,1,-5.931792,9.157508,58.810951,-0.028205,0.121436,0.054804
428454.013294,-4.122114,12.455587,50.180706,-10.488233,11.829745,50.678112,428454.008651,428453.962219,0,9293,1,-5.931792,9.157508,58.810951,-0.028205,0.121436,0.054804
428454.018133,-4.048440,12.455646,50.179283,-10.414557,11.829803,50.676685,428454.013427,428453.962219,0,9294,1,-5.931792,9.157508,58.810951,-0.028205,0.121436,0.054804
428454.022381,-3.948477,12.442318,50.168781,-10.329179,11.843277,50.683853,428454.017784,428453.978899,0,9295,1,-5.553474,9.166787,58.557140,-0.032766,0.118922,0.052649
428454.026187,-3.855808,12.442391,50.166897,-10.236510,11.843350,50.681969,428454.021428,428453.978899,0,9296,1,-5.553474,9.166787,58.557140,-0.032766,0.118922,0.052649
428454.030482,-3.761512,12.442467,50.164787,-10.142214,11.843426,50.679863,428454.025671,428453.978899,0,9297,1,-5.553474,9.166787,58.557140,-0.032766,0.118922,0.052649
428454.033920,-3.667495,12.442542,50.162468,-10.048197,11.843502,50.677540,428454.029200,428453.978899,0,9298,1,-5.553474,9.166787,58.557140,-0.032766,0.118922,0.052649
428454.039184,-3.583618,12.429553,50.183113,-9.980261,11.856615,50.652222,428454.034584,428453.995580,0,9299,1,-5.331244,9.074774,58.965801,-0.021959,0.111426,0.048618
428454.042520,-3.508217,12.429615,50.180729,-9.904860,11.856677,50.649841,428454.037922,428453.995580,0,9300,1,-5.331244,9.074774,58.965801,-0.021959,0.111426,0.048618
428454.047190,-3.430405,12.429679,50.178303,-9.827048,11.856741,50.647411,428454.042604,428453.995580,0,9301,1,-5.331244,9.074774,58.965801,-0.021959,0.111426,0.048618
428454.051530,-3.351666,12.429744,50.175823,-9.748308,11.856806,50.644932,428454.046695,428453.995580,0,9302,1,-5.331244,9.074774,58.965801,-0.021959,0.111426,0.048618
428454.055622,-3.260161,12.416877,50.199917,-9.671729,11.869809,50.616070,428454.051020,428454.012260,0,9303,1,-4.994114,9.111022,58.886272,-0.027520,0.107564,0.047326
428454.058985,-3.176997,12.416945,50.197632,-9.588565,11.869877,50.613785,428454.054384,428454.012260,0,9304,1,-4.994114,9.111022,58.886272,-0.027520,0.107564,0.047326
428454.063649,-3.091704,12.417013,50.195442,-9.503272,11.869946,50.611595,428454.059037,428454.012260,0,9305,1,-4.994114,9.111022,58.886272,-0.027520,0.107564,0.047326
428454.067617,-3.005960,12.417082,50.193352,-9.417528,11.870015,50.609505,428454.063022,428454.012260,0,9306,1,-4.994114,9.111022,58.886272,-0.027520,0.107564,0.047326
428454.071188,-2.896063,12.402224,50.218483,-9.329511,11.885031,50.580406,428454.066586,428454.028941,0,9307,1,-4.699401,9.051881,58.730930,-0.022845,0.093759,0.041386
428454.075658,-2.795559,12.402303,50.216625,-9.229007,11.885110,50.578545,428454.071062,428454.028941,0,9308,1,-4.699401,9.051881,58.730930,-0.022845,0.093759,0.041386
428454.080821,-2.692073,12.402384,50.214897,-9.125520,11.885191,50.576817,428454.076115,428454.028941,0,9309,1,-4.699401,9.051881,58.730930,-0.022845,0.093759,0.041386
428454.085140,-2.575596,12.385139,50.231350,-9.035000,11.902597,50.556965,428454.080540,428454.045621,0,9310,1,-4.360100,9.183618,58.623146,-0.039304,0.091367,0.036756
428454.088561,-2.473512,12.385220,50.229683,-8.932916,11.902678,50.555305,428454.083966,428454.045621,0,9311,1,-4.360100,9.183618,58.623146,-0.039304,0.091367,0.036756
428454.092237,-2.371979,12.385300,50.228058,-8.831382,11.902758,50.553677,428454.087644,428454.045621,0,9312,1,-4.360100,9.183618,58.623146,-0.039304,0.091367,0.036756
428454.097239,-2.267873,12.385381,50.226467,-8.727277,11.902839,50.552090,428454.092453,428454.045621,0,9313,1,-4.360100,9.183618,58.623146,-0.039304,0.091367,0.036756
428454.101005,-2.156999,12.367114,50.249790,-8.639651,11.921262,50.525509,428454.096433,428454.062302,0,9314,1,-4.015768,9.135778,58.629868,-0.033671,0.088836,0.035164
428454.104391,-2.058855,12.367191,50.248119,-8.541507,11.921339,50.523838,428454.099793,428454.062302,0,9315,1,-4.015768,9.135778,58.629868,-0.033671,0.088836,0.035164
428454.109122,-1.958132,12.367270,50.246410,-8.440784,11.921418,50.522133,428454.104480,428454.062302,0,9316,1,-4.015768,9.135778,58.629868,-0.033671,0.088836,0.035164
428454.113955,-1.854587,12.367352,50.244667,-8.337239,11.921499,50.520386,428454.109316,428454.062302,0,9317,1,-4.015768,9.135778,58.629868,-0.033671,0.088836,0.035164
428454.117286,-1.759824,12.348627,50.281883,-8.264438,11.940357,50.479465,428454.112688,428454.078983,0,9318,1,-3.709644,9.139354,58.589722,-0.034386,0.081445,0.028125
428454.122504,-1.673115,12.348697,50.279900,-8.177728,11.940427,50.477486,428454.117908,428454.078983,0,9319,1,-3.709644,9.139354,58.589722,-0.034386,0.081445,0.028125
428454.126688,-1.586238,12.348766,50.277790,-8.090852,11.940496,50.475372,428454.122007,428454.078983,0,9320,1,-3.709644,9.139354,58.589722,-0.034386,0.081445,0.028125
428454.130631,-1.499517,12.348837,50.275555,-8.004130,11.940566,50.473137,428454.125979,428454.078983,0,9321,1,-3.709644,9.139354,58.589722,-0.034386,0.081445,0.028125
428454.134250,-1.400314,12.327878,50.329121,-7.918983,11.961674,50.414684,428454.129570,428454.095663,0,9322,1,-3.332230,9.170076,58.392014,-0.037233,0.080331,0.022253
428454.138466,-1.307610,12.327953,50.326488,-7.826279,11.961749,50.412052,428454.133870,428454.095663,0,9323,1,-3.332230,9.170076,58.392014,-0.037233,0.080331,0.022253
428454.142665,-1.214914,12.328030,50.323658,-7.733583,11.961825,50.409225,428454.137963,428454.095663,0,9324,1,-3.332230,9.170076,58.392014,-0.037233,0.080331,0.022253
428454.146560,-1.122492,12.328106,50.320637,-7.641161,11.961902,50.406200,428454.141944,428454.095663,0,9325,1,-3.332230,9.170076,58.392014,-0.037233,0.080331,0.022253
428454.151784,-1.020084,12.307303,50.350658,-7.552030,11.982862,50.369797,428454.147073,428454.112344,0,9326,1,-3.087488,9.123787,58.541191,-0.033575,0.069688,0.015213
428454.155305,-0.925422,12.307382,50.347301,-7.457368,11.982941,50.366440,428454.150710,428454.112344,0,9327,1,-3.087488,9.123787,58.541191,-0.033575,0.069688,0.015213
428454.159380,-0.830721,12.307461,50.343777,-7.362667,11.983020,50.362919,428454.154790,428454.112344,0,9328,1,-3.087488,9.123787,58.541191,-0.033575,0.069688,0.015213
428454.163395,-0.736174,12.307541,50.340088,-7.268120,11.983099,50.359230,428454.158783,428454.112344,0,9329,1,-3.087488,9.123787,58.541191,-0.033575,0.069688,0.015213
428454.166754,-0.647644,12.287972,50.368900,-7.185288,12.002813,50.322765,428454.162154,428454.129024,0,9330,1,-2.596540,9.094520,58.414688,-0.033979,0.083283,0.017040
428454.171198,-0.561089,12.288047,50.364929,-7.098733,12.002888,50.318798,428454.166561,428454.129024,0,9331,1,-2.596540,9.094520,58.414688,-0.033979,0.083283,0.017040
428454.176328,-0.472159,12.288123,50.360806,-7.009803,12.002964,50.314671,428454.171729,428454.129024,0,9332,1,-2.596540,9.094520,58.414688,-0.033979,0.083283,0.017040
428454.180383,-0.383556,12.288199,50.356529,-6.921201,12.003040,50.310394,428454.175757,428454.129024,0,9333,1,-2.596540,9.094520,58.414688,-0.033979,0.083283,0.017040
428454.184076,-0.296373,12.269423,50.379665,-6.841817,12.021961,50.278515,428454.179479,428454.145705,0,9334,1,-2.329432,9.037066,58.416389,-0.033254,0.074540,0.010128
428454.188474,-0.212719,12.269497,50.375202,-6.758162,12.022035,50.274052,428454.183879,428454.145705,0,9335,1,-2.329432,9.037066,58.416389,-0.033254,0.074540,0.010128
428454.192154,-0.130355,12.269569,50.370636,-6.675799,12.022107,50.269485,428454.187483,428454.145705,0,9336,1,-2.329432,9.037066,58.416389,-0.033254,0.074540,0.010128
428454.197536,-0.040777,12.251973,50.378323,-6.593145,12.039854,50.252598,428454.192895,428454.162385,0,9337,1,-1.964499,9.104019,58.474926,-0.045489,0.078421,0.003291
428454.200908,0.043447,12.252047,50.373699,-6.508921,12.039927,50.247974,428454.196311,428454.162385,0,9338,1,-1.964499,9.104019,58.474926,-0.045489,0.078421,0.003291
428454.204749,0.126682,12.252120,50.369041,-6.425686,12.040001,50.243317,428454.200110,428454.162385,0,9339,1,-1.964499,9.104019,58.474926,-0.045489,0.078421,0.003291
428454.209434,0.210639,12.252194,50.364353,-6.341729,12.040075,50.238628,428454.204766,428454.162385,0,9340,1,-1.964499,9.104019,58.474926,-0.045489,0.078421,0.003291
428454.212915,0.305048,12.233543,50.376236,-6.255122,12.058883,50.217529,428454.208274,428454.179066,0,9341,1,-1.661299,8.992241,58.409172,-0.035958,0.071425,0.001452
428454.218078,0.397729,12.233624,50.371719,-6.162440,12.058963,50.213009,428454.213484,428454.179066,0,9342,1,-1.661299,8.992241,58.409172,-0.035958,0.071425,0.001452
428454.221710,0.488970,12.233703,50.367302,-6.071200,12.059041,50.208588,428454.217118,428454.179066,0,9343,1,-1.661299,8.992241,58.409172,-0.035958,0.071425,0.001452
428454.225273,0.578757,12.233780,50.362980,-5.981413,12.059118,50.204273,428454.220681,428454.179066,0,9344,1,-1.661299,8.992241,58.409172,-0.035958,0.071425,0.001452
428454.230265,0.670307,12.233858,50.358765,-5.889863,12.059197,50.200058,428454.225671,428454.179066,0,9345,1,-1.661299,8.992241,58.409172,-0.035958,0.071425,0.001452
428454.233722,0.760146,12.228950,50.354649,-5.800024,12.054288,50.195938,428454.229128,428454.179066,0,9346,1,-1.661299,8.992241,58.409172,-0.035958,0.071425,0.001452
428454.237990,0.850270,12.218788,50.350628,-5.709899,12.044127,50.191917,428454.233434,428454.179066,0,9347,1,-1.661299,8.992241,58.409172,-0.035958,0.071425,0.001452
428454.243023,0.942108,12.208015,50.346722,-5.618062,12.033354,50.188011,428454.238421,428454.179066,0,9348,1,-1.661299,8.992241,58.409172,-0.035958,0.071425,0.001452
428454.247059,1.031785,12.185809,50.354290,-5.529385,12.050270,50.172852,428454.242465,428454.195747,0,9349,1,-1.292771,8.959720,58.425232,-0.036352,0.073998,-0.000947
428454.251157,1.120723,12.182868,50.350594,-5.440447,12.047329,50.169151,428454.246600,428454.195747,0,9350,1,-1.292771,8.959720,58.425232,-0.036352,0.073998,-0.000947
428454.255193,1.209221,12.179689,50.346992,-5.351949,12.044151,50.165550,428454.250634,428454.195747,0,9351,1,-1.292771,8.959720,58.425232,-0.036352,0.073998,-0.000947
428454.259243,1.297269,12.176316,50.343494,-5.263901,12.040778,50.162052,428454.254647,428454.195747,0,9352,1,-1.292771,8.959720,58.425232,-0.036352,0.073998,-0.000947
428454.262590,1.377863,12.155381,50.339706,-5.182920,12.061851,50.158894,428454.257989,428454.212334,0,9353,1,-0.914416,9.199168,58.409557,-0.063856,0.081610,-0.008441
428454.267529,1.460167,12.155451,50.336243,-5.100616,12.061920,50.155434,428454.262835,428454.212334,0,9354,1,-0.914416,9.199168,58.409557,-0.063856,0.081610,-0.008441
428454.271655,1.542478,12.155520,50.332790,-5.018305,12.061990,50.151981,428454.267012,428454.212334,0,9355,1,-0.914416,9.199168,58.409557,-0.063856,0.081610,-0.008441
428454.276749,1.617501,12.135311,50.302505,-4.943211,12.082328,50.175369,428454.272134,428454.229008,0,9356,1,-0.580937,9.171260,58.443634,-0.063144,0.086132,-0.017376
428454.280421,1.691512,12.135375,50.299053,-4.869200,12.082391,50.171921,428454.275824,428454.229008,0,9357,1,-0.580937,9.171260,58.443634,-0.063144,0.086132,-0.017376
428454.283907,1.764174,12.135438,50.295601,-4.796538,12.082454,50.168461,428454.279311,428454.229008,0,9358,1,-0.580937,9.171260,58.443634,-0.063144,0.086132,-0.017376
428454.288558,1.837578,12.135501,50.292145,-4.723135,12.082517,50.165009,428454.283965,428454.229008,0,9359,1,-0.580937,9.171260,58.443634,-0.063144,0.086132,-0.017376
428454.292501,1.899001,12.115737,50.268860,-4.664601,12.102386,50.181389,428454.287927,428454.245682,0,9360,1,-0.288836,9.141423,58.389339,-0.060123,0.088265,-0.021078
428454.297787,1.960225,12.115791,50.265400,-4.603377,12.102441,50.177929,428454.293187,428454.245682,0,9361,1,-0.288836,9.141423,58.389339,-0.060123,0.088265,-0.021078
428454.300308,2.018734,12.115843,50.261936,-4.544867,12.102492,50.174469,428454.295714,428454.245682,0,9362,1,-0.288836,9.141423,58.389339,-0.060123,0.088265,-0.021078
428454.305431,2.078061,12.115895,50.258465,-4.485540,12.102545,50.170998,428454.300757,428454.245682,0,9363,1,-0.288836,9.141423,58.389339,-0.060123,0.088265,-0.021078
428454.309322,2.137638,12.095658,50.223526,-4.430719,12.122885,50.199093,428454.304734,428454.262355,0,9364,1,-0.048626,9.246857,58.560650,-0.072421,0.086316,-0.028434
428454.312988,2.193603,12.095708,50.220158,-4.374754,12.122934,50.195721,428454.308390,428454.262355,0,9365,1,-0.048626,9.246857,58.560650,-0.072421,0.086316,-0.028434
428454.317315,2.249150,12.095757,50.216831,-4.319207,12.122984,50.192394,428454.312716,428454.262355,0,9366,1,-0.048626,9.246857,58.560650,-0.072421,0.086316,-0.028434
428454.322403,2.304953,12.095807,50.213562,-4.263403,12.123034,50.189129,428454.317719,428454.262355,0,9367,1,-0.048626,9.246857,58.560650,-0.072421,0.086316,-0.028434
428454.326667,2.353220,12.077428,50.170116,-4.211993,12.141502,50.225891,428454.322068,428454.279029,0,9368,1,0.338812,9.329081,58.331791,-0.082913,0.103513,-0.026394
428454.330103,2.401434,12.077472,50.166702,-4.163780,12.141547,50.222477,428454.325499,428454.279029,0,9369,1,0.338812,9.329081,58.331791,-0.082913,0.103513,-0.026394
428454.334061,2.448576,12.077516,50.163216,-4.116638,12.141590,50.218990,428454.329463,428454.279029,0,9370,1,0.338812,9.329081,58.331791,-0.082913,0.103513,-0.026394
428454.339068,2.495520,12.077559,50.159653,-4.069693,12.141634,50.215431,428454.334442,428454.279029,0,9371,1,0.338812,9.329081,58.331791,-0.082913,0.103513,-0.026394
428454.342382,2.550032,12.061716,50.119823,-4.017522,12.157575,50.248032,428454.337779,428454.295702,0,9372,1,0.455140,9.223345,58.369892,-0.073396,0.088385,-0.027410
428454.347283,2.602995,12.061765,50.116169,-3.964559,12.157622,50.244373,428454.342690,428454.295702,0,9373,1,0.455140,9.223345,58.369892,-0.073396,0.088385,-0.027410
428454.351068,2.654241,12.061811,50.112473,-3.913313,12.157670,50.240677,428454.346346,428454.295702,0,9374,1,0.455140,9.223345,58.369892,-0.073396,0.088385,-0.027410
428454.354999,2.704178,12.061858,50.108738,-3.863376,12.157716,50.236946,428454.350356,428454.295702,0,9375,1,0.455140,9.223345,58.369892,-0.073396,0.088385,-0.027410
428454.359681,2.753855,12.047407,50.070320,-3.807058,12.172264,50.267746,428454.355080,428454.312376,0,9376,1,0.741620,9.434902,58.403309,-0.099656,0.097530,-0.030609
428454.363655,2.805474,12.047455,50.066441,-3.755439,12.172313,50.263866,428454.359056,428454.312376,0,9377,1,0.741620,9.434902,58.403309,-0.099656,0.097530,-0.030609
428454.367433,2.855439,12.038111,50.062477,-3.705473,12.162969,50.259903,428454.362690,428454.312376,0,9378,1,0.741620,9.434902,58.403309,-0.099656,0.097530,-0.030609
428454.372362,2.905092,12.027085,50.058437,-3.655820,12.151943,50.255863,428454.367683,428454.312376,0,9379,1,0.741620,9.434902,58.403309,-0.099656,0.097530,-0.030609
428454.376367,2.962199,12.001303,50.033215,-3.601040,12.157064,50.272861,428454.371801,428454.329050,0,9380,1,0.886847,9.190952,58.315208,-0.074471,0.089585,-0.032961
428454.379785,3.016069,11.991119,50.029045,-3.547171,12.146881,50.268696,428454.375134,428454.329050,0,9381,1,0.886847,9.190952,58.315208,-0.074471,0.089585,-0.032961
428454.385040,3.069941,11.980529,50.024807,-3.493298,12.136291,50.264458,428454.380325,428454.329050,0,9382,1,0.886847,9.190952,58.315208,-0.074471,0.089585,-0.032961
428454.389275,3.115356,11.959681,50.000938,-3.450368,12.143362,50.279873,428454.384679,428454.345723,0,9383,1,1.076949,9.266689,58.390533,-0.085720,0.092112,-0.030371
428454.392952,3.158114,11.952762,49.996700,-3.407610,12.136443,50.275631,428454.388359,428454.345723,0,9384,1,1.076949,9.266689,58.390533,-0.085720,0.092112,-0.030371
428454.396487,3.199402,11.945832,49.992451,-3.366322,12.129514,50.271385,428454.391893,428454.345723,0,9385,1,1.076949,9.266689,58.390533,-0.085720,0.092112,-0.030371
428454.401230,3.240108,11.938662,49.988186,-3.325617,12.122342,50.267124,428454.396502,428454.345723,0,9386,1,1.076949,9.266689,58.390533,-0.085720,0.092112,-0.030371
428454.405483,3.268238,11.923004,49.983997,-3.291894,12.130694,50.262665,428454.400883,428454.362397,0,9387,1,1.257328,9.167059,58.173969,-0.076235,0.095250,-0.030281
428454.409149,3.297847,11.919283,49.979584,-3.262285,12.126973,50.258251,428454.404549,428454.362397,0,9388,1,1.257328,9.167059,58.173969,-0.076235,0.095250,-0.030281
428454.414315,3.326799,11.915320,49.975082,-3.233333,12.123011,50.253754,428454.409722,428454.362397,0,9389,1,1.257328,9.167059,58.173969,-0.076235,0.095250,-0.030281
428454.418445,3.354503,11.911274,49.970501,-3.205629,12.118964,50.249168,428454.413790,428454.362397,0,9390,1,1.257328,9.167059,58.173969,-0.076235,0.095250,-0.030281
428454.422781,3.385294,11.896567,49.945354,-3.173809,12.125411,50.264977,428454.418141,428454.379071,0,9391,1,1.368848,9.101793,58.198769,-0.071022,0.091272,-0.030303
428454.425501,3.414689,11.892523,49.940613,-3.144414,12.121367,50.260235,428454.420902,428454.379071,0,9392,1,1.368848,9.101793,58.198769,-0.071022,0.091272,-0.030303
428454.430258,3.443113,11.888318,49.935791,-3.115989,12.117163,50.255421,428454.425663,428454.379071,0,9393,1,1.368848,9.101793,58.198769,-0.071022,0.091272,-0.030303
428454.434530,3.470243,11.884052,49.930901,-3.088860,12.112897,50.250526,428454.429741,428454.379071,0,9394,1,1.368848,9.101793,58.198769,-0.071022,0.091272,-0.030303
428454.438292,3.504104,11.872169,49.915642,-3.055347,12.120733,50.255932,428454.433692,428454.395744,0,9395,1,1.513525,9.115643,58.259216,-0.074442,0.092008,-0.032607
428454.442938,3.536715,11.870081,49.910690,-3.022737,12.118645,50.250973,428454.438337,428454.395744,0,9396,1,1.513525,9.115643,58.259216,-0.074442,0.092008,-0.032607
428454.446840,3.567837,11.867997,49.905701,-2.991614,12.116561,50.245991,428454.442119,428454.395744,0,9397,1,1.513525,9.115643,58.259216,-0.074442,0.092008,-0.032607
428454.450914,3.597632,11.865916,49.900692,-2.961820,12.114480,50.240974,428454.446121,428454.395744,0,9398,1,1.513525,9.115643,58.259216,-0.074442,0.092008,-0.032607
428454.454719,3.629474,11.858762,49.879761,-2.932152,12.121705,50.251934,428454.450095,428454.412418,0,9399,1,1.637168,9.249721,58.271053,-0.087253,0.093717,-0.029829
428454.460020,3.659761,11.858796,49.874802,-2.901865,12.121739,50.246975,428454.455422,428454.412418,0,9400,1,1.637168,9.249721,58.271053,-0.087253,0.093717,-0.029829
428454.463682,3.688731,11.858829,49.869869,-2.872895,12.121773,50.242039,428454.459071,428454.412418,0,9401,1,1.637168,9.249721,58.271053,-0.087253,0.093717,-0.029829
428454.467683,3.716604,11.858862,49.864964,-2.845022,12.121806,50.237137,428454.463054,428454.412418,0,9402,1,1.637168,9.249721,58.271053,-0.087253,0.093717,-0.029829
428454.471013,3.730628,11.852930,49.857048,-2.828658,12.127784,50.235382,428454.466384,428454.429091,0,9403,1,1.758586,9.276326,58.267124,-0.091376,0.099291,-0.030893
428454.475638,3.744928,11.852953,49.852264,-2.814356,12.127807,50.230598,428454.471037,428454.429091,0,9404,1,1.758586,9.276326,58.267124,-0.091376,0.099291,-0.030893
428454.480535,3.758277,11.852974,49.847534,-2.801007,12.127828,50.225868,428454.475894,428454.429091,0,9405,1,1.758586,9.276326,58.267124,-0.091376,0.099291,-0.030893
428454.484700,3.770551,11.852995,49.842861,-2.788734,12.127849,50.221195,428454.479915,428454.429091,0,9406,1,1.758586,9.276326,58.267124,-0.091376,0.099291,-0.030893
428454.489012,3.781093,11.847530,49.834118,-2.776750,12.133352,50.220604,428454.484406,428454.445765,0,9407,1,1.824945,9.279058,58.117527,-0.090970,0.099019,-0.033572
428454.492688,3.791162,11.847549,49.829456,-2.766681,12.133370,50.215946,428454.488088,428454.445765,0,9408,1,1.824945,9.279058,58.117527,-0.090970,0.099019,-0.033572
428454.496481,3.800042,11.847568,49.824806,-2.757802,12.133389,50.211296,428454.491839,428454.445765,0,9409,1,1.824945,9.279058,58.117527,-0.090970,0.099019,-0.033572
428454.501790,3.814880,11.843046,49.831924,-2.738953,12.137958,50.194759,428454.497186,428454.462439,0,9410,1,1.839103,9.386731,58.185020,-0.103853,0.093229,-0.038846
428454.505217,3.830396,11.843069,49.827175,-2.723437,12.137981,50.190006,428454.500657,428454.462439,0,9411,1,1.839103,9.386731,58.185020,-0.103853,0.093229,-0.038846
428454.508834,3.844658,11.843091,49.822384,-2.709176,12.138003,50.185215,428454.504229,428454.462439,0,9412,1,1.839103,9.386731,58.185020,-0.103853,0.093229,-0.038846
428454.513535,3.857771,11.843113,49.817551,-2.696062,12.138024,50.180386,428454.508863,428454.462439,0,9413,1,1.839103,9.386731,58.185020,-0.103853,0.093229,-0.038846
428454.517803,3.877252,11.839560,49.826275,-2.677356,12.141630,50.161980,428454.513202,428454.479112,0,9414,1,1.947187,9.356749,58.205647,-0.102896,0.098634,-0.035360
428454.521464,3.895238,11.839584,49.821438,-2.659369,12.141656,50.157143,428454.516865,428454.479112,0,9415,1,1.947187,9.356749,58.205647,-0.102896,0.098634,-0.035360
428454.526659,3.912487,11.839609,49.816605,-2.642121,12.141680,50.152313,428454.522010,428454.479112,0,9416,1,1.947187,9.356749,58.205647,-0.102896,0.098634,-0.035360
428454.530630,3.928775,11.839633,49.811779,-2.625833,12.141704,50.147484,428454.525983,428454.479112,0,9417,1,1.947187,9.356749,58.205647,-0.102896,0.098634,-0.035360
428454.534840,3.938167,11.836854,49.804672,-2.614432,12.144522,50.145020,428454.530239,428454.495786,0,9418,1,2.027933,9.309037,58.218399,-0.100377,0.104335,-0.033884
428454.538243,3.947707,11.832730,49.799919,-2.604892,12.140397,50.140263,428454.533646,428454.495786,0,9419,1,2.027933,9.309037,58.218399,-0.100377,0.104335,-0.033884
428454.543290,3.956475,11.822557,49.795185,-2.596123,12.130224,50.135536,428454.538705,428454.495786,0,9420,1,2.027933,9.309037,58.218399,-0.100377,0.104335,-0.033884
428454.547318,3.964432,11.812298,49.790493,-2.588166,12.119965,50.130840,428454.542695,428454.495786,0,9421,1,2.027933,9.309037,58.218399,-0.100377,0.104335,-0.033884
428454.551634,3.969759,11.797818,49.788578,-2.581296,12.111641,50.123260,428454.547074,428454.512459,0,9422,1,2.066159,9.335329,58.005707,-0.106242,0.104372,-0.033849
428454.555089,3.975034,11.786394,49.783772,-2.576021,12.100216,50.118458,428454.550532,428454.512459,0,9423,1,2.066159,9.335329,58.005707,-0.106242,0.104372,-0.033849
428454.559111,3.979479,11.774786,49.778919,-2.571577,12.088609,50.113605,428454.554342,428454.512459,0,9424,1,2.066159,9.335329,58.005707,-0.106242,0.104372,-0.033849
428454.563998,3.982967,11.762511,49.774006,-2.568088,12.076334,50.108688,428454.559393,428454.512459,0,9425,1,2.066159,9.335329,58.005707,-0.106242,0.104372,-0.033849
428454.568201,3.992383,11.755729,49.766518,-2.558706,12.070831,50.106487,428454.563484,428454.529133,0,9426,1,2.045361,9.213475,58.267258,-0.094723,0.098354,-0.035759
428454.572315,4.000921,11.749251,49.761726,-2.550168,12.064354,50.101700,428454.567711,428454.529133,0,9427,1,2.045361,9.213475,58.267258,-0.094723,0.098354,-0.035759
428454.576364,4.008626,11.742495,49.756992,-2.542462,12.057597,50.096962,428454.571746,428454.529133,0,9428,1,2.045361,9.213475,58.267258,-0.094723,0.098354,-0.035759
428454.580499,4.014495,11.741697,49.749180,-2.532959,12.057405,50.095436,428454.575915,428454.545807,0,9429,1,2.072623,9.323683,58.219139,-0.108302,0.099013,-0.031563
428454.583911,4.021488,11.741057,49.744560,-2.525966,12.056765,50.090813,428454.579309,428454.545807,0,9430,1,2.072623,9.323683,58.219139,-0.108302,0.099013,-0.031563
428454.588314,4.027841,11.740245,49.739994,-2.519614,12.055952,50.086243,428454.583716,428454.545807,0,9431,1,2.072623,9.323683,58.219139,-0.108302,0.099013,-0.031563
428454.592029,4.033570,11.739332,49.735474,-2.513884,12.055039,50.081726,428454.587373,428454.545807,0,9432,1,2.072623,9.323683,58.219139,-0.108302,0.099013,-0.031563
428454.597290,4.040176,11.739285,49.740261,-2.508714,12.055118,50.067970,428454.592687,428454.562480,0,9433,1,1.983076,9.208717,58.096024,-0.094853,0.087617,-0.034389
428454.600714,4.045492,11.739299,49.735809,-2.503397,12.055133,50.063522,428454.596109,428454.562480,0,9434,1,1.983076,9.208717,58.096024,-0.094853,0.087617,-0.034389
428454.605760,4.050260,11.739313,49.731400,-2.498630,12.055147,50.059113,428454.601139,428454.562480,0,9435,1,1.983076,9.208717,58.096024,-0.094853,0.087617,-0.034389
428454.609765,4.054498,11.739327,49.727024,-2.494392,12.055161,50.054737,428454.605108,428454.562480,0,9436,1,1.983076,9.208717,58.096024,-0.094853,0.087617,-0.034389
428454.613044,4.057304,11.740159,49.743729,-2.491359,12.054354,50.029354,428454.608438,428454.579154,0,9437,1,2.029541,9.298055,58.127262,-0.104420,0.090279,-0.030261
428454.618041,4.059608,11.740171,49.739426,-2.489055,12.054366,50.025055,428454.613435,428454.579154,0,9438,1,2.029541,9.298055,58.127262,-0.104420,0.090279,-0.030261
428454.622400,4.061344,11.740183,49.735165,-2.487319,12.054378,50.020790,428454.617796,428454.579154,0,9439,1,2.029541,9.298055,58.127262,-0.104420,0.090279,-0.030261
428454.625806,4.062607,11.740194,49.730942,-2.486056,12.054389,50.016571,428454.621200,428454.579154,0,9440,1,2.029541,9.298055,58.127262,-0.104420,0.090279,-0.030261
428454.629456,4.063391,11.740205,49.726761,-2.485273,12.054399,50.012386,428454.624850,428454.579154,0,9441,1,2.029541,9.298055,58.127262,-0.104420,0.090279,-0.030261
428454.635139,4.063481,11.740215,49.722622,-2.485181,12.054410,50.008247,428454.630457,428454.579154,0,9442,1,2.029541,9.298055,58.127262,-0.104420,0.090279,-0.030261
428454.637658,4.063476,11.740225,49.718525,-2.485187,12.054420,50.004150,428454.633057,428454.579154,0,9443,1,2.029541,9.298055,58.127262,-0.104420,0.090279,-0.030261
428454.642733,4.063470,11.740234,49.714474,-2.485192,12.054430,50.000103,428454.638084,428454.579154,0,9444,1,2.029541,9.298055,58.127262,-0.104420,0.090279,-0.030261
428454.646038,4.060966,11.740972,49.713924,-2.482698,12.053713,49.992519,428454.641439,428454.595827,0,9445,1,1.984459,9.493028,58.098522,-0.123111,0.090526,-0.033250
428454.650778,4.060960,11.740981,49.709846,-2.482704,12.053723,49.988441,428454.646066,428454.595827,0,9446,1,1.984459,9.493028,58.098522,-0.123111,0.090526,-0.033250
428454.655488,4.060955,11.740991,49.705753,-2.482709,12.053733,49.984348,428454.650856,428454.595827,0,9447,1,1.984459,9.493028,58.098522,-0.123111,0.090526,-0.033250
428454.659483,4.060949,11.741001,49.701649,-2.482715,12.053743,49.980247,428454.654880,428454.595827,0,9448,1,1.984459,9.493028,58.098522,-0.123111,0.090526,-0.033250
428454.663801,4.061958,11.742573,49.714371,-2.483734,12.052191,49.959484,428454.659105,428454.612481,0,9449,1,2.004259,9.431632,58.303997,-0.117326,0.090806,-0.032030
428454.667701,4.061953,11.742582,49.710430,-2.483739,12.052200,49.955547,428454.663098,428454.612481,0,9450,1,2.004259,9.431632,58.303997,-0.117326,0.090806,-0.032030
428454.671803,4.061947,11.742592,49.706577,-2.483744,12.052210,49.951691,428454.667076,428454.612481,0,9451,1,2.004259,9.431632,58.303997,-0.117326,0.090806,-0.032030
428454.675672,4.061943,11.742601,49.702805,-2.483749,12.052218,49.947918,428454.671067,428454.612481,0,9452,1,2.004259,9.431632,58.303997,-0.117326,0.090806,-0.032030
428454.680891,4.062632,11.744722,49.713711,-2.484448,12.050117,49.929420,428454.676290,428454.629147,0,9453,1,2.005087,9.444489,58.087666,-0.119589,0.093545,-0.027178
428454.684872,4.062626,11.744732,49.709888,-2.484453,12.050125,49.925602,428454.680124,428454.629147,0,9454,1,2.005087,9.444489,58.087666,-0.119589,0.093545,-0.027178
428454.688819,4.062622,11.744740,49.706043,-2.484458,12.050135,49.921757,428454.684125,428454.629147,0,9455,1,2.005087,9.444489,58.087666,-0.119589,0.093545,-0.027178
428454.692692,4.062719,11.747194,49.713730,-2.484567,12.047700,49.906433,428454.688098,428454.645814,0,9456,1,1.878124,9.524981,58.209393,-0.127384,0.084154,-0.030838
428454.696326,4.062715,11.747204,49.709930,-2.484572,12.047709,49.902637,428454.691723,428454.645814,0,9457,1,1.878124,9.524981,58.209393,-0.127384,0.084154,-0.030838
428454.701286,4.062709,11.747213,49.706158,-2.484577,12.047718,49.898865,428454.696680,428454.645814,0,9458,1,1.878124,9.524981,58.209393,-0.127384,0.084154,-0.030838
428454.705275,4.062704,11.747222,49.702408,-2.484582,12.047728,49.895115,428454.700501,428454.645814,0,9459,1,1.878124,9.524981,58.209393,-0.127384,0.084154,-0.030838
428454.709073,4.063051,11.751826,49.713238,-2.484939,12.043140,49.876831,428454.704492,428454.662481,0,9460,1,1.919397,9.486395,58.156822,-0.125067,0.088687,-0.024875
428454.713633,4.063046,11.751836,49.709530,-2.484944,12.043150,49.873127,428454.709005,428454.662481,0,9461,1,1.919397,9.486395,58.156822,-0.125067,0.088687,-0.024875
428454.717037,4.063041,11.751844,49.705849,-2.484949,12.043159,49.869442,428454.712476,428454.662481,0,9462,1,1.919397,9.486395,58.156822,-0.125067,0.088687,-0.024875
428454.722006,4.063036,11.751854,49.702190,-2.484953,12.043167,49.865788,428454.717354,428454.662481,0,9463,1,1.919397,9.486395,58.156822,-0.125067,0.088687,-0.024875
428454.725335,4.063244,11.755617,49.721497,-2.485172,12.039422,49.839027,428454.720736,428454.679147,0,9464,1,1.801096,9.305482,57.973068,-0.106380,0.080923,-0.026195
428454.730495,4.063239,11.755627,49.717697,-2.485177,12.039432,49.835228,428454.725835,428454.679147,0,9465,1,1.801096,9.305482,57.973068,-0.106380,0.080923,-0.026195
428454.733912,4.063234,11.755635,49.713829,-2.485182,12.039441,49.831360,428454.729292,428454.679147,0,9466,1,1.801096,9.305482,57.973068,-0.106380,0.080923,-0.026195
428454.738867,4.063229,11.755646,49.709892,-2.485187,12.039451,49.827423,428454.734234,428454.679147,0,9467,1,1.801096,9.305482,57.973068,-0.106380,0.080923,-0.026195
428454.742333,4.063174,11.759454,49.738117,-2.485143,12.035662,49.791187,428454.737772,428454.695814,0,9468,1,1.760161,9.473689,58.107651,-0.124288,0.079111,-0.023407
428454.747014,4.063169,11.759463,49.734043,-2.485149,12.035671,49.787113,428454.742418,428454.695814,0,9469,1,1.760161,9.473689,58.107651,-0.124288,0.079111,-0.023407
428454.751151,4.063163,11.759474,49.729900,-2.485154,12.035682,49.782970,428454.746505,428454.695814,0,9470,1,1.760161,9.473689,58.107651,-0.124288,0.079111,-0.023407
428454.755148,4.063157,11.759483,49.725685,-2.485160,12.035692,49.778755,428454.750521,428454.695814,0,9471,1,1.760161,9.473689,58.107651,-0.124288,0.079111,-0.023407
428454.759542,4.064975,11.764007,49.757370,-2.486989,12.031189,49.738644,428454.754866,428454.712481,0,9472,1,1.611817,9.235638,57.998138,-0.096639,0.068958,-0.026351
428454.762941,4.064969,11.764017,49.753151,-2.486995,12.031199,49.734425,428454.758298,428454.712481,0,9473,1,1.611817,9.235638,57.998138,-0.096639,0.068958,-0.026351
428454.768037,4.064963,11.764028,49.748932,-2.487000,12.031210,49.730206,428454.763297,428454.712481,0,9474,1,1.611817,9.235638,57.998138,-0.096639,0.068958,-0.026351
428454.771899,4.064958,11.764037,49.744709,-2.487006,12.031220,49.725986,428454.767270,428454.712481,0,9475,1,1.611817,9.235638,57.998138,-0.096639,0.068958,-0.026351
428454.775344,4.063655,11.768197,49.763710,-2.485714,12.027081,49.698509,428454.770706,428454.729147,0,9476,1,1.667501,9.593242,58.087250,-0.136116,0.081631,-0.021743
428454.779659,4.063650,11.768208,49.759457,-2.485720,12.027091,49.694252,428454.775060,428454.729147,0,9477,1,1.667501,9.593242,58.087250,-0.136116,0.081631,-0.021743
428454.785074,4.063644,11.768218,49.755180,-2.485726,12.027102,49.689980,428454.780175,428454.729147,0,9478,1,1.667501,9.593242,58.087250,-0.136116,0.081631,-0.021743
428454.788755,4.063638,11.768229,49.750889,-2.485732,12.027112,49.685688,428454.784136,428454.729147,0,9479,1,1.667501,9.593242,58.087250,-0.136116,0.081631,-0.021743
428454.793070,4.065031,11.772997,49.774490,-2.487136,12.022365,49.653664,428454.788467,428454.745814,0,9480,1,1.551467,9.429962,58.228912,-0.117467,0.073728,-0.019423
428454.797204,4.065025,11.773006,49.770367,-2.487141,12.022374,49.649536,428454.792552,428454.745814,0,9481,1,1.551467,9.429962,58.228912,-0.117467,0.073728,-0.019423
428454.801213,4.065020,11.773017,49.766319,-2.487147,12.022384,49.645489,428454.796532,428454.745814,0,9482,1,1.551467,9.429962,58.228912,-0.117467,0.073728,-0.019423
428454.805102,4.065176,11.777590,49.780224,-2.487314,12.017830,49.623711,428454.800522,428454.762481,0,9483,1,1.486984,9.472613,58.157784,-0.120294,0.073628,-0.018608
428454.809071,4.065171,11.777599,49.776398,-2.487319,12.017839,49.619888,428454.804511,428454.762481,0,9484,1,1.486984,9.472613,58.157784,-0.120294,0.073628,-0.018608
428454.813920,4.065166,11.777608,49.772682,-2.487324,12.017848,49.616173,428454.809321,428454.762481,0,9485,1,1.486984,9.472613,58.157784,-0.120294,0.073628,-0.018608
428454.817987,4.065162,11.777617,49.769081,-2.487329,12.017858,49.612568,428454.813344,428454.762481,0,9486,1,1.486984,9.472613,58.157784,-0.120294,0.073628,-0.018608
428454.822272,4.065442,11.782406,49.769077,-2.487618,12.013085,49.605618,428454.817662,428454.779147,0,9487,1,1.380878,9.433967,58.164509,-0.113581,0.071108,-0.015751
428454.826245,4.065438,11.782414,49.765728,-2.487623,12.013093,49.602268,428454.821643,428454.779147,0,9488,1,1.380878,9.433967,58.164509,-0.113581,0.071108,-0.015751
428454.830329,4.065434,11.782422,49.762505,-2.487627,12.013101,49.599049,428454.825732,428454.779147,0,9489,1,1.380878,9.433967,58.164509,-0.113581,0.071108,-0.015751
428454.833847,4.065429,11.782430,49.759411,-2.487631,12.013108,49.595955,428454.829207,428454.779147,0,9490,1,1.380878,9.433967,58.164509,-0.113581,0.071108,-0.015751
428454.839007,4.066788,11.788750,49.763527,-2.488998,12.006803,49.585926,428454.834401,428454.795814,0,9491,1,1.335218,9.476209,58.139389,-0.117916,0.075256,-0.012609
428454.842403,4.066784,11.788756,49.760704,-2.489002,12.006810,49.583099,428454.837800,428454.795814,0,9492,1,1.335218,9.476209,58.139389,-0.117916,0.075256,-0.012609
428454.846834,4.066781,11.788763,49.758018,-2.489005,12.006816,49.580414,428454.842242,428454.795814,0,9493,1,1.335218,9.476209,58.139389,-0.117916,0.075256,-0.012609
428454.850843,4.066777,11.788769,49.755474,-2.489009,12.006823,49.577869,428454.846224,428454.795814,0,9494,1,1.335218,9.476209,58.139389,-0.117916,0.075256,-0.012609
428454.855220,4.066707,11.794773,49.755383,-2.488945,12.000830,49.573147,428454.850615,428454.812481,0,9495,1,1.251115,9.402244,58.282196,-0.108674,0.075262,-0.008118
428454.858886,4.066704,11.794779,49.753117,-2.488948,12.000835,49.570877,428454.854285,428454.812481,0,9496,1,1.251115,9.402244,58.282196,-0.108674,0.075262,-0.008118
428454.864194,4.066701,11.794784,49.750992,-2.488951,12.000840,49.568752,428454.859565,428454.812481,0,9497,1,1.251115,9.402244,58.282196,-0.108674,0.075262,-0.008118
428454.868085,4.066535,11.801090,49.756664,-2.488791,11.994545,49.558891,428454.863519,428454.829147,0,9498,1,1.148363,9.463681,58.054535,-0.117306,0.071842,-0.005610
428454.872144,4.066532,11.801095,49.754604,-2.488793,11.994550,49.556831,428454.867550,428454.829147,0,9499,1,1.148363,9.463681,58.054535,-0.117306,0.071842,-0.005610
428454.875532,4.066530,11.801100,49.752583,-2.488796,11.994555,49.554806,428454.870924,428454.829147,0,9500,1,1.148363,9.463681,58.054535,-0.117306,0.071842,-0.005610
428454.880123,4.066527,11.801105,49.750595,-2.488799,11.994559,49.552822,428454.875525,428454.829147,0,9501,1,1.148363,9.463681,58.054535,-0.117306,0.071842,-0.005610
428454.884246,4.066525,11.801109,49.748650,-2.488801,11.994564,49.550873,428454.879534,428454.829147,0,9502,1,1.148363,9.463681,58.054535,-0.117306,0.071842,-0.005610
428454.888453,4.066643,11.807618,49.771049,-2.488924,11.988065,49.524647,428454.883847,428454.845814,0,9503,1,1.047158,9.393080,58.239269,-0.110467,0.065817,-0.005647
428454.891862,4.066640,11.807623,49.769169,-2.488927,11.988070,49.522766,428454.887255,428454.845814,0,9504,1,1.047158,9.393080,58.239269,-0.110467,0.065817,-0.005647
428454.896986,4.066638,11.807628,49.767326,-2.488929,11.988073,49.520924,428454.892295,428454.845814,0,9505,1,1.047158,9.393080,58.239269,-0.110467,0.065817,-0.005647
428454.901101,4.067214,11.812804,49.773136,-2.489510,11.982905,49.511494,428454.896450,428454.862481,0,9506,1,0.972418,9.363833,58.272148,-0.107786,0.068672,-0.007889
428454.905655,4.067212,11.812808,49.771362,-2.489513,11.982910,49.509720,428454.901056,428454.862481,0,9507,1,0.972418,9.363833,58.272148,-0.107786,0.068672,-0.007889
428454.909297,4.067209,11.812813,49.769623,-2.489515,11.982914,49.507980,428454.904660,428454.862481,0,9508,1,0.972418,9.363833,58.272148,-0.107786,0.068672,-0.007889
428454.913271,4.067207,11.812817,49.767918,-2.489517,11.982919,49.506275,428454.908486,428454.862481,0,9509,1,0.972418,9.363833,58.272148,-0.107786,0.068672,-0.007889
428454.917349,4.065680,11.818777,49.756531,-2.487995,11.976967,49.514343,428454.912652,428454.879147,0,9510,1,0.871749,9.517464,58.288101,-0.123975,0.065036,-0.002835
428454.922059,4.065677,11.818781,49.754929,-2.487997,11.976971,49.512741,428454.917421,428454.879147,0,9511,1,0.871749,9.517464,58.288101,-0.123975,0.065036,-0.002835
428454.925500,4.065675,11.818785,49.753380,-2.487999,11.976974,49.511189,428454.920787,428454.879147,0,9512,1,0.871749,9.517464,58.288101,-0.123975,0.065036,-0.002835
428454.930347,4.049062,11.818776,49.751900,-2.504612,11.976965,49.509712,428454.925685,428454.879147,0,9513,1,0.871749,9.517464,58.288101,-0.123975,0.065036,-0.002835
428454.934279,4.022367,11.824553,49.745449,-2.530434,11.971157,49.513245,428454.929598,428454.895814,0,9514,1,0.795353,9.587591,58.237724,-0.130380,0.064865,0.002590
428454.938503,3.995930,11.824536,49.743992,-2.556870,11.971141,49.511787,428454.933906,428454.895814,0,9515,1,0.795353,9.587591,58.237724,-0.130380,0.064865,0.002590
428454.942688,3.969421,11.824520,49.742542,-2.583380,11.971125,49.510334,428454.938021,428454.895814,0,9516,1,0.795353,9.587591,58.237724,-0.130380,0.064865,0.002590
428454.946635,3.942896,11.824504,49.741093,-2.609905,11.971108,49.508884,428454.942001,428454.895814,0,9517,1,0.795353,9.587591,58.237724,-0.130380,0.064865,0.002590
428454.950919,3.916635,11.829954,49.722389,-2.635503,11.965627,49.524590,428454.946314,428454.912481,0,9518,1,0.716401,9.650313,58.151924,-0.135763,0.066809,-0.000020
428454.954994,3.890575,11.829939,49.720837,-2.661562,11.965611,49.523041,428454.950313,428454.912481,0,9519,1,0.716401,9.650313,58.151924,-0.135763,0.066809,-0.000020
428454.959110,3.864312,11.829923,49.719238,-2.687826,11.965595,49.521442,428454.954382,428454.912481,0,9520,1,0.716401,9.650313,58.151924,-0.135763,0.066809,-0.000020
428454.962973,3.837888,11.829907,49.717590,-2.714249,11.965579,49.519794,428454.958362,428454.912481,0,9521,1,0.716401,9.650313,58.151924,-0.135763,0.066809,-0.000020
428454.967317,3.817542,11.835505,49.706070,-2.736032,11.959958,49.527973,428454.962714,428454.929147,0,9522,1,0.585772,9.519065,58.199421,-0.121165,0.060959,0.005129
428454.972003,3.796002,11.835494,49.704376,-2.757573,11.959946,49.526279,428454.967400,428454.929147,0,9523,1,0.585772,9.519065,58.199421,-0.121165,0.060959,0.005129
428454.975952,3.774505,11.835482,49.702671,-2.779070,11.959934,49.524574,428454.971224,428454.929147,0,9524,1,0.585772,9.519065,58.199421,-0.121165,0.060959,0.005129
428454.979842,3.752947,11.835470,49.700947,-2.800627,11.959922,49.522846,428454.975221,428454.929147,0,9525,1,0.585772,9.519065,58.199421,-0.121165,0.060959,0.005129
428454.985047,3.723122,11.840704,49.683445,-2.826118,11.954655,49.536903,428454.980442,428454.945814,0,9526,1,0.514664,9.484962,58.241882,-0.116116,0.065096,0.005954
428454.988649,3.695734,11.840688,49.681717,-2.853506,11.954639,49.535172,428454.984046,428454.945814,0,9527,1,0.514664,9.484962,58.241882,-0.116116,0.065096,0.005954
428454.992326,3.668539,11.840672,49.679977,-2.880700,11.954623,49.533440,428454.987689,428454.945814,0,9528,1,0.514664,9.484962,58.241882,-0.116116,0.065096,0.005954
428454.997707,3.645253,11.846718,49.666302,-2.901815,11.948552,49.543781,428454.993063,428454.962481,0,9529,1,0.429917,9.596188,58.388035,-0.130496,0.064646,0.003397
428455.000613,3.623612,11.846705,49.664707,-2.923457,11.948540,49.542183,428454.996008,428454.962481,0,9530,1,0.429917,9.596188,58.388035,-0.130496,0.064646,0.003397
428455.005073,3.601617,11.846693,49.663185,-2.945452,11.948527,49.540661,428455.000467,428454.962481,0,9531,1,0.429917,9.596188,58.388035,-0.130496,0.064646,0.003397
428455.008456,3.579907,11.846680,49.661728,-2.967162,11.948515,49.539207,428455.003852,428454.962481,0,9532,1,0.429917,9.596188,58.388035,-0.130496,0.064646,0.003397
428455.013909,3.557311,11.846666,49.660347,-2.989758,11.948502,49.537827,428455.009258,428454.962481,0,9533,1,0.429917,9.596188,58.388035,-0.130496,0.064646,0.003397
428455.017590,3.534862,11.846653,49.659035,-3.012207,11.948488,49.536514,428455.012985,428454.962481,0,9534,1,0.429917,9.596188,58.388035,-0.130496,0.064646,0.003397
428455.021211,3.512630,11.846640,49.657795,-3.034439,11.948474,49.535271,428455.016565,428454.962481,0,9535,1,0.429917,9.596188,58.388035,-0.130496,0.064646,0.003397
428455.025999,3.489938,11.846625,49.656620,-3.057131,11.948461,49.534096,428455.021292,428454.962481,0,9536,1,0.429917,9.596188,58.388035,-0.130496,0.064646,0.003397
428455.029972,3.470437,11.851789,49.648087,-3.072412,11.943276,49.540409,428455.025403,428454.979147,0,9537,1,0.366480,9.599237,58.320869,-0.133397,0.065724,0.008684
428455.033412,3.453238,11.851779,49.647049,-3.089612,11.943266,49.539368,428455.028859,428454.979147,0,9538,1,0.366480,9.599237,58.320869,-0.133397,0.065724,0.008684
428455.038309,3.435605,11.851768,49.646080,-3.107244,11.943255,49.538403,428455.033716,428454.979147,0,9539,1,0.366480,9.599237,58.320869,-0.133397,0.065724,0.008684
428455.042318,3.418000,11.851757,49.645184,-3.124850,11.943245,49.537502,428455.037678,428454.979147,0,9540,1,0.366480,9.599237,58.320869,-0.133397,0.065724,0.008684
428455.047241,3.402802,11.856634,49.638649,-3.137101,11.938351,49.542469,428455.042683,428454.996402,0,9541,1,0.289895,9.609142,58.380531,-0.136235,0.065562,0.009970
428455.051224,3.389153,11.856626,49.637978,-3.150749,11.938342,49.541790,428455.046670,428454.996402,0,9542,1,0.289895,9.609142,58.380531,-0.136235,0.065562,0.009970
428455.055254,3.375606,11.856617,49.637417,-3.164296,11.938334,49.541233,428455.050659,428454.996402,0,9543,1,0.289895,9.609142,58.380531,-0.136235,0.065562,0.009970
428455.059253,3.362191,11.850568,49.636959,-3.177711,11.932284,49.540775,428455.054655,428454.996402,0,9544,1,0.289895,9.609142,58.380531,-0.136235,0.065562,0.009970
428455.063529,3.343813,11.847809,49.632202,-3.193379,11.921100,49.544846,428455.058969,428455.013076,0,9545,1,0.228718,9.330087,58.411495,-0.106948,0.068416,0.009206
428455.066937,3.327300,11.840650,49.631969,-3.209892,11.913940,49.544613,428455.062276,428455.013076,0,9546,1,0.228718,9.330087,58.411495,-0.106948,0.068416,0.009206
428455.071311,3.310863,11.832982,49.631844,-3.226329,11.906272,49.544487,428455.066725,428455.013076,0,9547,1,0.228718,9.330087,58.411495,-0.106948,0.068416,0.009206
428455.076313,3.286343,11.835892,49.630215,-3.253356,11.902822,49.546349,428455.071726,428455.029749,0,9548,1,0.097405,9.347662,58.495342,-0.110593,0.063406,0.010105
428455.080341,3.260870,11.835257,49.630535,-3.278829,11.902187,49.546665,428455.075767,428455.029749,0,9549,1,0.097405,9.347662,58.495342,-0.110593,0.063406,0.010105
428455.083734,3.236037,11.834359,49.631062,-3.303662,11.901290,49.547192,428455.079130,428455.029749,0,9550,1,0.097405,9.347662,58.495342,-0.110593,0.063406,0.010105
428455.088938,3.210768,11.833060,49.631802,-3.328932,11.899991,49.547932,428455.084251,428455.029749,0,9551,1,0.097405,9.347662,58.495342,-0.110593,0.063406,0.010105
428455.093143,3.192178,11.837823,49.617157,-3.347574,11.895197,49.564228,428455.088540,428455.046423,0,9552,1,0.103515,9.450405,58.351341,-0.122860,0.070580,0.013459
428455.097140,3.173690,11.837807,49.618073,-3.366061,11.895181,49.565144,428455.092540,428455.046423,0,9553,1,0.103515,9.450405,58.351341,-0.122860,0.070580,0.013459
428455.101307,3.155307,11.837790,49.619091,-3.384444,11.895164,49.566162,428455.096590,428455.046423,0,9554,1,0.103515,9.450405,58.351341,-0.122860,0.070580,0.013459
428455.105311,3.137076,11.837774,49.620201,-3.402675,11.895148,49.567272,428455.100531,428455.046423,0,9555,1,0.103515,9.450405,58.351341,-0.122860,0.070580,0.013459
428455.109137,3.114839,11.841344,49.600712,-3.425037,11.891540,49.589233,428455.104558,428455.063096,0,9556,1,0.001504,9.452104,58.600735,-0.120638,0.070718,0.010317
428455.112521,3.093063,11.841324,49.602066,-3.446813,11.891520,49.590588,428455.107878,428455.063096,0,9557,1,0.001504,9.452104,58.600735,-0.120638,0.070718,0.010317
428455.117057,3.071125,11.841305,49.603542,-3.468751,11.891500,49.592068,428455.112419,428455.063096,0,9558,1,0.001504,9.452104,58.600735,-0.120638,0.070718,0.010317
428455.121816,3.048985,11.841284,49.605148,-3.490892,11.891479,49.593674,428455.117055,428455.063096,0,9559,1,0.001504,9.452104,58.600735,-0.120638,0.070718,0.010317
428455.126034,3.028938,11.845137,49.606316,-3.514426,11.887587,49.595791,428455.121430,428455.079770,0,9560,1,-0.099727,9.458104,58.509983,-0.120120,0.068046,0.011644
428455.129715,3.007460,11.845117,49.607994,-3.535904,11.887567,49.597469,428455.125116,428455.079770,0,9561,1,-0.099727,9.458104,58.509983,-0.120120,0.068046,0.011644
428455.134795,2.985573,11.845097,49.609715,-3.557791,11.887546,49.599190,428455.130161,428455.079770,0,9562,1,-0.099727,9.458104,58.509983,-0.120120,0.068046,0.011644
428455.138831,2.963831,11.845076,49.611473,-3.579532,11.887526,49.600948,428455.134189,428455.079770,0,9563,1,-0.099727,9.458104,58.509983,-0.120120,0.068046,0.011644
428455.142165,2.950883,11.848729,49.606045,-3.592847,11.883843,49.609722,428455.137569,428455.096444,0,9564,1,-0.162092,9.389852,58.398022,-0.111757,0.065957,0.014642
428455.147436,2.937323,11.848716,49.607639,-3.606407,11.883830,49.611309,428455.142838,428455.096444,0,9565,1,-0.162092,9.389852,58.398022,-0.111757,0.065957,0.014642
428455.151286,2.923932,11.848701,49.609154,-3.619798,11.883816,49.612823,428455.146511,428455.096444,0,9566,1,-0.162092,9.389852,58.398022,-0.111757,0.065957,0.014642
428455.155069,2.910628,11.848688,49.610584,-3.633101,11.883802,49.614262,428455.150455,428455.096444,0,9567,1,-0.162092,9.389852,58.398022,-0.111757,0.065957,0.014642
428455.158411,2.897377,11.854152,49.610069,-3.645578,11.878314,49.617496,428455.153812,428455.113117,0,9568,1,-0.174792,9.537177,58.480518,-0.128516,0.071265,0.020194
428455.163600,2.884258,11.854138,49.611355,-3.658696,11.878302,49.618778,428455.159007,428455.113117,0,9569,1,-0.174792,9.537177,58.480518,-0.128516,0.071265,0.020194
428455.167808,2.871270,11.854126,49.612560,-3.671684,11.878288,49.619984,428455.163101,428455.113117,0,9570,1,-0.174792,9.537177,58.480518,-0.128516,0.071265,0.020194
428455.171700,2.858458,11.854114,49.613689,-3.684496,11.878277,49.621109,428455.167089,428455.113117,0,9571,1,-0.174792,9.537177,58.480518,-0.128516,0.071265,0.020194
428455.175116,2.847708,11.859713,49.615231,-3.694635,11.872656,49.621613,428455.170474,428455.129791,0,9572,1,-0.256220,9.484733,58.406761,-0.122360,0.068004,0.023483
428455.179689,2.837408,11.859703,49.616154,-3.704935,11.872646,49.622532,428455.174980,428455.129791,0,9573,1,-0.256220,9.484733,58.406761,-0.122360,0.068004,0.023483
428455.184655,2.827193,11.859694,49.616966,-3.715151,11.872637,49.623348,428455.180026,428455.129791,0,9574,1,-0.256220,9.484733,58.406761,-0.122360,0.068004,0.023483
428455.188733,2.814768,11.864303,49.608944,-3.730145,11.868004,49.633007,428455.184115,428455.146465,0,9575,1,-0.321617,9.463819,58.598164,-0.121591,0.067568,0.019622
428455.192180,2.801490,11.864290,49.609764,-3.743423,11.867991,49.633823,428455.187582,428455.146465,0,9576,1,-0.321617,9.463819,58.598164,-0.121591,0.067568,0.019622
428455.197240,2.788209,11.864279,49.610577,-3.756704,11.867980,49.634640,428455.192603,428455.146465,0,9577,1,-0.321617,9.463819,58.598164,-0.121591,0.067568,0.019622
428455.201178,2.775305,11.864267,49.611389,-3.769608,11.867969,49.635452,428455.196274,428455.146465,0,9578,1,-0.321617,9.463819,58.598164,-0.121591,0.067568,0.019622
428455.204835,2.762694,11.864256,49.612194,-3.782219,11.867957,49.636257,428455.200202,428455.146465,0,9579,1,-0.321617,9.463819,58.598164,-0.121591,0.067568,0.019622
428455.210153,2.746948,11.869208,49.604149,-3.800405,11.862975,49.645996,428455.205550,428455.163138,0,9580,1,-0.327136,9.439158,58.603237,-0.120992,0.073498,0.022565
428455.212545,2.730852,11.869194,49.605026,-3.816501,11.862961,49.646877,428455.207945,428455.163138,0,9581,1,-0.327136,9.439158,58.603237,-0.120992,0.073498,0.022565
428455.217294,2.714761,11.869180,49.605938,-3.832591,11.862947,49.647793,428455.212603,428455.163138,0,9582,1,-0.327136,9.439158,58.603237,-0.120992,0.073498,0.022565
428455.221804,2.706156,11.874137,49.608776,-3.840578,11.857973,49.646774,428455.217194,428455.179812,0,9583,1,-0.380647,9.465513,58.481140,-0.124453,0.070825,0.023717
428455.225471,2.698141,11.874128,49.609695,-3.848593,11.857965,49.647690,428455.220863,428455.179812,0,9584,1,-0.380647,9.465513,58.481140,-0.124453,0.070825,0.023717
428455.230115,2.690281,11.874120,49.610622,-3.856454,11.857957,49.648617,428455.225491,428455.179812,0,9585,1,-0.380647,9.465513,58.481140,-0.124453,0.070825,0.023717
428455.234094,2.682696,11.874112,49.611549,-3.864039,11.857949,49.649544,428455.229435,428455.179812,0,9586,1,-0.380647,9.465513,58.481140,-0.124453,0.070825,0.023717
428455.237432,2.668236,11.879193,49.603992,-3.879876,11.852840,49.659134,428455.232856,428455.196485,0,9587,1,-0.410043,9.533212,58.639954,-0.132954,0.075093,0.025769
428455.241877,2.653265,11.879179,49.605080,-3.894847,11.852827,49.660221,428455.237318,428455.196485,0,9588,1,-0.410043,9.533212,58.639954,-0.132954,0.075093,0.025769
428455.247102,2.638245,11.879165,49.606239,-3.909867,11.852813,49.661381,428455.242502,428455.196485,0,9589,1,-0.410043,9.533212,58.639954,-0.132954,0.075093,0.025769
428455.251107,2.623545,11.879151,49.607475,-3.924567,11.852799,49.662617,428455.246492,428455.196485,0,9590,1,-0.410043,9.533212,58.639954,-0.132954,0.075093,0.025769
428455.254653,2.612704,11.884233,49.606861,-3.936766,11.847694,49.665989,428455.250048,428455.213159,0,9591,1,-0.476482,9.373304,58.730087,-0.114464,0.070657,0.027144
428455.259081,2.601293,11.884220,49.608391,-3.948178,11.847682,49.667519,428455.254472,428455.213159,0,9592,1,-0.476482,9.373304,58.730087,-0.114464,0.070657,0.027144
428455.263167,2.590072,11.884208,49.610069,-3.959399,11.847670,49.669197,428455.258568,428455.213159,0,9593,1,-0.476482,9.373304,58.730087,-0.114464,0.070657,0.027144
428455.268209,2.579620,11.889457,49.604435,-3.965144,11.842400,49.678326,428455.263638,428455.229833,0,9594,1,-0.490468,9.335626,58.570164,-0.108201,0.073405,0.026387
428455.271869,2.571814,11.889446,49.606251,-3.972950,11.842389,49.680138,428455.267261,428455.229833,0,9595,1,-0.490468,9.335626,58.570164,-0.108201,0.073405,0.026387
428455.275459,2.564301,11.889437,49.608131,-3.980463,11.842380,49.682014,428455.270832,428455.229833,0,9596,1,-0.490468,9.335626,58.570164,-0.108201,0.073405,0.026387
428455.280073,2.556943,11.889426,49.610081,-3.987821,11.842369,49.683968,428455.275470,428455.229833,0,9597,1,-0.490468,9.335626,58.570164,-0.108201,0.073405,0.026387
428455.284118,2.549841,11.889416,49.612099,-3.994923,11.842359,49.685982,428455.279438,428455.229833,0,9598,1,-0.490468,9.335626,58.570164,-0.108201,0.073405,0.026387
428455.288042,2.541062,11.893530,49.605415,-4.003977,11.838222,49.696918,428455.283433,428455.246506,0,9599,1,-0.536414,9.326021,58.659061,-0.105642,0.074061,0.022249
428455.292880,2.532282,11.893517,49.607647,-4.012757,11.838210,49.699146,428455.288276,428455.246506,0,9600,1,-0.536414,9.326021,58.659061,-0.105642,0.074061,0.022249
428455.296571,2.523834,11.893506,49.609982,-4.021205,11.838198,49.701485,428455.291909,428455.246506,0,9601,1,-0.536414,9.326021,58.659061,-0.105642,0.074061,0.022249
428455.300577,2.512042,11.898360,49.611771,-4.030392,11.833316,49.704430,428455.295916,428455.263180,0,9602,1,-0.596976,9.464849,58.663982,-0.119460,0.071118,0.027642
428455.305014,2.501786,11.898347,49.614162,-4.040648,11.833302,49.706821,428455.300443,428455.263180,0,9603,1,-0.596976,9.464849,58.663982,-0.119460,0.071118,0.027642
428455.309167,2.491832,11.898334,49.616581,-4.050602,11.833289,49.709240,428455.304564,428455.263180,0,9604,1,-0.596976,9.464849,58.663982,-0.119460,0.071118,0.027642
428455.313247,2.482203,11.898320,49.619026,-4.060231,11.833276,49.711689,428455.308470,428455.263180,0,9605,1,-0.596976,9.464849,58.663982,-0.119460,0.071118,0.027642
428455.317399,2.475613,11.903077,49.621151,-4.061198,11.828503,49.714367,428455.312794,428455.279853,0,9606,1,-0.555796,9.439205,58.627869,-0.114299,0.075566,0.025889
428455.320835,2.472022,11.903069,49.623508,-4.064789,11.828494,49.716728,428455.316226,428455.279853,0,9607,1,-0.555796,9.439205,58.627869,-0.114299,0.075566,0.025889
428455.325203,2.468580,11.903060,49.625832,-4.068231,11.828485,49.719048,428455.320590,428455.279853,0,9608,1,-0.555796,9.439205,58.627869,-0.114299,0.075566,0.025889
428455.329990,2.465295,11.903052,49.628109,-4.071516,11.828478,49.721329,428455.325330,428455.279853,0,9609,1,-0.555796,9.439205,58.627869,-0.114299,0.075566,0.025889
428455.334204,2.463549,11.908944,49.625893,-4.069764,11.822575,49.727962,428455.329601,428455.296527,0,9610,1,-0.558366,9.403459,58.591816,-0.109898,0.075616,0.033619
428455.337778,2.463552,11.908939,49.628033,-4.069761,11.822570,49.730103,428455.333134,428455.296527,0,9611,1,-0.558366,9.403459,58.591816,-0.109898,0.075616,0.033619
428455.342858,2.463555,11.908935,49.630104,-4.069758,11.822565,49.732174,428455.338177,428455.296527,0,9612,1,-0.558366,9.403459,58.591816,-0.109898,0.075616,0.033619
428455.346790,2.463557,11.908930,49.632099,-4.069756,11.822559,49.734173,428455.342162,428455.296527,0,9613,1,-0.558366,9.403459,58.591816,-0.109898,0.075616,0.033619
428455.351266,2.463068,11.913462,49.636414,-4.069262,11.818018,49.733791,428455.346664,428455.313201,0,9614,1,-0.600708,9.358006,58.688622,-0.103595,0.071891,0.031815
428455.355093,2.463071,11.913457,49.638348,-4.069259,11.818013,49.735725,428455.350493,428455.313201,0,9615,1,-0.600708,9.358006,58.688622,-0.103595,0.071891,0.031815
428455.359211,2.463073,11.913452,49.640247,-4.069257,11.818008,49.737625,428455.354515,428455.313201,0,9616,1,-0.600708,9.358006,58.688622,-0.103595,0.071891,0.031815
428455.363156,2.463076,11.913448,49.642109,-4.069254,11.818004,49.739487,428455.358555,428455.313201,0,9617,1,-0.600708,9.358006,58.688622,-0.103595,0.071891,0.031815
428455.367923,2.463897,11.916609,49.641220,-4.070069,11.814834,49.744183,428455.363281,428455.329874,0,9618,1,-0.602764,9.460789,58.756260,-0.117011,0.073662,0.031016
428455.371586,2.463899,11.916604,49.643169,-4.070066,11.814830,49.746128,428455.366985,428455.329874,0,9619,1,-0.602764,9.460789,58.756260,-0.117011,0.073662,0.031016
428455.375632,2.463902,11.916599,49.645157,-4.070064,11.814824,49.748119,428455.371029,428455.329874,0,9620,1,-0.602764,9.460789,58.756260,-0.117011,0.073662,0.031016
428455.380555,2.457307,11.921078,49.659592,-4.074709,11.810327,49.737812,428455.375982,428455.346548,0,9621,1,-0.622436,9.405066,58.800613,-0.111834,0.073332,0.030022
428455.384077,2.449532,11.921067,49.661720,-4.082485,11.810316,49.739948,428455.379392,428455.346548,0,9622,1,-0.622436,9.405066,58.800613,-0.111834,0.073332,0.030022
428455.387662,2.442019,11.921056,49.663921,-4.089996,11.810305,49.742142,428455.383017,428455.346548,0,9623,1,-0.622436,9.405066,58.800613,-0.111834,0.073332,0.030022
428455.392632,2.434533,11.921045,49.666180,-4.097483,11.810294,49.744404,428455.388000,428455.346548,0,9624,1,-0.622436,9.405066,58.800613,-0.111834,0.073332,0.030022
428455.396549,2.428009,11.924180,49.660744,-4.101713,11.807140,49.754230,428455.391974,428455.363222,0,9625,1,-0.565282,9.436157,58.531006,-0.115794,0.080643,0.034559
428455.400918,2.422799,11.924170,49.662872,-4.106923,11.807132,49.756359,428455.396182,428455.363222,0,9626,1,-0.565282,9.436157,58.531006,-0.115794,0.080643,0.034559
428455.404335,2.417796,11.924162,49.664932,-4.111926,11.807123,49.758423,428455.399737,428455.363222,0,9627,1,-0.565282,9.436157,58.531006,-0.115794,0.080643,0.034559
428455.408723,2.412905,11.924153,49.666924,-4.116817,11.807115,49.760414,428455.404126,428455.363222,0,9628,1,-0.565282,9.436157,58.531006,-0.115794,0.080643,0.034559
428455.413411,2.408086,11.924145,49.668846,-4.121635,11.807106,49.762333,428455.408811,428455.363222,0,9629,1,-0.565282,9.436157,58.531006,-0.115794,0.080643,0.034559
428455.417385,2.403397,11.924137,49.670689,-4.126325,11.807098,49.764179,428455.412790,428455.363222,0,9630,1,-0.565282,9.436157,58.531006,-0.115794,0.080643,0.034559
428455.420812,2.398868,11.924129,49.672462,-4.130853,11.807091,49.765953,428455.416234,428455.363222,0,9631,1,-0.565282,9.436157,58.531006,-0.115794,0.080643,0.034559
428455.425777,2.394361,11.924122,49.674160,-4.135360,11.807083,49.767647,428455.421070,428455.363222,0,9632,1,-0.565282,9.436157,58.531006,-0.115794,0.080643,0.034559
428455.429807,2.393026,11.929181,49.676735,-4.137525,11.802012,49.768436,428455.425250,428455.379895,0,9633,1,-0.585342,9.238797,58.644657,-0.094578,0.078318,0.033809
428455.435338,2.391213,11.929176,49.678413,-4.139338,11.802008,49.770111,428455.430771,428455.379895,0,9634,1,-0.585342,9.238797,58.644657,-0.094578,0.078318,0.033809
428455.438394,2.389455,11.929171,49.680077,-4.141097,11.802002,49.771782,428455.433834,428455.379895,0,9635,1,-0.585342,9.238797,58.644657,-0.094578,0.078318,0.033809
428455.442418,2.387711,11.929165,49.681736,-4.142840,11.801997,49.773438,428455.437791,428455.379895,0,9636,1,-0.585342,9.238797,58.644657,-0.094578,0.078318,0.033809
428455.445859,2.383426,11.932526,49.691490,-4.149584,11.798620,49.767174,428455.441260,428455.396372,0,9637,1,-0.643015,9.307088,58.787258,-0.099854,0.075493,0.032824
428455.450595,2.377958,11.932517,49.693317,-4.155052,11.798612,49.769005,428455.445912,428455.396372,0,9638,1,-0.643015,9.307088,58.787258,-0.099854,0.075493,0.032824
428455.455870,2.372460,11.932508,49.695232,-4.160550,11.798603,49.770916,428455.451156,428455.396372,0,9639,1,-0.643015,9.307088,58.787258,-0.099854,0.075493,0.032824
428455.458700,2.367187,11.932499,49.697224,-4.165823,11.798594,49.772911,428455.454087,428455.396372,0,9640,1,-0.643015,9.307088,58.787258,-0.099854,0.075493,0.032824
428455.463917,2.365102,11.935956,49.697876,-4.163733,11.795128,49.776051,428455.459340,428455.413038,0,9641,1,-0.616592,9.342514,58.518883,-0.103890,0.074819,0.034602
428455.467576,2.365104,11.935952,49.699680,-4.163731,11.795123,49.777855,428455.462979,428455.413038,0,9642,1,-0.616592,9.342514,58.518883,-0.103890,0.074819,0.034602
428455.471638,2.365106,11.935947,49.701397,-4.163728,11.795119,49.779572,428455.467053,428455.413038,0,9643,1,-0.616592,9.342514,58.518883,-0.103890,0.074819,0.034602
428455.475677,2.365108,11.935944,49.703018,-4.163726,11.795115,49.781193,428455.471013,428455.413038,0,9644,1,-0.616592,9.342514,58.518883,-0.103890,0.074819,0.034602
428455.479974,2.365146,11.939482,49.702309,-4.163760,11.791570,49.784870,428455.475366,428455.429705,0,9645,1,-0.574951,9.423330,58.512047,-0.110771,0.080161,0.037670
428455.483961,2.365148,11.939479,49.703651,-4.163758,11.791567,49.786213,428455.479359,428455.429705,0,9646,1,-0.574951,9.423330,58.512047,-0.110771,0.080161,0.037670
428455.488700,2.365149,11.939476,49.704853,-4.163757,11.791564,49.787411,428455.484019,428455.429705,0,9647,1,-0.574951,9.423330,58.512047,-0.110771,0.080161,0.037670
428455.492701,2.366438,11.943095,49.700451,-4.165041,11.787938,49.794167,428455.488006,428455.446372,0,9648,1,-0.646800,9.324992,58.749519,-0.099045,0.073680,0.033744
428455.497044,2.366439,11.943092,49.701603,-4.165040,11.787935,49.795319,428455.492442,428455.446372,0,9649,1,-0.646800,9.324992,58.749519,-0.099045,0.073680,0.033744
428455.500744,2.366441,11.943090,49.702732,-4.165039,11.787932,49.796448,428455.496048,428455.446372,0,9650,1,-0.646800,9.324992,58.749519,-0.099045,0.073680,0.033744
428455.504731,2.366442,11.943088,49.703831,-4.165037,11.787930,49.797546,428455.500060,428455.446372,0,9651,1,-0.646800,9.324992,58.749519,-0.099045,0.073680,0.033744
428455.509629,2.365197,11.946719,49.706673,-4.163789,11.784293,49.796730,428455.504995,428455.463038,0,9652,1,-0.567380,9.290859,58.488533,-0.095609,0.080465,0.036373
428455.513744,2.365198,11.946717,49.707592,-4.163788,11.784291,49.797649,428455.509142,428455.463038,0,9653,1,-0.567380,9.290859,58.488533,-0.095609,0.080465,0.036373
428455.517776,2.365199,11.946715,49.708420,-4.163786,11.784288,49.798477,428455.513212,428455.463038,0,9654,1,-0.567380,9.290859,58.488533,-0.095609,0.080465,0.036373
428455.521888,2.365200,11.946713,49.709148,-4.163785,11.784287,49.799206,428455.517247,428455.463038,0,9655,1,-0.567380,9.290859,58.488533,-0.095609,0.080465,0.036373
428455.526173,2.366567,11.950737,49.700455,-4.165151,11.780260,49.809280,428455.521574,428455.479705,0,9656,1,-0.547027,9.234184,58.564693,-0.088258,0.084699,0.037301
428455.529649,2.366568,11.950735,49.701103,-4.165150,11.780258,49.809929,428455.525053,428455.479705,0,9657,1,-0.547027,9.234184,58.564693,-0.088258,0.084699,0.037301
428455.535354,2.366569,11.950734,49.701706,-4.165149,11.780257,49.810528,428455.530733,428455.479705,0,9658,1,-0.547027,9.234184,58.564693,-0.088258,0.084699,0.037301
428455.538328,2.366570,11.950732,49.702263,-4.165148,11.780256,49.811085,428455.533674,428455.479705,0,9659,1,-0.547027,9.234184,58.564693,-0.088258,0.084699,0.037301
428455.541622,2.368251,11.952430,49.699104,-4.166828,11.778556,49.815460,428455.537023,428455.496372,0,9660,1,-0.470063,9.478703,58.675987,-0.116032,0.091205,0.035785
428455.546331,2.368252,11.952428,49.699764,-4.166827,11.778554,49.816124,428455.541705,428455.496372,0,9661,1,-0.470063,9.478703,58.675987,-0.116032,0.091205,0.035785
428455.551313,2.368253,11.952426,49.700481,-4.166826,11.778552,49.816841,428455.546552,428455.496372,0,9662,1,-0.470063,9.478703,58.675987,-0.116032,0.091205,0.035785
428455.555103,2.368254,11.952424,49.701248,-4.166825,11.778550,49.817608,428455.550500,428455.496372,0,9663,1,-0.470063,9.478703,58.675987,-0.116032,0.091205,0.035785
428455.558698,2.368099,11.954161,49.696831,-4.166669,11.776811,49.823547,428455.554096,428455.513038,0,9664,1,-0.451249,9.219662,58.446861,-0.088008,0.090863,0.036250
428455.563911,2.368100,11.954159,49.697586,-4.166668,11.776809,49.824299,428455.559309,428455.513038,0,9665,1,-0.451249,9.219662,58.446861,-0.088008,0.090863,0.036250
428455.567536,2.368101,11.954157,49.698334,-4.166667,11.776807,49.825047,428455.562955,428455.513038,0,9666,1,-0.451249,9.219662,58.446861,-0.088008,0.090863,0.036250
428455.571532,2.368102,11.954155,49.699074,-4.166666,11.776805,49.825787,428455.566940,428455.513038,0,9667,1,-0.451249,9.219662,58.446861,-0.088008,0.090863,0.036250
428455.574966,2.366798,11.956779,49.699924,-4.165359,11.774178,49.826519,428455.570365,428455.529705,0,9668,1,-0.499196,9.309008,58.663738,-0.098463,0.084939,0.035378
428455.579865,2.366799,11.956777,49.700771,-4.165358,11.774176,49.827366,428455.575266,428455.529705,0,9669,1,-0.499196,9.309008,58.663738,-0.098463,0.084939,0.035378
428455.583507,2.366800,11.956775,49.701672,-4.165357,11.774173,49.828270,428455.578923,428455.529705,0,9670,1,-0.499196,9.309008,58.663738,-0.098463,0.084939,0.035378
428455.588450,2.366893,11.957118,49.698528,-4.165448,11.773826,49.833157,428455.583868,428455.546372,0,9671,1,-0.519965,9.342798,58.540516,-0.101973,0.080945,0.033286
428455.592661,2.366894,11.957116,49.699368,-4.165447,11.773824,49.834000,428455.588062,428455.546372,0,9672,1,-0.519965,9.342798,58.540516,-0.101973,0.080945,0.033286
428455.596073,2.366895,11.957114,49.700180,-4.165445,11.773821,49.834808,428455.591473,428455.546372,0,9673,1,-0.519965,9.342798,58.540516,-0.101973,0.080945,0.033286
428455.601153,2.366896,11.957112,49.700958,-4.165444,11.773820,49.835590,428455.596489,428455.546372,0,9674,1,-0.519965,9.342798,58.540516,-0.101973,0.080945,0.033286
428455.605243,2.366389,11.958206,49.712051,-4.164934,11.772722,49.826000,428455.600650,428455.563038,0,9675,1,-0.573746,9.188962,58.458496,-0.084624,0.073114,0.035086
428455.609480,2.366390,11.958204,49.712780,-4.164933,11.772720,49.826729,428455.604886,428455.563038,0,9676,1,-0.573746,9.188962,58.458496,-0.084624,0.073114,0.035086
428455.612929,2.366390,11.958202,49.713482,-4.164932,11.772718,49.827431,428455.608247,428455.563038,0,9677,1,-0.573746,9.188962,58.458496,-0.084624,0.073114,0.035086
428455.618132,2.366391,11.958200,49.714161,-4.164931,11.772717,49.828110,428455.613232,428455.563038,0,9678,1,-0.573746,9.188962,58.458496,-0.084624,0.073114,0.035086
428455.621811,2.368285,11.957171,49.694885,-4.166823,11.773743,49.848782,428455.617222,428455.579705,0,9679,1,-0.609491,9.357907,58.625431,-0.102675,0.071729,0.031922
428455.625495,2.368286,11.957170,49.695606,-4.166822,11.773741,49.849503,428455.620898,428455.579705,0,9680,1,-0.609491,9.357907,58.625431,-0.102675,0.071729,0.031922
428455.630056,2.368287,11.957169,49.696346,-4.166821,11.773739,49.850243,428455.625463,428455.579705,0,9681,1,-0.609491,9.357907,58.625431,-0.102675,0.071729,0.031922
428455.634096,2.368288,11.957167,49.697109,-4.166821,11.773737,49.851009,428455.629443,428455.579705,0,9682,1,-0.609491,9.357907,58.625431,-0.102675,0.071729,0.031922
428455.637543,2.367309,11.957692,49.695530,-4.165839,11.773208,49.854015,428455.632969,428455.596372,0,9683,1,-0.596732,9.318149,58.552704,-0.098857,0.070407,0.037511
428455.642802,2.367310,11.957691,49.696194,-4.165838,11.773206,49.854679,428455.638203,428455.596372,0,9684,1,-0.596732,9.318149,58.552704,-0.098857,0.070407,0.037511
428455.646935,2.367311,11.957689,49.696804,-4.165837,11.773205,49.855289,428455.642276,428455.596372,0,9685,1,-0.596732,9.318149,58.552704,-0.098857,0.070407,0.037511
428455.650846,2.367311,11.957688,49.697365,-4.165836,11.773203,49.855850,428455.646214,428455.596372,0,9686,1,-0.596732,9.318149,58.552704,-0.098857,0.070407,0.037511
428455.654421,2.369151,11.957414,49.693050,-4.167675,11.773475,49.861286,428455.649825,428455.613038,0,9687,1,-0.537730,9.356963,58.608505,-0.103087,0.074158,0.034388
428455.658805,2.369152,11.957412,49.693611,-4.167675,11.773474,49.861847,428455.654211,428455.613038,0,9688,1,-0.537730,9.356963,58.608505,-0.103087,0.074158,0.034388
428455.663308,2.369153,11.957411,49.694172,-4.167674,11.773473,49.862408,428455.658663,428455.613038,0,9689,1,-0.537730,9.356963,58.608505,-0.103087,0.074158,0.034388
428455.667276,2.369153,11.957409,49.694736,-4.167674,11.773471,49.862968,428455.662671,428455.613038,0,9690,1,-0.537730,9.356963,58.608505,-0.103087,0.074158,0.034388
428455.671962,2.369668,11.957324,49.694538,-4.168187,11.773553,49.864304,428455.667361,428455.629705,0,9691,1,-0.417197,9.437347,58.525505,-0.110873,0.087353,0.035238
428455.675493,2.369669,11.957323,49.695118,-4.168186,11.773552,49.864883,428455.670797,428455.629705,0,9692,1,-0.417197,9.437347,58.525505,-0.110873,0.087353,0.035238
428455.680112,2.369670,11.957321,49.695709,-4.168185,11.773550,49.865475,428455.675490,428455.629705,0,9693,1,-0.417197,9.437347,58.525505,-0.110873,0.087353,0.035238
428455.684016,2.369671,11.957320,49.696312,-4.168184,11.773549,49.866077,428455.679446,428455.629705,0,9694,1,-0.417197,9.437347,58.525505,-0.110873,0.087353,0.035238
428455.687535,2.367611,11.957744,49.703720,-4.166122,11.773122,49.859791,428455.682934,428455.646372,0,9695,1,-0.453920,9.388337,58.550404,-0.106060,0.083685,0.036106
428455.692669,2.367611,11.957743,49.704239,-4.166121,11.773121,49.860313,428455.688074,428455.646372,0,9696,1,-0.453920,9.388337,58.550404,-0.106060,0.083685,0.036106
428455.696297,2.367612,11.957742,49.704716,-4.166121,11.773120,49.860790,428455.691677,428455.646372,0,9697,1,-0.453920,9.388337,58.550404,-0.106060,0.083685,0.036106
428455.701350,2.368351,11.957417,49.701191,-4.166859,11.773442,49.865292,428455.696668,428455.663038,0,9698,1,-0.496271,9.432912,58.598312,-0.111015,0.079804,0.032802
428455.705641,2.368351,11.957416,49.701683,-4.166858,11.773440,49.865788,428455.701041,428455.663038,0,9699,1,-0.496271,9.432912,58.598312,-0.111015,0.079804,0.032802
428455.709071,2.368352,11.957415,49.702187,-4.166857,11.773439,49.866287,428455.704467,428455.663038,0,9700,1,-0.496271,9.432912,58.598312,-0.111015,0.079804,0.032802
428455.712839,2.368353,11.957414,49.702698,-4.166857,11.773438,49.866798,428455.708110,428455.663038,0,9701,1,-0.496271,9.432912,58.598312,-0.111015,0.079804,0.032802
428455.717865,2.368503,11.955729,49.712936,-4.167006,11.775121,49.857449,428455.713194,428455.679705,0,9702,1,-0.460197,9.287522,58.399616,-0.097459,0.079033,0.033840
428455.721470,2.368504,11.955728,49.713318,-4.167005,11.775120,49.857830,428455.716868,428455.679705,0,9703,1,-0.460197,9.287522,58.399616,-0.097459,0.079033,0.033840
428455.725115,2.368504,11.955727,49.713638,-4.167005,11.775120,49.858150,428455.720512,428455.679705,0,9704,1,-0.460197,9.287522,58.399616,-0.097459,0.079033,0.033840
428455.729990,2.368504,11.955726,49.713894,-4.167004,11.775119,49.858406,428455.725305,428455.679705,0,9705,1,-0.460197,9.287522,58.399616,-0.097459,0.079033,0.033840
428455.733391,2.369412,11.956171,49.709702,-4.167911,11.774673,49.862988,428455.728789,428455.696372,0,9706,1,-0.411046,9.370242,58.526958,-0.106655,0.086714,0.036257
428455.738228,2.369412,11.956171,49.709839,-4.167911,11.774673,49.863121,428455.733628,428455.696372,0,9707,1,-0.411046,9.370242,58.526958,-0.106655,0.086714,0.036257
428455.742414,2.369412,11.956170,49.709911,-4.167911,11.774673,49.863197,428455.737776,428455.696372,0,9708,1,-0.411046,9.370242,58.526958,-0.106655,0.086714,0.036257
428455.746363,2.369412,11.956170,49.709927,-4.167911,11.774673,49.863209,428455.741743,428455.696372,0,9709,1,-0.411046,9.370242,58.526958,-0.106655,0.086714,0.036257
428455.751678,2.369691,11.955907,49.715504,-4.168189,11.774935,49.857689,428455.747079,428455.713038,0,9710,1,-0.416929,9.424191,58.579792,-0.111344,0.086746,0.030804
428455.754068,2.369691,11.955907,49.715546,-4.168189,11.774935,49.857731,428455.749469,428455.713038,0,9711,1,-0.416929,9.424191,58.579792,-0.111344,0.086746,0.030804
428455.759206,2.369691,11.955907,49.715603,-4.168189,11.774935,49.857792,428455.754558,428455.713038,0,9712,1,-0.416929,9.424191,58.579792,-0.111344,0.086746,0.030804
428455.763106,2.369691,11.955907,49.715675,-4.168189,11.774935,49.857864,428455.758504,428455.713038,0,9713,1,-0.416929,9.424191,58.579792,-0.111344,0.086746,0.030804
428455.767549,2.369437,11.954238,49.705883,-4.167935,11.776604,49.867706,428455.762944,428455.729705,0,9714,1,-0.400411,9.347426,58.431019,-0.102067,0.086866,0.033230
428455.770961,2.369437,11.954238,49.705849,-4.167935,11.776604,49.867672,428455.766355,428455.729705,0,9715,1,-0.400411,9.347426,58.431019,-0.102067,0.086866,0.033230
428455.776045,2.369437,11.954239,49.705761,-4.167935,11.776604,49.867584,428455.771423,428455.729705,0,9716,1,-0.400411,9.347426,58.431019,-0.102067,0.086866,0.033230
428455.779997,2.369437,11.954239,49.705620,-4.167936,11.776604,49.867439,428455.775423,428455.729705,0,9717,1,-0.400411,9.347426,58.431019,-0.102067,0.086866,0.033230
428455.783674,2.368393,11.954344,49.700790,-4.166893,11.776500,49.871910,428455.779070,428455.746372,0,9718,1,-0.412901,9.392728,58.491882,-0.106435,0.084790,0.032394
428455.788226,2.368393,11.954344,49.700577,-4.166893,11.776501,49.871696,428455.783627,428455.746372,0,9719,1,-0.412901,9.392728,58.491882,-0.106435,0.084790,0.032394
428455.791956,2.368393,11.954345,49.700329,-4.166893,11.776502,49.871449,428455.787357,428455.746372,0,9720,1,-0.412901,9.392728,58.491882,-0.106435,0.084790,0.032394
428455.796787,2.368392,11.954346,49.700043,-4.166893,11.776502,49.871162,428455.792188,428455.746372,0,9721,1,-0.412901,9.392728,58.491882,-0.106435,0.084790,0.032394
428455.800400,2.368392,11.954347,49.699718,-4.166894,11.776503,49.870838,428455.795800,428455.746372,0,9722,1,-0.412901,9.392728,58.491882,-0.106435,0.084790,0.032394
428455.805280,2.368392,11.954348,49.699356,-4.166894,11.776504,49.870476,428455.800636,428455.746372,0,9723,1,-0.412901,9.392728,58.491882,-0.106435,0.084790,0.032394
428455.809230,2.368391,11.954349,49.698956,-4.166895,11.776505,49.870075,428455.804447,428455.746372,0,9724,1,-0.412901,9.392728,58.491882,-0.106435,0.084790,0.032394
428455.813177,2.368390,11.954350,49.698513,-4.166895,11.776505,49.869637,428455.808287,428455.746372,0,9725,1,-0.412901,9.392728,58.491882,-0.106435,0.084790,0.032394
428455.816894,2.368039,11.952745,49.680691,-4.166546,11.778111,49.886620,428455.812301,428455.763038,0,9726,1,-0.446117,9.481700,58.514980,-0.112509,0.083424,0.029631
428455.821979,2.368038,11.952746,49.680298,-4.166546,11.778112,49.886227,428455.817385,428455.763038,0,9727,1,-0.446117,9.481700,58.514980,-0.112509,0.083424,0.029631
428455.826047,2.368038,11.952747,49.679924,-4.166547,11.778113,49.885853,428455.821419,428455.763038,0,9728,1,-0.446117,9.481700,58.514980,-0.112509,0.083424,0.029631
428455.830353,2.363599,11.950170,49.701202,-4.162109,11.780693,49.863861,428455.825758,428455.780410,0,9729,1,-0.452587,9.902491,58.581371,-0.152070,0.082235,0.023433
428455.834663,2.363599,11.950170,49.700859,-4.162109,11.780694,49.863518,428455.829957,428455.780410,0,9730,1,-0.452587,9.902491,58.581371,-0.152070,0.082235,0.023433
428455.838448,2.363598,11.950171,49.700527,-4.162110,11.780695,49.863190,428455.833852,428455.780410,0,9731,1,-0.452587,9.902491,58.581371,-0.152070,0.082235,0.023433
428455.842421,2.363598,11.950171,49.700214,-4.162110,11.780696,49.862877,428455.837782,428455.780410,0,9732,1,-0.452587,9.902491,58.581371,-0.152070,0.082235,0.023433
428455.846752,2.358820,11.945827,49.697948,-4.157333,11.785041,49.864498,428455.842152,428455.797084,0,9733,1,-0.383111,10.302334,58.580742,-0.193054,0.090672,0.024290
428455.850168,2.358820,11.945828,49.697620,-4.157334,11.785042,49.864166,428455.845572,428455.797084,0,9734,1,-0.383111,10.302334,58.580742,-0.193054,0.090672,0.024290
428455.855283,2.358819,11.945829,49.697285,-4.157334,11.785043,49.863831,428455.850669,428455.797084,0,9735,1,-0.383111,10.302334,58.580742,-0.193054,0.090672,0.024290
428455.859236,2.358819,11.945830,49.696941,-4.157335,11.785044,49.863491,428455.854620,428455.797084,0,9736,1,-0.383111,10.302334,58.580742,-0.193054,0.090672,0.024290
428455.862573,2.353179,11.942417,49.695663,-4.151696,11.788458,49.864082,428455.857976,428455.813758,0,9737,1,-0.442151,10.570396,58.673119,-0.215413,0.087572,0.027042
428455.867647,2.353178,11.942418,49.695320,-4.151696,11.788459,49.863739,428455.863011,428455.813758,0,9738,1,-0.442151,10.570396,58.673119,-0.215413,0.087572,0.027042
428455.871238,2.353178,11.942419,49.694977,-4.151697,11.788460,49.863392,428455.866622,428455.813758,0,9739,1,-0.442151,10.570396,58.673119,-0.215413,0.087572,0.027042
428455.876221,2.353177,11.942420,49.694630,-4.151697,11.788461,49.863049,428455.871639,428455.813758,0,9740,1,-0.442151,10.570396,58.673119,-0.215413,0.087572,0.027042
428455.879903,2.350056,11.938244,49.695171,-4.148576,11.792637,49.862015,428455.875306,428455.830431,0,9741,1,-0.425774,10.630033,58.803703,-0.219478,0.091367,0.023763
428455.884108,2.350056,11.938245,49.695023,-4.148576,11.792638,49.861870,428455.879513,428455.830431,0,9742,1,-0.425774,10.630033,58.803703,-0.219478,0.091367,0.023763
428455.887780,2.350056,11.938245,49.694977,-4.148576,11.792638,49.861820,428455.883170,428455.830431,0,9743,1,-0.425774,10.630033,58.803703,-0.219478,0.091367,0.023763
428455.892780,2.343863,11.932721,49.691204,-4.142384,11.798162,49.865551,428455.888193,428455.847105,0,9744,1,-0.362260,10.854898,58.642044,-0.242021,0.097529,0.026058
428455.896450,2.343863,11.932721,49.691212,-4.142384,11.798162,49.865559,428455.891855,428455.847105,0,9745,1,-0.362260,10.854898,58.642044,-0.242021,0.097529,0.026058
428455.900577,2.343863,11.932721,49.691246,-4.142384,11.798162,49.865593,428455.895983,428455.847105,0,9746,1,-0.362260,10.854898,58.642044,-0.242021,0.097529,0.026058
428455.905289,2.343863,11.932720,49.691311,-4.142384,11.798162,49.865662,428455.900624,428455.847105,0,9747,1,-0.362260,10.854898,58.642044,-0.242021,0.097529,0.026058
428455.909174,2.338506,11.928194,49.687645,-4.137027,11.802688,49.869434,428455.904598,428455.863778,0,9748,1,-0.371801,10.838791,58.691528,-0.239797,0.097172,0.026947
428455.912804,2.338506,11.928194,49.687687,-4.137027,11.802688,49.869476,428455.908212,428455.863778,0,9749,1,-0.371801,10.838791,58.691528,-0.239797,0.097172,0.026947
428455.917962,2.338506,11.928194,49.687717,-4.137027,11.802688,49.869507,428455.912931,428455.863778,0,9750,1,-0.371801,10.838791,58.691528,-0.239797,0.097172,0.026947
428455.921516,2.338506,11.928194,49.687740,-4.137027,11.802687,49.869530,428455.916874,428455.863778,0,9751,1,-0.371801,10.838791,58.691528,-0.239797,0.097172,0.026947
428455.925586,2.338506,11.928194,49.687748,-4.137027,11.802687,49.869537,428455.920900,428455.863778,0,9752,1,-0.371801,10.838791,58.691528,-0.239797,0.097172,0.026947
428455.930452,2.334223,11.924955,49.677361,-4.132743,11.805926,49.880028,428455.925892,428455.880452,0,9753,1,-0.406494,10.820210,58.733589,-0.238449,0.095417,0.029394
428455.934674,2.334224,11.924954,49.677456,-4.132743,11.805926,49.880123,428455.929957,428455.880452,0,9754,1,-0.406494,10.820210,58.733589,-0.238449,0.095417,0.029394
428455.938128,2.334224,11.924954,49.677593,-4.132743,11.805925,49.880264,428455.933475,428455.880452,0,9755,1,-0.406494,10.820210,58.733589,-0.238449,0.095417,0.029394
428455.942413,2.329664,11.919468,49.678459,-4.128182,11.811411,49.879967,428455.937812,428455.897126,0,9756,1,-0.405811,10.718157,58.914883,-0.224270,0.096618,0.024917
428455.945770,2.329664,11.919466,49.678886,-4.128182,11.811410,49.880394,428455.941172,428455.897126,0,9757,1,-0.405811,10.718157,58.914883,-0.224270,0.096618,0.024917
428455.950966,2.329665,11.919465,49.679459,-4.128181,11.811409,49.880966,428455.946234,428455.897126,0,9758,1,-0.405811,10.718157,58.914883,-0.224270,0.096618,0.024917
428455.954876,2.329666,11.919463,49.680176,-4.128180,11.811407,49.881687,428455.950230,428455.897126,0,9759,1,-0.405811,10.718157,58.914883,-0.224270,0.096618,0.024917
428455.958231,2.325788,11.914835,49.667393,-4.124300,11.816031,49.895966,428455.953629,428455.913799,0,9760,1,-0.346246,10.877332,58.706200,-0.240161,0.105642,0.027363
428455.962629,2.325789,11.914833,49.668175,-4.124299,11.816030,49.896748,428455.958026,428455.913799,0,9761,1,-0.346246,10.877332,58.706200,-0.240161,0.105642,0.027363
428455.967698,2.325790,11.914831,49.668987,-4.124298,11.816028,49.897560,428455.963081,428455.913799,0,9762,1,-0.346246,10.877332,58.706200,-0.240161,0.105642,0.027363
428455.971652,2.325791,11.914829,49.669830,-4.124296,11.816026,49.898403,428455.967063,428455.913799,0,9763,1,-0.346246,10.877332,58.706200,-0.240161,0.105642,0.027363
428455.975036,2.323567,11.910819,49.662189,-4.122070,11.820031,49.907875,428455.970437,428455.930473,0,9764,1,-0.372309,10.945292,58.864204,-0.245874,0.105153,0.025674
428455.979711,2.323568,11.910817,49.663177,-4.122068,11.820028,49.908863,428455.975115,428455.930473,0,9765,1,-0.372309,10.945292,58.864204,-0.245874,0.105153,0.025674
428455.984572,2.323570,11.910814,49.664238,-4.122067,11.820025,49.909924,428455.979934,428455.930473,0,9766,1,-0.372309,10.945292,58.864204,-0.245874,0.105153,0.025674
428455.988460,2.319985,11.907095,49.660984,-4.118479,11.823740,49.915337,428455.983898,428455.947146,0,9767,1,-0.382538,10.830634,58.768681,-0.233963,0.103504,0.025045
428455.992242,2.319987,11.907092,49.662086,-4.118478,11.823737,49.916439,428455.987648,428455.947146,0,9768,1,-0.382538,10.830634,58.768681,-0.233963,0.103504,0.025045
428455.996650,2.319988,11.907089,49.663208,-4.118476,11.823735,49.917564,428455.992058,428455.947146,0,9769,1,-0.382538,10.830634,58.768681,-0.233963,0.103504,0.025045
428456.000363,2.319990,11.907086,49.664352,-4.118474,11.823732,49.918709,428455.995714,428455.947146,0,9770,1,-0.382538,10.830634,58.768681,-0.233963,0.103504,0.025045
428456.005684,2.316255,11.903837,49.662533,-4.114738,11.826976,49.922668,428456.001080,428455.963820,0,9771,1,-0.383607,10.770767,58.657791,-0.225587,0.102044,0.028198
428456.009073,2.316256,11.903835,49.663528,-4.114737,11.826974,49.923664,428456.004473,428455.963820,0,9772,1,-0.383607,10.770767,58.657791,-0.225587,0.102044,0.028198
428456.012719,2.316257,11.903832,49.664448,-4.114735,11.826971,49.924583,428456.008120,428455.963820,0,9773,1,-0.383607,10.770767,58.657791,-0.225587,0.102044,0.028198
428456.017575,2.316259,11.903831,49.665291,-4.114734,11.826969,49.925426,428456.012900,428455.963820,0,9774,1,-0.383607,10.770767,58.657791,-0.225587,0.102044,0.028198
428456.021637,2.316309,11.902156,49.641781,-4.114782,11.828641,49.950523,428456.016858,428455.980494,0,9775,1,-0.413545,10.861739,58.797733,-0.236008,0.102441,0.024492
428456.025825,2.316311,11.902154,49.642517,-4.114781,11.828639,49.951260,428456.021229,428455.980494,0,9776,1,-0.413545,10.861739,58.797733,-0.236008,0.102441,0.024492
428456.029162,2.316311,11.902152,49.643200,-4.114780,11.828637,49.951939,428456.024563,428455.980494,0,9777,1,-0.413545,10.861739,58.797733,-0.236008,0.102441,0.024492
428456.034191,2.316312,11.902151,49.643822,-4.114780,11.828635,49.952564,428456.029318,428455.980494,0,9778,1,-0.413545,10.861739,58.797733,-0.236008,0.102441,0.024492
428456.038891,2.316602,11.900613,49.634621,-4.115067,11.830171,49.963013,428456.034247,428455.997167,0,9779,1,-0.374552,10.745202,58.813450,-0.223564,0.104006,0.025689
428456.042833,2.316602,11.900611,49.635242,-4.115067,11.830169,49.963631,428456.038234,428455.997167,0,9780,1,-0.374552,10.745202,58.813450,-0.223564,0.104006,0.025689
428456.046306,2.316603,11.900610,49.635860,-4.115066,11.830168,49.964252,428456.041713,428455.997167,0,9781,1,-0.374552,10.745202,58.813450,-0.223564,0.104006,0.025689
428456.051392,2.316604,11.900608,49.636478,-4.115065,11.830166,49.964867,428456.046698,428455.997167,0,9782,1,-0.374552,10.745202,58.813450,-0.223564,0.104006,0.025689
428456.055628,2.319518,11.899485,49.618511,-4.117978,11.831286,49.984131,428456.051025,428456.013841,0,9783,1,-0.384858,10.817015,58.842640,-0.232086,0.105967,0.026864
428456.059083,2.319519,11.899484,49.619198,-4.117977,11.831285,49.984818,428456.054482,428456.013841,0,9784,1,-0.384858,10.817015,58.842640,-0.232086,0.105967,0.026864
428456.063236,2.319520,11.899482,49.619915,-4.117976,11.831283,49.985535,428456.058643,428456.013841,0,9785,1,-0.384858,10.817015,58.842640,-0.232086,0.105967,0.026864
428456.067214,2.319521,11.899480,49.620667,-4.117975,11.831281,49.986286,428456.062619,428456.013841,0,9786,1,-0.384858,10.817015,58.842640,-0.232086,0.105967,0.026864
428456.072598,2.319513,11.899655,49.614532,-4.117964,11.831101,49.993931,428456.067994,428456.030514,0,9787,1,-0.402504,10.871178,58.840797,-0.236622,0.103893,0.026497
428456.074993,2.319514,11.899653,49.615288,-4.117963,11.831100,49.994686,428456.070393,428456.030514,0,9788,1,-0.402504,10.871178,58.840797,-0.236622,0.103893,0.026497
428456.079627,2.319515,11.899652,49.616043,-4.117962,11.831099,49.995441,428456.075011,428456.030514,0,9789,1,-0.402504,10.871178,58.840797,-0.236622,0.103893,0.026497
428456.084790,2.322687,11.900024,49.592377,-4.121133,11.830721,50.020699,428456.080193,428456.047188,0,9790,1,-0.413295,10.869374,58.863705,-0.235752,0.106986,0.031181
428456.088425,2.321735,11.900023,49.593216,-4.122086,11.830718,50.021534,428456.083823,428456.047188,0,9791,1,-0.413295,10.869374,58.863705,-0.235752,0.106986,0.031181
428456.092258,2.311043,11.900012,49.594105,-4.132777,11.830708,50.022427,428456.087659,428456.047188,0,9792,1,-0.413295,10.869374,58.863705,-0.235752,0.106986,0.031181
428456.096261,2.300292,11.900002,49.595032,-4.143529,11.830698,50.023350,428456.091667,428456.047188,0,9793,1,-0.413295,10.869374,58.863705,-0.235752,0.106986,0.031181
428456.101275,2.294498,11.900535,49.579552,-4.157502,11.830145,50.040794,428456.096660,428456.063862,0,9794,1,-0.504240,10.909466,58.870094,-0.237409,0.098428,0.026701
428456.105605,2.284273,11.900524,49.580597,-4.167726,11.830135,50.041836,428456.101003,428456.063862,0,9795,1,-0.504240,10.909466,58.870094,-0.237409,0.098428,0.026701
428456.109171,2.273956,11.900515,49.581696,-4.178043,11.830125,50.042931,428456.104522,428456.063862,0,9796,1,-0.504240,10.909466,58.870094,-0.237409,0.098428,0.026701
428456.113129,2.263392,11.900503,49.582848,-4.188607,11.830113,50.044090,428456.108423,428456.063862,0,9797,1,-0.504240,10.909466,58.870094,-0.237409,0.098428,0.026701
428456.117760,2.262127,11.901306,49.561474,-4.191450,11.829302,50.067780,428456.112912,428456.080535,0,9798,1,-0.444212,10.891111,58.759205,-0.234354,0.105214,0.036230
428456.122122,2.259824,11.901302,49.562649,-4.193753,11.829298,50.068954,428456.117454,428456.080535,0,9799,1,-0.444212,10.891111,58.759205,-0.234354,0.105214,0.036230
428456.126125,2.257362,11.901298,49.563839,-4.196215,11.829293,50.070145,428456.121394,428456.080535,0,9800,1,-0.444212,10.891111,58.759205,-0.234354,0.105214,0.036230
428456.130089,2.254756,11.901292,49.565048,-4.198821,11.829288,50.071350,428456.125390,428456.080535,0,9801,1,-0.444212,10.891111,58.759205,-0.234354,0.105214,0.036230
428456.134007,2.252029,11.901287,49.566277,-4.201549,11.829283,50.072578,428456.129344,428456.080535,0,9802,1,-0.444212,10.891111,58.759205,-0.234354,0.105214,0.036230
428456.137513,2.253211,11.902988,49.550724,-4.202729,11.827577,50.090439,428456.132950,428456.097209,0,9803,1,-0.534069,10.877112,58.780251,-0.233108,0.095626,0.032157
428456.142697,2.253213,11.902986,49.551815,-4.202727,11.827574,50.091530,428456.137943,428456.097209,0,9804,1,-0.534069,10.877112,58.780251,-0.233108,0.095626,0.032157
428456.146547,2.253214,11.902983,49.552841,-4.202726,11.827572,50.092552,428456.141927,428456.097209,0,9805,1,-0.534069,10.877112,58.780251,-0.233108,0.095626,0.032157
428456.150542,2.256441,11.905253,49.539478,-4.205950,11.825296,50.108025,428456.145925,428456.113883,0,9806,1,-0.443937,10.876657,58.943832,-0.232131,0.106928,0.033558
428456.154906,2.256442,11.905251,49.540558,-4.205948,11.825294,50.109100,428456.150277,428456.113883,0,9807,1,-0.443937,10.876657,58.943832,-0.232131,0.106928,0.033558
428456.159144,2.256444,11.905248,49.541660,-4.205947,11.825292,50.110207,428456.154474,428456.113883,0,9808,1,-0.443937,10.876657,58.943832,-0.232131,0.106928,0.033558
428456.163100,2.256445,11.905245,49.542797,-4.205945,11.825289,50.111340,428456.158507,428456.113883,0,9809,1,-0.443937,10.876657,58.943832,-0.232131,0.106928,0.033558
428456.166748,2.257803,11.907106,49.533920,-4.207300,11.823421,50.122581,428456.162147,428456.130556,0,9810,1,-0.431556,10.923469,58.985851,-0.238311,0.111793,0.032093
428456.171979,2.257805,11.907104,49.535156,-4.207298,11.823418,50.123817,428456.167375,428456.130556,0,9811,1,-0.431556,10.923469,58.985851,-0.238311,0.111793,0.032093
428456.176041,2.257807,11.907101,49.536446,-4.207297,11.823415,50.125103,428456.171407,428456.130556,0,9812,1,-0.431556,10.923469,58.985851,-0.238311,0.111793,0.032093
428456.180216,2.254495,11.907095,49.537788,-4.210609,11.823409,50.126446,428456.175408,428456.130556,0,9813,1,-0.431556,10.923469,58.985851,-0.238311,0.111793,0.032093
428456.184369,2.254164,11.907368,49.519146,-4.217443,11.823124,50.147812,428456.179768,428456.147230,0,9814,1,-0.426553,11.043154,58.906292,-0.254452,0.113365,0.027796
428456.188041,2.250621,11.907362,49.520519,-4.220986,11.823118,50.149189,428456.183447,428456.147230,0,9815,1,-0.426553,11.043154,58.906292,-0.254452,0.113365,0.027796
428456.192570,2.247035,11.907356,49.521912,-4.224573,11.823112,50.150581,428456.187979,428456.147230,0,9816,1,-0.426553,11.043154,58.906292,-0.254452,0.113365,0.027796
428456.196154,2.243489,11.907350,49.523323,-4.228119,11.823106,50.151989,428456.191558,428456.147230,0,9817,1,-0.426553,11.043154,58.906292,-0.254452,0.113365,0.027796
428456.200518,2.239904,11.907344,49.524746,-4.231704,11.823100,50.153412,428456.195923,428456.147230,0,9818,1,-0.426553,11.043154,58.906292,-0.254452,0.113365,0.027796
428456.205206,2.236251,11.907337,49.526180,-4.235356,11.823093,50.154850,428456.200607,428456.147230,0,9819,1,-0.426553,11.043154,58.906292,-0.254452,0.113365,0.027796
428456.209199,2.232612,11.907331,49.527630,-4.238996,11.823088,50.156300,428456.204421,428456.147230,0,9820,1,-0.426553,11.043154,58.906292,-0.254452,0.113365,0.027796
428456.213179,2.225240,11.910511,49.517933,-4.252663,11.819884,50.168999,428456.208598,428456.163903,0,9821,1,-0.453570,10.866255,58.907997,-0.238292,0.112209,0.037347
428456.216610,2.214928,11.910500,49.519478,-4.262974,11.819873,50.170540,428456.212009,428456.163903,0,9822,1,-0.453570,10.866255,58.907997,-0.238292,0.112209,0.037347
428456.221847,2.204308,11.910488,49.521057,-4.273595,11.819861,50.172119,428456.217252,428456.163903,0,9823,1,-0.453570,10.866255,58.907997,-0.238292,0.112209,0.037347
428456.225962,2.193699,11.910476,49.522682,-4.284204,11.819849,50.173748,428456.221233,428456.163903,0,9824,1,-0.453570,10.866255,58.907997,-0.238292,0.112209,0.037347
428456.229872,2.187163,11.913274,49.522327,-4.291948,11.817034,50.177319,428456.225214,428456.180579,0,9825,1,-0.510908,10.854527,58.846092,-0.237694,0.108949,0.032148
428456.233877,2.179933,11.913264,49.523926,-4.299178,11.817024,50.178917,428456.229302,428456.180579,0,9826,1,-0.510908,10.854527,58.846092,-0.237694,0.108949,0.032148
428456.238585,2.172477,11.913255,49.525513,-4.306633,11.817015,50.180504,428456.234019,428456.180579,0,9827,1,-0.510908,10.854527,58.846092,-0.237694,0.108949,0.032148
428456.242695,2.164949,11.913245,49.527088,-4.314161,11.817005,50.182083,428456.238002,428456.180579,0,9828,1,-0.510908,10.854527,58.846092,-0.237694,0.108949,0.032148
428456.246962,2.166102,11.915919,49.522404,-4.315310,11.814323,50.189857,428456.242360,428456.197253,0,9829,1,-0.510653,10.861326,58.893509,-0.235417,0.108423,0.032529
428456.251357,2.166104,11.915915,49.523933,-4.315308,11.814320,50.191387,428456.246758,428456.197253,0,9830,1,-0.510653,10.861326,58.893509,-0.235417,0.108423,0.032529
428456.254859,2.166106,11.915912,49.525444,-4.315306,11.814316,50.192898,428456.250150,428456.197253,0,9831,1,-0.510653,10.861326,58.893509,-0.235417,0.108423,0.032529
428456.258813,2.166108,11.915909,49.526936,-4.315304,11.814313,50.194389,428456.254181,428456.197253,0,9832,1,-0.510653,10.861326,58.893509,-0.235417,0.108423,0.032529
428456.263390,2.165967,11.917847,49.522343,-4.315159,11.812368,50.201775,428456.258782,428456.213927,0,9833,1,-0.492517,10.930902,58.783974,-0.242276,0.113091,0.033664
428456.266806,2.165968,11.917843,49.523640,-4.315157,11.812365,50.203075,428456.262206,428456.213927,0,9834,1,-0.492517,10.930902,58.783974,-0.242276,0.113091,0.033664
428456.271901,2.165970,11.917840,49.524841,-4.315156,11.812362,50.204281,428456.267301,428456.213927,0,9835,1,-0.492517,10.930902,58.783974,-0.242276,0.113091,0.033664
428456.275877,2.164976,11.917837,49.525955,-4.316149,11.812359,50.205387,428456.271275,428456.213927,0,9836,1,-0.492517,10.930902,58.783974,-0.242276,0.113091,0.033664
428456.279231,2.161114,11.919456,49.511990,-4.321682,11.810728,50.221409,428456.274625,428456.230600,0,9837,1,-0.413970,10.832122,58.829937,-0.229075,0.124995,0.034949
428456.283690,2.156493,11.919450,49.512936,-4.326303,11.810722,50.222355,428456.279089,428456.230600,0,9838,1,-0.413970,10.832122,58.829937,-0.229075,0.124995,0.034949
428456.288783,2.151899,11.919444,49.513794,-4.330897,11.810717,50.223217,428456.284111,428456.230600,0,9839,1,-0.413970,10.832122,58.829937,-0.229075,0.124995,0.034949
428456.292891,2.137693,11.920922,49.512352,-4.345606,11.809213,50.226219,428456.288292,428456.247274,0,9840,1,-0.485490,10.948766,58.823227,-0.240856,0.120580,0.035431
428456.296562,2.123451,11.920910,49.513046,-4.359848,11.809200,50.226913,428456.291960,428456.247274,0,9841,1,-0.485490,10.948766,58.823227,-0.240856,0.120580,0.035431
428456.300080,2.109418,11.920898,49.513645,-4.373881,11.809189,50.227512,428456.295481,428456.247274,0,9842,1,-0.485490,10.948766,58.823227,-0.240856,0.120580,0.035431
428456.304832,2.095134,11.920887,49.514153,-4.388165,11.809176,50.228020,428456.300136,428456.247274,0,9843,1,-0.485490,10.948766,58.823227,-0.240856,0.120580,0.035431
428456.308685,2.075208,11.923534,49.504120,-4.405414,11.806499,50.238922,428456.304114,428456.263947,0,9844,1,-0.478714,10.860311,58.817993,-0.232946,0.125443,0.042202
428456.313141,2.056310,11.923520,49.504475,-4.424313,11.806484,50.239281,428456.308546,428456.263947,0,9845,1,-0.478714,10.860311,58.817993,-0.232946,0.125443,0.042202
428456.316808,2.037449,11.923505,49.504745,-4.443173,11.806469,50.239552,428456.312209,428456.263947,0,9846,1,-0.478714,10.860311,58.817993,-0.232946,0.125443,0.042202
428456.321528,2.018048,11.923491,49.504936,-4.462574,11.806455,50.239738,428456.316862,428456.263947,0,9847,1,-0.478714,10.860311,58.817993,-0.232946,0.125443,0.042202
428456.324906,2.010791,11.924682,49.504360,-4.472499,11.805248,50.240788,428456.320307,428456.280621,0,9848,1,-0.528278,10.958665,58.986343,-0.243628,0.124566,0.034069
428456.329929,2.001574,11.924674,49.504662,-4.481717,11.805241,50.241089,428456.325300,428456.280621,0,9849,1,-0.528278,10.958665,58.986343,-0.243628,0.124566,0.034069
428456.333853,1.992072,11.924666,49.505028,-4.491219,11.805233,50.241447,428456.329283,428456.280621,0,9850,1,-0.528278,10.958665,58.986343,-0.243628,0.124566,0.034069
428456.338367,1.982151,11.924658,49.505447,-4.501141,11.805224,50.241875,428456.333735,428456.280621,0,9851,1,-0.528278,10.958665,58.986343,-0.243628,0.124566,0.034069
428456.341723,1.980203,11.927758,49.503731,-4.503762,11.802118,50.244576,428456.337123,428456.297295,0,9852,1,-0.558772,10.874618,58.831661,-0.237574,0.121507,0.043492
428456.346124,1.977554,11.927755,49.504303,-4.506411,11.802114,50.245148,428456.341525,428456.297295,0,9853,1,-0.558772,10.874618,58.831661,-0.237574,0.121507,0.043492
428456.351129,1.974551,11.927752,49.504959,-4.509414,11.802111,50.245804,428456.346253,428456.297295,0,9854,1,-0.558772,10.874618,58.831661,-0.237574,0.121507,0.043492
428456.355066,1.971316,11.927747,49.505695,-4.512649,11.802107,50.246540,428456.350428,428456.297295,0,9855,1,-0.558772,10.874618,58.831661,-0.237574,0.121507,0.043492
428456.359114,1.970634,11.929339,49.495377,-4.512286,11.800509,50.258629,428456.354507,428456.313968,0,9856,1,-0.608089,10.821882,59.021679,-0.233336,0.120505,0.035657
428456.362744,1.970374,11.929337,49.496414,-4.512545,11.800508,50.259666,428456.358145,428456.313968,0,9857,1,-0.608089,10.821882,59.021679,-0.233336,0.120505,0.035657
428456.367945,1.970018,11.929334,49.497608,-4.512901,11.800504,50.260860,428456.363335,428456.313968,0,9858,1,-0.608089,10.821882,59.021679,-0.233336,0.120505,0.035657
428456.371968,1.969637,11.929330,49.498959,-4.513282,11.800501,50.262207,428456.367396,428456.313968,0,9859,1,-0.608089,10.821882,59.021679,-0.233336,0.120505,0.035657
428456.375331,1.956810,11.932953,49.484703,-4.522984,11.796854,50.279293,428456.370724,428456.330642,0,9860,1,-0.464860,10.848351,58.843124,-0.238162,0.141775,0.043991
428456.380005,1.945545,11.932940,49.486176,-4.534249,11.796843,50.280766,428456.375406,428456.330642,0,9861,1,-0.464860,10.848351,58.843124,-0.238162,0.141775,0.043991
428456.383857,1.934469,11.932929,49.487709,-4.545325,11.796830,50.282295,428456.379262,428456.330642,0,9862,1,-0.464860,10.848351,58.843124,-0.238162,0.141775,0.043991
428456.387852,1.923528,11.932917,49.489296,-4.556266,11.796818,50.283886,428456.383233,428456.330642,0,9863,1,-0.464860,10.848351,58.843124,-0.238162,0.141775,0.043991
428456.392202,1.916727,11.936722,49.486187,-4.560948,11.792997,50.290165,428456.387599,428456.347315,0,9864,1,-0.710563,10.717854,58.869637,-0.223735,0.114077,0.039029
428456.395826,1.910969,11.936713,49.487778,-4.566706,11.792989,50.291756,428456.391227,428456.347315,0,9865,1,-0.710563,10.717854,58.869637,-0.223735,0.114077,0.039029
428456.400692,1.905007,11.936706,49.489376,-4.572668,11.792980,50.293350,428456.396030,428456.347315,0,9866,1,-0.710563,10.717854,58.869637,-0.223735,0.114077,0.039029
428456.404771,1.904363,11.938917,49.477299,-4.572020,11.790760,50.308655,428456.400168,428456.363989,0,9867,1,-0.555348,10.738426,58.980465,-0.225339,0.131910,0.040977
428456.408925,1.904365,11.938913,49.478935,-4.572017,11.790756,50.310291,428456.404321,428456.363989,0,9868,1,-0.555348,10.738426,58.980465,-0.225339,0.131910,0.040977
428456.412411,1.904367,11.938910,49.480598,-4.572015,11.790752,50.311954,428456.407752,428456.363989,0,9869,1,-0.555348,10.738426,58.980465,-0.225339,0.131910,0.040977
428456.417083,1.904369,11.938906,49.482285,-4.572013,11.790749,50.313641,428456.412435,428456.363989,0,9870,1,-0.555348,10.738426,58.980465,-0.225339,0.131910,0.040977
428456.422737,1.903472,11.940953,49.473602,-4.571111,11.788692,50.325596,428456.418137,428456.380663,0,9871,1,-0.530133,10.860843,58.821934,-0.236965,0.136880,0.040430
428456.425129,1.903474,11.940949,49.475189,-4.571109,11.788689,50.327183,428456.420531,428456.380663,0,9872,1,-0.530133,10.860843,58.821934,-0.236965,0.136880,0.040430
428456.429642,1.903476,11.940946,49.476727,-4.571106,11.788685,50.328720,428456.425003,428456.380663,0,9873,1,-0.530133,10.860843,58.821934,-0.236965,0.136880,0.040430
428456.434742,1.903478,11.940942,49.478214,-4.571105,11.788681,50.330208,428456.429956,428456.380663,0,9874,1,-0.530133,10.860843,58.821934,-0.236965,0.136880,0.040430
428456.438118,1.903817,11.944482,49.473053,-4.571440,11.785134,50.338326,428456.433534,428456.397336,0,9875,1,-0.584862,10.822755,59.010281,-0.230514,0.131593,0.041689
428456.441551,1.903819,11.944478,49.474518,-4.571438,11.785131,50.339787,428456.436945,428456.397336,0,9876,1,-0.584862,10.822755,59.010281,-0.230514,0.131593,0.041689
428456.446214,1.903821,11.944474,49.475967,-4.571435,11.785128,50.341240,428456.441585,428456.397336,0,9877,1,-0.584862,10.822755,59.010281,-0.230514,0.131593,0.041689
428456.451407,1.903823,11.944471,49.477406,-4.571434,11.785124,50.342674,428456.446592,428456.397336,0,9878,1,-0.584862,10.822755,59.010281,-0.230514,0.131593,0.041689
428456.455504,1.903401,11.948484,49.481480,-4.571009,11.781103,50.341457,428456.450897,428456.414010,0,9879,1,-0.540113,10.754436,58.910954,-0.222796,0.136022,0.044880
428456.459016,1.903403,11.948482,49.482891,-4.571007,11.781100,50.342873,428456.454376,428456.414010,0,9880,1,-0.540113,10.754436,58.910954,-0.222796,0.136022,0.044880
428456.463117,1.903405,11.948478,49.484295,-4.571005,11.781096,50.344273,428456.458517,428456.414010,0,9881,1,-0.540113,10.754436,58.910954,-0.222796,0.136022,0.044880
428456.467383,1.903407,11.948474,49.485687,-4.571003,11.781094,50.345665,428456.462522,428456.414010,0,9882,1,-0.540113,10.754436,58.910954,-0.222796,0.136022,0.044880
428456.471424,1.904077,11.951979,49.490475,-4.571669,11.777582,50.343666,428456.466817,428456.430684,0,9883,1,-0.617692,10.929880,58.988205,-0.242323,0.129693,0.042779
428456.475419,1.902993,11.951974,49.491871,-4.572752,11.777577,50.345062,428456.470811,428456.430684,0,9884,1,-0.617692,10.929880,58.988205,-0.242323,0.129693,0.042779
428456.480510,1.899147,11.951968,49.493279,-4.576598,11.777572,50.346470,428456.475921,428456.430684,0,9885,1,-0.617692,10.929880,58.988205,-0.242323,0.129693,0.042779
428456.484410,1.895435,11.951962,49.494682,-4.580310,11.777565,50.347874,428456.479827,428456.430684,0,9886,1,-0.617692,10.929880,58.988205,-0.242323,0.129693,0.042779
428456.488083,1.890179,11.956302,49.493492,-4.584416,11.773211,50.352020,428456.483477,428456.447357,0,9887,1,-0.547619,10.757927,59.053387,-0.224683,0.138624,0.045923
428456.492243,1.885611,11.956295,49.495033,-4.588984,11.773204,50.353561,428456.487642,428456.447357,0,9888,1,-0.547619,10.757927,59.053387,-0.224683,0.138624,0.045923
428456.495842,1.881190,11.956287,49.496647,-4.593405,11.773197,50.355175,428456.491247,428456.447357,0,9889,1,-0.547619,10.757927,59.053387,-0.224683,0.138624,0.045923
428456.500859,1.875341,11.959403,49.503147,-4.600595,11.770063,50.352051,428456.496272,428456.464031,0,9890,1,-0.562432,10.815662,59.007832,-0.232114,0.139225,0.044440
428456.505199,1.868819,11.959394,49.504910,-4.607117,11.770054,50.353821,428456.500619,428456.464031,0,9891,1,-0.562432,10.815662,59.007832,-0.232114,0.139225,0.044440
428456.508586,1.862427,11.959385,49.506748,-4.613509,11.770044,50.355659,428456.503994,428456.464031,0,9892,1,-0.562432,10.815662,59.007832,-0.232114,0.139225,0.044440
428456.513315,1.855935,11.959375,49.508671,-4.620001,11.770036,50.357578,428456.508646,428456.464031,0,9893,1,-0.562432,10.815662,59.007832,-0.232114,0.139225,0.044440
428456.517571,1.855104,11.962428,49.507233,-4.619165,11.766973,50.362797,428456.512971,428456.480704,0,9894,1,-0.557943,10.916406,58.925804,-0.242471,0.137864,0.046350
428456.520989,1.855107,11.962423,49.509106,-4.619163,11.766969,50.364670,428456.516393,428456.480704,0,9895,1,-0.557943,10.916406,58.925804,-0.242471,0.137864,0.046350
428456.525452,1.855109,11.962420,49.510960,-4.619160,11.766964,50.366528,428456.520859,428456.480704,0,9896,1,-0.557943,10.916406,58.925804,-0.242471,0.137864,0.046350
428456.530503,1.855112,11.962415,49.512798,-4.619158,11.766960,50.368366,428456.525882,428456.480704,0,9897,1,-0.557943,10.916406,58.925804,-0.242471,0.137864,0.046350
428456.534138,1.854251,11.964055,49.511196,-4.618292,11.765310,50.373589,428456.529481,428456.497378,0,9898,1,-0.570638,10.824710,58.936768,-0.233887,0.138228,0.045736
428456.537686,1.854253,11.964050,49.512981,-4.618290,11.765306,50.375378,428456.533006,428456.497378,0,9899,1,-0.570638,10.824710,58.936768,-0.233887,0.138228,0.045736
428456.542758,1.854256,11.964046,49.514744,-4.618288,11.765302,50.377140,428456.538035,428456.497378,0,9900,1,-0.570638,10.824710,58.936768,-0.233887,0.138228,0.045736
428456.546652,1.854258,11.964043,49.516483,-4.618285,11.765298,50.378876,428456.542010,428456.497378,0,9901,1,-0.570638,10.824710,58.936768,-0.233887,0.138228,0.045736
428456.550720,1.854881,11.967151,49.511715,-4.618904,11.762181,50.387012,428456.546126,428456.514052,0,9902,1,-0.590552,10.797409,58.981041,-0.230231,0.137562,0.051448
428456.554101,1.853385,11.967146,49.513348,-4.620400,11.762176,50.388641,428456.549497,428456.514052,0,9903,1,-0.590552,10.797409,58.981041,-0.230231,0.137562,0.051448
428456.558899,1.847834,11.967138,49.514923,-4.625951,11.762168,50.390221,428456.554157,428456.514052,0,9904,1,-0.590552,10.797409,58.981041,-0.230231,0.137562,0.051448
428456.562761,1.842400,11.967131,49.516445,-4.631385,11.762160,50.391743,428456.558111,428456.514052,0,9905,1,-0.590552,10.797409,58.981041,-0.230231,0.137562,0.051448
428456.567802,1.839841,11.967438,49.527771,-4.636510,11.761840,50.383400,428456.563237,428456.530725,0,9906,1,-0.648710,10.896578,59.013367,-0.240728,0.132785,0.040476
428456.571787,1.836002,11.967431,49.529232,-4.640349,11.761833,50.384853,428456.567226,428456.530725,0,9907,1,-0.648710,10.896578,59.013367,-0.240728,0.132785,0.040476
428456.575241,1.832208,11.967425,49.530655,-4.644144,11.761827,50.386276,428456.570682,428456.530725,0,9908,1,-0.648710,10.896578,59.013367,-0.240728,0.132785,0.040476
428456.579746,1.828341,11.967419,49.532043,-4.648011,11.761821,50.387669,428456.575188,428456.530725,0,9909,1,-0.648710,10.896578,59.013367,-0.240728,0.132785,0.040476
428456.583408,1.824489,11.967413,49.533398,-4.651863,11.761814,50.389023,428456.578804,428456.530725,0,9910,1,-0.648710,10.896578,59.013367,-0.240728,0.132785,0.040476
428456.587829,1.820556,11.967406,49.534714,-4.655796,11.761808,50.390339,428456.583226,428456.530725,0,9911,1,-0.648710,10.896578,59.013367,-0.240728,0.132785,0.040476
428456.592982,1.816467,11.967401,49.535992,-4.659883,11.761802,50.391617,428456.588297,428456.530725,0,9912,1,-0.648710,10.896578,59.013367,-0.240728,0.132785,0.040476
428456.597286,1.815693,11.969952,49.537220,-4.659105,11.759245,50.392963,428456.592683,428456.547399,0,9913,1,-0.557938,10.746328,59.019657,-0.223524,0.139334,0.048337
428456.600682,1.815694,11.969948,49.538525,-4.659103,11.759242,50.394268,428456.596087,428456.547399,0,9914,1,-0.557938,10.746328,59.019657,-0.223524,0.139334,0.048337
428456.604141,1.815696,11.969945,49.539841,-4.659102,11.759238,50.395580,428456.599548,428456.547399,0,9915,1,-0.557938,10.746328,59.019657,-0.223524,0.139334,0.048337
428456.609368,1.815698,11.969942,49.541168,-4.659100,11.759235,50.396908,428456.604581,428456.547399,0,9916,1,-0.557938,10.746328,59.019657,-0.223524,0.139334,0.048337
428456.613549,1.814459,11.971205,49.552345,-4.657858,11.757967,50.388233,428456.608948,428456.564215,0,9917,1,-0.574769,10.899917,58.903820,-0.240650,0.138230,0.044758
428456.617168,1.814461,11.971202,49.553516,-4.657856,11.757964,50.389404,428456.612576,428456.564215,0,9918,1,-0.574769,10.899917,58.903820,-0.240650,0.138230,0.044758
428456.620835,1.814462,11.971199,49.554607,-4.657855,11.757961,50.390495,428456.616197,428456.564215,0,9919,1,-0.574769,10.899917,58.903820,-0.240650,0.138230,0.044758
428456.625726,1.814464,11.971196,49.555618,-4.657854,11.757958,50.391506,428456.621049,428456.564215,0,9920,1,-0.574769,10.899917,58.903820,-0.240650,0.138230,0.044758
428456.629977,1.814515,11.972194,49.551666,-4.657903,11.756957,50.397369,428456.625377,428456.580896,0,9921,1,-0.565556,10.889909,58.902058,-0.238078,0.142846,0.043689
428456.633963,1.814517,11.972191,49.552574,-4.657901,11.756954,50.398277,428456.629366,428456.580896,0,9922,1,-0.565556,10.889909,58.902058,-0.238078,0.142846,0.043689
428456.637542,1.814518,11.972189,49.553429,-4.657900,11.756952,50.399128,428456.632960,428456.580896,0,9923,1,-0.565556,10.889909,58.902058,-0.238078,0.142846,0.043689
428456.642688,1.814519,11.972187,49.554226,-4.657899,11.756950,50.399929,428456.637986,428456.580896,0,9924,1,-0.565556,10.889909,58.902058,-0.238078,0.142846,0.043689
428456.646628,1.814892,11.973802,49.558666,-4.658270,11.755333,50.396999,428456.641986,428456.597576,0,9925,1,-0.560336,10.811471,58.940395,-0.230140,0.140345,0.044967
428456.650778,1.814893,11.973800,49.559376,-4.658269,11.755331,50.397709,428456.646178,428456.597576,0,9926,1,-0.560336,10.811471,58.940395,-0.230140,0.140345,0.044967
428456.654835,1.814893,11.973798,49.560036,-4.658268,11.755329,50.398369,428456.650017,428456.597576,0,9927,1,-0.560336,10.811471,58.940395,-0.230140,0.140345,0.044967
428456.658629,1.814894,11.973797,49.560646,-4.658267,11.755328,50.398983,428456.653989,428456.597576,0,9928,1,-0.560336,10.811471,58.940395,-0.230140,0.140345,0.044967
428456.663906,1.815895,11.974315,49.552441,-4.659266,11.754807,50.408649,428456.659306,428456.614257,0,9929,1,-0.562160,10.903549,59.153744,-0.240329,0.144137,0.044296
428456.667684,1.815896,11.974312,49.553288,-4.659265,11.754805,50.409496,428456.663090,428456.614257,0,9930,1,-0.562160,10.903549,59.153744,-0.240329,0.144137,0.044296
428456.671809,1.814379,11.974309,49.554253,-4.660782,11.754802,50.410461,428456.667149,428456.614257,0,9931,1,-0.562160,10.903549,59.153744,-0.240329,0.144137,0.044296
428456.675739,1.805541,11.974299,49.555340,-4.669620,11.754792,50.411549,428456.671147,428456.614257,0,9932,1,-0.562160,10.903549,59.153744,-0.240329,0.144137,0.044296
428456.679998,1.803825,11.975305,49.546146,-4.667901,11.753781,50.422997,428456.675410,428456.630937,0,9933,1,-0.490420,10.750730,58.904327,-0.226069,0.148177,0.046356
428456.684330,1.803827,11.975302,49.547329,-4.667899,11.753778,50.424179,428456.679732,428456.630937,0,9934,1,-0.490420,10.750730,58.904327,-0.226069,0.148177,0.046356
428456.688468,1.803829,11.975299,49.548561,-4.667898,11.753776,50.425415,428456.683882,428456.630937,0,9935,1,-0.490420,10.750730,58.904327,-0.226069,0.148177,0.046356
428456.692447,1.803831,11.975295,49.549850,-4.667896,11.753773,50.426701,428456.687852,428456.630937,0,9936,1,-0.490420,10.750730,58.904327,-0.226069,0.148177,0.046356
428456.696804,1.806442,11.975236,49.554924,-4.670504,11.753826,50.424183,428456.692199,428456.647618,0,9937,1,-0.672836,10.855126,58.966976,-0.237981,0.129943,0.043656
428456.700268,1.806443,11.975232,49.556194,-4.670502,11.753823,50.425449,428456.695624,428456.647618,0,9938,1,-0.672836,10.855126,58.966976,-0.237981,0.129943,0.043656
428456.704991,1.806445,11.975229,49.557453,-4.670501,11.753820,50.426708,428456.700290,428456.647618,0,9939,1,-0.672836,10.855126,58.966976,-0.237981,0.129943,0.043656
428456.708917,1.806244,11.975171,49.560326,-4.670295,11.753873,50.426418,428456.704340,428456.664299,0,9940,1,-0.607177,10.794120,59.092953,-0.232920,0.139430,0.044273
428456.712579,1.806245,11.975167,49.561649,-4.670293,11.753869,50.427742,428456.707978,428456.664299,0,9941,1,-0.607177,10.794120,59.092953,-0.232920,0.139430,0.044273
428456.717281,1.806247,11.975164,49.563004,-4.670291,11.753866,50.429096,428456.712625,428456.664299,0,9942,1,-0.607177,10.794120,59.092953,-0.232920,0.139430,0.044273
428456.721293,1.806249,11.975161,49.564392,-4.670290,11.753862,50.430485,428456.716511,428456.664299,0,9943,1,-0.607177,10.794120,59.092953,-0.232920,0.139430,0.044273
428456.726128,1.807782,11.975609,49.564453,-4.671818,11.753407,50.433350,428456.721538,428456.680979,0,9944,1,-0.613434,10.816154,59.108994,-0.234360,0.137730,0.045412
428456.730469,1.807784,11.975606,49.565994,-4.671816,11.753404,50.434895,428456.725870,428456.680979,0,9945,1,-0.613434,10.816154,59.108994,-0.234360,0.137730,0.045412
428456.734529,1.807786,11.975601,49.567616,-4.671814,11.753400,50.436516,428456.729927,428456.680979,0,9946,1,-0.613434,10.816154,59.108994,-0.234360,0.137730,0.045412
428456.738124,1.807788,11.975597,49.569317,-4.671812,11.753395,50.438213,428456.733485,428456.680979,0,9947,1,-0.613434,10.816154,59.108994,-0.234360,0.137730,0.045412
428456.742118,1.807784,11.975936,49.574825,-4.671804,11.753049,50.436039,428456.737473,428456.697660,0,9948,1,-0.626430,10.712476,58.881058,-0.224541,0.134223,0.043274
428456.746818,1.807787,11.975932,49.576462,-4.671802,11.753045,50.437675,428456.742223,428456.697660,0,9949,1,-0.626430,10.712476,58.881058,-0.224541,0.134223,0.043274
428456.750939,1.807789,11.975928,49.578068,-4.671800,11.753040,50.439281,428456.746318,428456.697660,0,9950,1,-0.626430,10.712476,58.881058,-0.224541,0.134223,0.043274
428456.754890,1.807791,11.975924,49.579643,-4.671797,11.753036,50.440857,428456.750279,428456.697660,0,9951,1,-0.626430,10.712476,58.881058,-0.224541,0.134223,0.043274
428456.758213,1.807264,11.974417,49.599819,-4.671267,11.754537,50.423874,428456.753615,428456.714340,0,9952,1,-0.642435,10.677756,59.106457,-0.224497,0.131832,0.039369
428456.763488,1.807266,11.974413,49.601437,-4.671265,11.754533,50.425491,428456.758891,428456.714340,0,9953,1,-0.642435,10.677756,59.106457,-0.224497,0.131832,0.039369
428456.767584,1.807269,11.974409,49.603077,-4.671262,11.754528,50.427132,428456.762948,428456.714340,0,9954,1,-0.642435,10.677756,59.106457,-0.224497,0.131832,0.039369
428456.771531,1.807271,11.974405,49.604744,-4.671260,11.754524,50.428799,428456.766935,428456.714340,0,9955,1,-0.642435,10.677756,59.106457,-0.224497,0.131832,0.039369
428456.775286,1.808634,11.975751,49.628765,-4.672618,11.753171,50.408257,428456.770684,428456.731021,0,9956,1,-0.672216,10.395725,59.170876,-0.202169,0.122981,0.040733
428456.779967,1.808636,11.975746,49.630577,-4.672616,11.753166,50.410069,428456.775370,428456.731021,0,9957,1,-0.672216,10.395725,59.170876,-0.202169,0.122981,0.040733
428456.783752,1.808639,11.975741,49.632465,-4.672614,11.753161,50.411957,428456.779137,428456.731021,0,9958,1,-0.672216,10.395725,59.170876,-0.202169,0.122981,0.040733
428456.788675,1.814084,11.976311,49.665108,-4.678053,11.752583,50.383286,428456.784099,428456.747701,0,9959,1,-0.649486,9.874510,59.174267,-0.151337,0.119723,0.042507
428456.792318,1.814086,11.976305,49.667194,-4.678050,11.752578,50.385372,428456.787721,428456.747701,0,9960,1,-0.649486,9.874510,59.174267,-0.151337,0.119723,0.042507
428456.795942,1.814089,11.976300,49.669380,-4.678047,11.752572,50.387558,428456.791346,428456.747701,0,9961,1,-0.649486,9.874510,59.174267,-0.151337,0.119723,0.042507
428456.800602,1.814092,11.976295,49.671665,-4.678044,11.752567,50.389843,428456.795966,428456.747701,0,9962,1,-0.649486,9.874510,59.174267,-0.151337,0.119723,0.042507
428456.804744,1.820019,11.979438,49.691723,-4.683965,11.749413,50.374352,428456.800130,428456.764382,0,9963,1,-0.621968,9.727802,58.911079,-0.143099,0.121224,0.049544
428456.808406,1.820022,11.979432,49.693996,-4.683961,11.749408,50.376625,428456.803806,428456.764382,0,9964,1,-0.621968,9.727802,58.911079,-0.143099,0.121224,0.049544
428456.813024,1.820025,11.979426,49.696266,-4.683959,11.749402,50.378895,428456.808384,428456.764382,0,9965,1,-0.621968,9.727802,58.911079,-0.143099,0.121224,0.049544
428456.817087,1.820028,11.979421,49.698528,-4.683956,11.749396,50.381161,428456.812354,428456.764382,0,9966,1,-0.621968,9.727802,58.911079,-0.143099,0.121224,0.049544
428456.822700,1.828448,11.984139,49.727283,-4.692369,11.744667,50.357071,428456.818101,428456.781063,0,9967,1,-0.658528,9.269393,59.060535,-0.094825,0.115419,0.051478
428456.825142,1.828458,11.975786,49.729664,-4.692360,11.736314,50.359451,428456.820506,428456.781063,0,9968,1,-0.658528,9.269393,59.060535,-0.094825,0.115419,0.051478
428456.829724,1.828468,11.966091,49.732109,-4.692349,11.726619,50.361897,428456.825122,428456.781063,0,9969,1,-0.658528,9.269393,59.060535,-0.094825,0.115419,0.051478
428456.833792,1.828479,11.955790,49.734619,-4.692338,11.716317,50.364407,428456.829111,428456.781063,0,9970,1,-0.658528,9.269393,59.060535,-0.094825,0.115419,0.051478
428456.837210,1.832721,11.959595,49.755825,-4.696573,11.712500,50.348366,428456.832613,428456.797743,0,9971,1,-0.641703,9.396597,59.003090,-0.111160,0.117166,0.053748
428456.841638,1.832725,11.959588,49.758457,-4.696570,11.712494,50.350998,428456.836971,428456.797743,0,9972,1,-0.641703,9.396597,59.003090,-0.111160,0.117166,0.053748
428456.846687,1.832728,11.959581,49.761139,-4.696566,11.712487,50.353680,428456.842018,428456.797743,0,9973,1,-0.641703,9.396597,59.003090,-0.111160,0.117166,0.053748
428456.850714,1.832732,11.959575,49.763870,-4.696563,11.712481,50.356415,428456.846009,428456.797743,0,9974,1,-0.641703,9.396597,59.003090,-0.111160,0.117166,0.053748
428456.854969,1.838397,11.963312,49.789005,-4.702221,11.708731,50.336727,428456.850369,428456.814424,0,9975,1,-0.692641,9.389013,59.071838,-0.113281,0.111819,0.048657
428456.858371,1.838401,11.963305,49.791714,-4.702217,11.708724,50.339436,428456.853773,428456.814424,0,9976,1,-0.692641,9.389013,59.071838,-0.113281,0.111819,0.048657
428456.863175,1.838405,11.963299,49.794411,-4.702214,11.708717,50.342133,428456.858451,428456.814424,0,9977,1,-0.692641,9.389013,59.071838,-0.113281,0.111819,0.048657
428456.867107,1.838408,11.963292,49.797092,-4.702210,11.708711,50.344814,428456.862433,428456.814424,0,9978,1,-0.692641,9.389013,59.071838,-0.113281,0.111819,0.048657
428456.872343,1.846215,11.967050,49.827320,-4.710010,11.704941,50.319736,428456.867743,428456.831104,0,9979,1,-0.602903,9.276770,58.843975,-0.102656,0.119320,0.051274
428456.874749,1.846219,11.967044,49.829792,-4.710007,11.704935,50.322208,428456.870152,428456.831104,0,9980,1,-0.602903,9.276770,58.843975,-0.102656,0.119320,0.051274
428456.879827,1.846222,11.967038,49.832153,-4.710004,11.704929,50.324570,428456.875219,428456.831104,0,9981,1,-0.602903,9.276770,58.843975,-0.102656,0.119320,0.051274
428456.883837,1.846225,11.967032,49.834412,-4.710001,11.704924,50.326828,428456.879210,428456.831104,0,9982,1,-0.602903,9.276770,58.843975,-0.102656,0.119320,0.051274
428456.888284,1.852440,11.970044,49.853077,-4.716209,11.701900,50.312668,428456.883677,428456.847785,0,9983,1,-0.689424,9.220015,59.096691,-0.093514,0.112216,0.044490
428456.892002,1.852443,11.970038,49.855328,-4.716207,11.701895,50.314922,428456.887362,428456.847785,0,9984,1,-0.689424,9.220015,59.096691,-0.093514,0.112216,0.044490
428456.896837,1.852446,11.970034,49.857578,-4.716204,11.701890,50.317169,428456.892145,428456.847785,0,9985,1,-0.689424,9.220015,59.096691,-0.093514,0.112216,0.044490
428456.900673,1.859071,11.973927,49.884430,-4.722823,11.697986,50.294617,428456.896099,428456.864465,0,9986,1,-0.603360,9.193326,58.839664,-0.091432,0.116062,0.050372
428456.904316,1.859073,11.973922,49.886478,-4.722820,11.697981,50.296665,428456.899716,428456.864465,0,9987,1,-0.603360,9.193326,58.839664,-0.091432,0.116062,0.050372
428456.909073,1.859076,11.973917,49.888424,-4.722817,11.697976,50.298611,428456.904435,428456.864465,0,9988,1,-0.603360,9.193326,58.839664,-0.091432,0.116062,0.050372
428456.913088,1.859078,11.973912,49.890266,-4.722815,11.697971,50.300453,428456.908328,428456.864465,0,9989,1,-0.603360,9.193326,58.839664,-0.091432,0.116062,0.050372
428456.917257,1.864389,11.977417,49.917187,-4.728121,11.694459,50.276966,428456.912656,428456.881146,0,9990,1,-0.625680,9.294333,58.922192,-0.101724,0.114714,0.049264
428456.920686,1.864391,11.977413,49.918774,-4.728119,11.694455,50.278557,428456.916081,428456.881146,0,9991,1,-0.625680,9.294333,58.922192,-0.101724,0.114714,0.049264
428456.925536,1.864393,11.977409,49.920231,-4.728117,11.694451,50.280014,428456.920935,428456.881146,0,9992,1,-0.625680,9.294333,58.922192,-0.101724,0.114714,0.049264
428456.929667,1.864395,11.977407,49.921555,-4.728115,11.694448,50.281334,428456.924944,428456.881146,0,9993,1,-0.625680,9.294333,58.922192,-0.101724,0.114714,0.049264
428456.933636,1.871988,11.979444,49.931736,-4.735704,11.692405,50.273720,428456.929071,428456.897827,0,9994,1,-0.705304,9.290122,58.959431,-0.098533,0.104954,0.044233
428456.938409,1.871989,11.979441,49.932980,-4.735703,11.692401,50.274963,428456.933855,428456.897827,0,9995,1,-0.705304,9.290122,58.959431,-0.098533,0.104954,0.044233
428456.942697,1.871991,11.979438,49.934181,-4.735701,11.692398,50.276165,428456.938102,428456.897827,0,9996,1,-0.705304,9.290122,58.959431,-0.098533,0.104954,0.044233
428456.946787,1.871992,11.979435,49.935341,-4.735699,11.692395,50.277328,428456.942038,428456.897827,0,9997,1,-0.705304,9.290122,58.959431,-0.098533,0.104954,0.044233
428456.950793,1.877038,11.982808,49.951656,-4.740742,11.689017,50.263187,428456.946141,428456.914507,0,9998,1,-0.550044,9.350639,58.802841,-0.103998,0.119646,0.048035
428456.954399,1.877039,11.982806,49.952667,-4.740740,11.689014,50.264198,428456.949803,428456.914507,0,9999,1,-0.550044,9.350639,58.802841,-0.103998,0.119646,0.048035
428456.959144,1.877040,11.982803,49.953598,-4.740739,11.689013,50.265129,428456.954442,428456.914507,0,10000,1,-0.550044,9.350639,58.802841,-0.103998,0.119646,0.048035
428456.963031,1.877041,11.982801,49.954453,-4.740738,11.689010,50.265984,428456.958433,428456.914507,0,10001,1,-0.550044,9.350639,58.802841,-0.103998,0.119646,0.048035
428456.967225,1.883681,11.985158,49.948616,-4.747375,11.686649,50.273628,428456.962564,428456.931188,0,10002,1,-0.639948,9.316960,59.104713,-0.099915,0.110756,0.047665
428456.970716,1.883682,11.985156,49.949570,-4.747374,11.686646,50.274586,428456.966111,428456.931188,0,10003,1,-0.639948,9.316960,59.104713,-0.099915,0.110756,0.047665
428456.975145,1.883684,11.985153,49.950577,-4.747373,11.686645,50.275593,428456.970541,428456.931188,0,10004,1,-0.639948,9.316960,59.104713,-0.099915,0.110756,0.047665
428456.979828,1.883685,11.985151,49.951633,-4.747371,11.686642,50.276646,428456.975225,428456.931188,0,10005,1,-0.639948,9.316960,59.104713,-0.099915,0.110756,0.047665
428456.983430,1.883687,11.985148,49.952736,-4.747370,11.686639,50.277752,428456.978824,428456.931188,0,10006,1,-0.639948,9.316960,59.104713,-0.099915,0.110756,0.047665
428456.988412,1.883688,11.985146,49.953892,-4.747368,11.686636,50.278904,428456.983765,428456.931188,0,10007,1,-0.639948,9.316960,59.104713,-0.099915,0.110756,0.047665
428456.992072,1.883690,11.985143,49.955090,-4.747367,11.686633,50.280106,428456.987412,428456.931188,0,10008,1,-0.639948,9.316960,59.104713,-0.099915,0.110756,0.047665
428456.997329,1.885839,11.986359,49.942894,-4.749513,11.685411,50.294601,428456.992726,428456.947868,0,10009,1,-0.656652,9.211898,58.838802,-0.090535,0.107328,0.048848
428456.999752,1.885841,11.986356,49.943993,-4.749512,11.685409,50.295696,428456.995154,428456.947868,0,10010,1,-0.656652,9.211898,58.838802,-0.090535,0.107328,0.048848
428457.004200,1.885842,11.986354,49.945038,-4.749510,11.685407,50.296741,428456.999607,428456.947868,0,10011,1,-0.656652,9.211898,58.838802,-0.090535,0.107328,0.048848
428457.009375,1.885844,11.986351,49.946026,-4.749509,11.685404,50.297729,428457.004588,428456.947868,0,10012,1,-0.656652,9.211898,58.838802,-0.090535,0.107328,0.048848
428457.013557,1.887958,11.986510,49.950104,-4.751621,11.685240,50.295582,428457.008956,428456.964376,0,10013,1,-0.643247,9.303044,58.850716,-0.102854,0.108098,0.048941
428457.016973,1.887959,11.986508,49.951046,-4.751619,11.685238,50.296524,428457.012374,428456.964376,0,10014,1,-0.643247,9.303044,58.850716,-0.102854,0.108098,0.048941
428457.022033,1.887960,11.986506,49.951969,-4.751618,11.685236,50.297447,428457.017440,428456.964376,0,10015,1,-0.643247,9.303044,58.850716,-0.102854,0.108098,0.048941
428457.026134,1.887962,11.986504,49.952869,-4.751617,11.685233,50.298347,428457.021431,428456.964376,0,10016,1,-0.643247,9.303044,58.850716,-0.102854,0.108098,0.048941
428457.029479,1.885441,11.986106,49.952766,-4.749094,11.685627,50.300030,428457.024883,428456.981049,0,10017,1,-0.619915,9.281983,58.757534,-0.102799,0.110776,0.052071
428457.034151,1.885442,11.986105,49.953442,-4.749093,11.685625,50.300705,428457.029554,428456.981049,0,10018,1,-0.619915,9.281983,58.757534,-0.102799,0.110776,0.052071
428457.038387,1.885442,11.986103,49.954006,-4.749093,11.685624,50.301270,428457.033791,428456.981049,0,10019,1,-0.619915,9.281983,58.757534,-0.102799,0.110776,0.052071
428457.042403,1.885448,11.979491,49.954441,-4.749087,11.679012,50.301704,428457.037760,428456.981049,0,10020,1,-0.619915,9.281983,58.757534,-0.102799,0.110776,0.052071
428457.046440,1.887865,11.977860,49.940067,-4.751503,11.680640,50.316837,428457.041885,428456.997723,0,10021,1,-0.666603,9.257522,58.842846,-0.100364,0.106512,0.050071
428457.050562,1.887866,11.977860,49.940369,-4.751503,11.680639,50.317139,428457.045922,428456.997723,0,10022,1,-0.666603,9.257522,58.842846,-0.100364,0.106512,0.050071
428457.054507,1.887866,11.977373,49.940598,-4.751502,11.680153,50.317371,428457.049945,428456.997723,0,10023,1,-0.666603,9.257522,58.842846,-0.100364,0.106512,0.050071
428457.059550,1.887867,11.976219,49.940754,-4.751501,11.678999,50.317524,428457.054934,428456.997723,0,10024,1,-0.666603,9.257522,58.842846,-0.100364,0.106512,0.050071
428457.063085,1.886656,11.974110,49.943619,-4.750290,11.681108,50.314762,428457.058482,428457.014397,0,10025,1,-0.654446,9.279766,58.785023,-0.102452,0.106448,0.043918
428457.066756,1.886656,11.974110,49.943569,-4.750290,11.681108,50.314713,428457.062145,428457.014397,0,10026,1,-0.654446,9.279766,58.785023,-0.102452,0.106448,0.043918
428457.071795,1.886656,11.974111,49.943413,-4.750290,11.681109,50.314552,428457.067126,428457.014397,0,10027,1,-0.654446,9.279766,58.785023,-0.102452,0.106448,0.043918
428457.075714,1.886656,11.974111,49.943150,-4.750290,11.681110,50.314293,428457.071076,428457.014397,0,10028,1,-0.654446,9.279766,58.785023,-0.102452,0.106448,0.043918
428457.080048,1.888267,11.972967,49.937641,-4.751902,11.682254,50.319431,428457.075449,428457.031070,0,10029,1,-0.581875,9.197225,58.951717,-0.091336,0.113375,0.047517
428457.083501,1.888267,11.972968,49.937538,-4.751903,11.682255,50.319328,428457.078903,428457.031070,0,10030,1,-0.581875,9.197225,58.951717,-0.091336,0.113375,0.047517
428457.088002,1.888267,11.972968,49.937515,-4.751903,11.682255,50.319305,428457.083326,428457.031070,0,10031,1,-0.581875,9.197225,58.951717,-0.091336,0.113375,0.047517
428457.091917,1.886752,11.972543,49.945328,-4.750388,11.682679,50.311623,428457.087353,428457.047744,0,10032,1,-0.612242,9.181662,58.950073,-0.086799,0.110027,0.046102
428457.097186,1.886752,11.972542,49.945484,-4.750388,11.682679,50.311779,428457.092587,428457.047744,0,10033,1,-0.612242,9.181662,58.950073,-0.086799,0.110027,0.046102
428457.101210,1.886753,11.972542,49.945724,-4.750387,11.682678,50.312019,428457.096566,428457.047744,0,10034,1,-0.612242,9.181662,58.950073,-0.086799,0.110027,0.046102
428457.105014,1.886753,11.972541,49.946056,-4.750387,11.682678,50.312351,428457.100241,428457.047744,0,10035,1,-0.612242,9.181662,58.950073,-0.086799,0.110027,0.046102
428457.108808,1.884759,11.970740,49.958202,-4.748392,11.684476,50.301113,428457.104199,428457.064417,0,10036,1,-0.667265,9.242399,58.950222,-0.090300,0.102570,0.044915
428457.112269,1.884760,11.970739,49.958782,-4.748391,11.684474,50.301697,428457.107623,428457.064417,0,10037,1,-0.667265,9.242399,58.950222,-0.090300,0.102570,0.044915
428457.116613,1.884761,11.970737,49.959492,-4.748390,11.684473,50.302402,428457.112017,428457.064417,0,10038,1,-0.667265,9.242399,58.950222,-0.090300,0.102570,0.044915
428457.121277,1.884762,11.970736,49.960331,-4.748389,11.684470,50.303242,428457.116624,428457.064417,0,10039,1,-0.667265,9.242399,58.950222,-0.090300,0.102570,0.044915
428457.125661,1.885521,11.970335,49.965290,-4.749146,11.684866,50.300087,428457.121034,428457.081091,0,10040,1,-0.595242,9.112927,58.810047,-0.075564,0.109026,0.046642
428457.129048,1.885523,11.970333,49.966259,-4.749144,11.684864,50.301056,428457.124446,428457.081091,0,10041,1,-0.595242,9.112927,58.810047,-0.075564,0.109026,0.046642
428457.133532,1.885524,11.970330,49.967293,-4.749143,11.684861,50.302094,428457.128930,428457.081091,0,10042,1,-0.595242,9.112927,58.810047,-0.075564,0.109026,0.046642
428457.138072,1.885525,11.970327,49.968403,-4.749141,11.684858,50.303204,428457.133453,428457.081091,0,10043,1,-0.595242,9.112927,58.810047,-0.075564,0.109026,0.046642
428457.141464,1.881822,11.969830,49.988457,-4.745435,11.685352,50.285172,428457.136856,428457.097765,0,10044,1,-0.556875,9.210909,58.646111,-0.085988,0.110391,0.046731
428457.145848,1.881823,11.969828,49.989376,-4.745434,11.685349,50.286091,428457.141245,428457.097765,0,10045,1,-0.556875,9.210909,58.646111,-0.085988,0.110391,0.046731
428457.151293,1.881824,11.969825,49.990196,-4.745432,11.685348,50.286915,428457.146332,428457.097765,0,10046,1,-0.556875,9.210909,58.646111,-0.085988,0.110391,0.046731
428457.154961,1.881825,11.969824,49.990929,-4.745431,11.685346,50.287647,428457.150293,428457.097765,0,10047,1,-0.556875,9.210909,58.646111,-0.085988,0.110391,0.046731
428457.159373,1.882780,11.969521,49.977211,-4.746385,11.685645,50.302822,428457.154633,428457.114438,0,10048,1,-0.571122,9.272189,58.881279,-0.094096,0.113746,0.045800
428457.162691,1.882781,11.969519,49.977940,-4.746384,11.685643,50.303547,428457.158089,428457.114438,0,10049,1,-0.571122,9.272189,58.881279,-0.094096,0.113746,0.045800
428457.167363,1.882782,11.969517,49.978664,-4.746383,11.685642,50.304276,428457.162735,428457.114438,0,10050,1,-0.571122,9.272189,58.881279,-0.094096,0.113746,0.045800
428457.171326,1.882783,11.969515,49.979397,-4.746382,11.685640,50.305008,428457.166702,428457.114438,0,10051,1,-0.571122,9.272189,58.881279,-0.094096,0.113746,0.045800
428457.175519,1.880050,11.968378,49.980507,-4.743648,11.686774,50.305050,428457.170888,428457.131112,0,10052,1,-0.546212,9.296434,58.706902,-0.099436,0.114377,0.045603
428457.180144,1.880051,11.968377,49.980927,-4.743647,11.686773,50.305470,428457.175539,428457.131112,0,10053,1,-0.546212,9.296434,58.706902,-0.099436,0.114377,0.045603
428457.184293,1.880051,11.968376,49.981194,-4.743647,11.686772,50.305740,428457.179559,428457.131112,0,10054,1,-0.546212,9.296434,58.706902,-0.099436,0.114377,0.045603
428457.188149,1.880051,11.968376,49.981308,-4.743647,11.686772,50.305851,428457.183549,428457.131112,0,10055,1,-0.546212,9.296434,58.706902,-0.099436,0.114377,0.045603
428457.191622,1.880666,11.968760,49.982227,-4.744260,11.686388,50.304977,428457.187018,428457.147785,0,10056,1,-0.563765,9.083053,58.821369,-0.077507,0.110208,0.048232
428457.196296,1.880666,11.968760,49.982159,-4.744260,11.686388,50.304909,428457.191693,428457.147785,0,10057,1,-0.563765,9.083053,58.821369,-0.077507,0.110208,0.048232
428457.200149,1.880665,11.968761,49.981998,-4.744261,11.686388,50.304749,428457.195553,428457.147785,0,10058,1,-0.563765,9.083053,58.821369,-0.077507,0.110208,0.048232
428457.205323,1.878443,11.968214,49.983299,-4.742039,11.686936,50.302952,428457.200739,428457.164459,0,10059,1,-0.538899,9.249833,58.779953,-0.098308,0.115157,0.047222
428457.209514,1.878443,11.968215,49.982956,-4.742040,11.686937,50.302612,428457.204910,428457.164459,0,10060,1,-0.538899,9.249833,58.779953,-0.098308,0.115157,0.047222
428457.213006,1.878442,11.968216,49.982525,-4.742040,11.686938,50.302181,428457.208360,428457.164459,0,10061,1,-0.538899,9.249833,58.779953,-0.098308,0.115157,0.047222
428457.216647,1.878441,11.968218,49.982002,-4.742041,11.686939,50.301655,428457.211997,428457.164459,0,10062,1,-0.538899,9.249833,58.779953,-0.098308,0.115157,0.047222
428457.222005,1.879779,11.967112,49.985580,-4.743380,11.688048,50.296909,428457.217370,428457.181133,0,10063,1,-0.598536,9.225740,58.744858,-0.097153,0.106224,0.044493
428457.225640,1.879778,11.967113,49.984936,-4.743381,11.688050,50.296268,428457.221040,428457.181133,0,10064,1,-0.598536,9.225740,58.744858,-0.097153,0.106224,0.044493
428457.229154,1.879777,11.967114,49.984234,-4.743382,11.688052,50.295563,428457.224511,428457.181133,0,10065,1,-0.598536,9.225740,58.744858,-0.097153,0.106224,0.044493
428457.233899,1.879776,11.967116,49.983467,-4.743383,11.688054,50.294796,428457.229161,428457.181133,0,10066,1,-0.598536,9.225740,58.744858,-0.097153,0.106224,0.044493
428457.237742,1.880457,11.965693,49.990997,-4.744067,11.689481,50.285755,428457.233140,428457.197806,0,10067,1,-0.605327,9.246774,58.829170,-0.096456,0.106574,0.042788
428457.242355,1.880456,11.965695,49.990253,-4.744068,11.689483,50.285011,428457.237753,428457.197806,0,10068,1,-0.605327,9.246774,58.829170,-0.096456,0.106574,0.042788
428457.245720,1.880455,11.965697,49.989517,-4.744069,11.689484,50.284279,428457.241122,428457.197806,0,10069,1,-0.605327,9.246774,58.829170,-0.096456,0.106574,0.042788
428457.250800,1.880454,11.965698,49.988792,-4.744070,11.689486,50.283550,428457.246154,428457.197806,0,10070,1,-0.605327,9.246774,58.829170,-0.096456,0.106574,0.042788
428457.254115,1.882847,11.966670,49.997993,-4.746463,11.688517,50.273235,428457.249512,428457.214480,0,10071,1,-0.637808,9.190013,58.963398,-0.086905,0.101855,0.048584
428457.258677,1.882846,11.966671,49.997604,-4.746464,11.688518,50.272846,428457.253963,428457.214480,0,10072,1,-0.637808,9.190013,58.963398,-0.086905,0.101855,0.048584
428457.263547,1.882846,11.966672,49.997391,-4.746464,11.688519,50.272633,428457.258976,428457.214480,0,10073,1,-0.637808,9.190013,58.963398,-0.086905,0.101855,0.048584
428457.267633,1.882846,11.966672,49.997353,-4.746464,11.688519,50.272594,428457.262962,428457.214480,0,10074,1,-0.637808,9.190013,58.963398,-0.086905,0.101855,0.048584
428457.271532,1.882179,11.966046,50.001736,-4.745797,11.689142,50.268589,428457.266917,428457.231154,0,10075,1,-0.646729,9.231583,59.033794,-0.090511,0.103283,0.044533
428457.274906,1.882180,11.966045,50.002151,-4.745797,11.689141,50.269005,428457.270237,428457.231154,0,10076,1,-0.646729,9.231583,59.033794,-0.090511,0.103283,0.044533
428457.279923,1.882181,11.966044,50.002800,-4.745796,11.689140,50.269653,428457.275178,428457.231154,0,10077,1,-0.646729,9.231583,59.033794,-0.090511,0.103283,0.044533
428457.283898,1.882182,11.966042,50.003685,-4.745795,11.689138,50.270538,428457.279204,428457.231154,0,10078,1,-0.646729,9.231583,59.033794,-0.090511,0.103283,0.044533
428457.287923,1.882243,11.966156,50.013412,-4.745852,11.689018,50.262897,428457.283364,428457.247827,0,10079,1,-0.648944,9.152829,58.935471,-0.082692,0.102234,0.041712
428457.292367,1.882244,11.966153,50.014622,-4.745851,11.689015,50.264107,428457.287767,428457.247827,0,10080,1,-0.648944,9.152829,58.935471,-0.082692,0.102234,0.041712
428457.296078,1.882246,11.966150,50.015999,-4.745849,11.689013,50.265484,428457.291410,428457.247827,0,10081,1,-0.648944,9.152829,58.935471,-0.082692,0.102234,0.041712
428457.300936,1.883548,11.965121,50.001514,-4.747148,11.690035,50.282669,428457.296366,428457.264501,0,10082,1,-0.547173,9.390993,58.778797,-0.109224,0.112195,0.045493
428457.304607,1.883550,11.965117,50.002846,-4.747146,11.690031,50.284000,428457.300002,428457.264501,0,10083,1,-0.547173,9.390993,58.778797,-0.109224,0.112195,0.045493
428457.308285,1.883552,11.965115,50.004154,-4.747144,11.690028,50.285309,428457.303682,428457.264501,0,10084,1,-0.547173,9.390993,58.778797,-0.109224,0.112195,0.045493
428457.313441,1.883554,11.965112,50.005447,-4.747142,11.690025,50.286602,428457.308654,428457.264501,0,10085,1,-0.547173,9.390993,58.778797,-0.109224,0.112195,0.045493
428457.317594,1.882956,11.964712,49.998169,-4.746542,11.690418,50.296349,428457.312984,428457.281174,0,10086,1,-0.544289,9.394402,58.922600,-0.110902,0.115971,0.046829
428457.320981,1.882958,11.964709,49.999344,-4.746540,11.690415,50.297523,428457.316378,428457.281174,0,10087,1,-0.544289,9.394402,58.922600,-0.110902,0.115971,0.046829
428457.325842,1.882959,11.964706,50.000458,-4.746539,11.690413,50.298641,428457.321243,428457.281174,0,10088,1,-0.544289,9.394402,58.922600,-0.110902,0.115971,0.046829
428457.330022,1.882961,11.964704,50.001514,-4.746537,11.690411,50.299698,428457.325222,428457.281174,0,10089,1,-0.544289,9.394402,58.922600,-0.110902,0.115971,0.046829
428457.334199,1.886168,11.964796,49.996502,-4.749742,11.690313,50.306713,428457.329595,428457.297848,0,10090,1,-0.605093,9.272295,58.860233,-0.098444,0.105474,0.046367
428457.338110,1.886170,11.964793,49.997452,-4.749741,11.690311,50.307663,428457.333507,428457.297848,0,10091,1,-0.605093,9.272295,58.860233,-0.098444,0.105474,0.046367
428457.341543,1.886171,11.964791,49.998344,-4.749740,11.690309,50.308556,428457.336942,428457.297848,0,10092,1,-0.605093,9.272295,58.860233,-0.098444,0.105474,0.046367
428457.346572,1.886172,11.964789,49.999184,-4.749738,11.690307,50.309399,428457.341930,428457.297848,0,10093,1,-0.605093,9.272295,58.860233,-0.098444,0.105474,0.046367
428457.350106,1.885715,11.964889,50.019402,-4.749279,11.690205,50.290695,428457.345500,428457.314522,0,10094,1,-0.568477,9.228199,58.875980,-0.095666,0.111107,0.044346
428457.354483,1.885715,11.964887,50.020069,-4.749278,11.690203,50.291363,428457.349883,428457.314522,0,10095,1,-0.568477,9.228199,58.875980,-0.095666,0.111107,0.044346
428457.359347,1.885716,11.964886,50.020649,-4.749277,11.690201,50.291946,428457.354754,428457.314522,0,10096,1,-0.568477,9.228199,58.875980,-0.095666,0.111107,0.044346
428457.363301,1.885717,11.964884,50.021141,-4.749277,11.690200,50.292435,428457.358701,428457.314522,0,10097,1,-0.568477,9.228199,58.875980,-0.095666,0.111107,0.044346
428457.366929,1.885717,11.964883,50.021542,-4.749276,11.690199,50.292835,428457.362330,428457.314522,0,10098,1,-0.568477,9.228199,58.875980,-0.095666,0.111107,0.044346
428457.371630,1.885718,11.964883,50.021847,-4.749276,11.690198,50.293140,428457.367031,428457.314522,0,10099,1,-0.568477,9.228199,58.875980,-0.095666,0.111107,0.044346
428457.375935,1.885718,11.964882,50.022057,-4.749275,11.690198,50.293350,428457.371301,428457.314522,0,10100,1,-0.568477,9.228199,58.875980,-0.095666,0.111107,0.044346
428457.379855,1.887795,11.964910,50.030697,-4.751352,11.690169,50.285099,428457.375267,428457.331195,0,10101,1,-0.587346,9.288255,58.948586,-0.101020,0.111041,0.044786
428457.383892,1.887795,11.964909,50.030876,-4.751352,11.690169,50.285282,428457.379281,428457.331195,0,10102,1,-0.587346,9.288255,58.948586,-0.101020,0.111041,0.044786
428457.387876,1.887796,11.964909,50.031040,-4.751352,11.690168,50.285442,428457.383255,428457.331195,0,10103,1,-0.587346,9.288255,58.948586,-0.101020,0.111041,0.044786
428457.392021,1.887796,11.964909,50.031185,-4.751351,11.690168,50.285587,428457.387408,428457.331195,0,10104,1,-0.587346,9.288255,58.948586,-0.101020,0.111041,0.044786
428457.397107,1.887981,11.963879,50.032166,-4.751536,11.691197,50.284721,428457.392450,428457.348181,0,10105,1,-0.646772,9.267022,58.817459,-0.100212,0.104341,0.045266
428457.401144,1.887981,11.963879,50.032127,-4.751536,11.691197,50.284687,428457.396540,428457.348181,0,10106,1,-0.646772,9.267022,58.817459,-0.100212,0.104341,0.045266
428457.404768,1.887981,11.963879,50.032001,-4.751536,11.691198,50.284557,428457.400121,428457.348181,0,10107,1,-0.646772,9.267022,58.817459,-0.100212,0.104341,0.045266
428457.408479,1.887981,11.963880,50.031776,-4.751537,11.691198,50.284332,428457.403814,428457.348181,0,10108,1,-0.646772,9.267022,58.817459,-0.100212,0.104341,0.045266
428457.413445,1.888804,11.963610,50.041389,-4.752361,11.691469,50.274025,428457.408793,428457.364861,0,10109,1,-0.575062,9.228851,58.739967,-0.094283,0.108909,0.045387
428457.417092,1.888804,11.963612,50.040924,-4.752362,11.691471,50.273560,428457.412488,428457.364861,0,10110,1,-0.575062,9.228851,58.739967,-0.094283,0.108909,0.045387
428457.421141,1.888803,11.963613,50.040337,-4.752363,11.691472,50.272968,428457.416532,428457.364861,0,10111,1,-0.575062,9.228851,58.739967,-0.094283,0.108909,0.045387
428457.425937,1.888802,11.963614,50.039616,-4.752364,11.691474,50.272251,428457.421200,428457.364861,0,10112,1,-0.575062,9.228851,58.739967,-0.094283,0.108909,0.045387
428457.430145,1.888929,11.963214,50.047424,-4.752492,11.691878,50.263096,428457.425541,428457.381542,0,10113,1,-0.565331,9.288786,58.947102,-0.100825,0.113729,0.044708
428457.433600,1.888928,11.963215,50.046783,-4.752493,11.691880,50.262455,428457.428958,428457.381542,0,10114,1,-0.565331,9.288786,58.947102,-0.100825,0.113729,0.044708
428457.438001,1.888927,11.963217,50.046185,-4.752494,11.691881,50.261856,428457.433401,428457.381542,0,10115,1,-0.565331,9.288786,58.947102,-0.100825,0.113729,0.044708
428457.442073,1.888927,11.963218,50.045616,-4.752495,11.691883,50.261288,428457.437412,428457.381542,0,10116,1,-0.565331,9.288786,58.947102,-0.100825,0.113729,0.044708
428457.445985,1.888465,11.964497,50.062744,-4.752035,11.690606,50.243343,428457.441396,428457.398222,0,10117,1,-0.607485,9.245913,58.976273,-0.094535,0.105685,0.047326
428457.450712,1.888465,11.964498,50.062492,-4.752035,11.690606,50.243092,428457.446115,428457.398222,0,10118,1,-0.607485,9.245913,58.976273,-0.094535,0.105685,0.047326
428457.454428,1.888465,11.964498,50.062397,-4.752035,11.690607,50.243000,428457.449814,428457.398222,0,10119,1,-0.607485,9.245913,58.976273,-0.094535,0.105685,0.047326
428457.459409,1.888465,11.964498,50.062462,-4.752035,11.690606,50.243065,428457.454763,428457.398222,0,10120,1,-0.607485,9.245913,58.976273,-0.094535,0.105685,0.047326
428457.462933,1.886044,11.963778,50.069851,-4.749614,11.691325,50.235886,428457.458334,428457.414903,0,10121,1,-0.578004,9.246759,58.744953,-0.093508,0.108199,0.043603
428457.466404,1.886044,11.963778,50.069996,-4.749614,11.691325,50.236031,428457.461772,428457.414903,0,10122,1,-0.578004,9.246759,58.744953,-0.093508,0.108199,0.043603
428457.471593,1.886045,11.963778,50.070187,-4.749614,11.691324,50.236221,428457.466976,428457.414903,0,10123,1,-0.578004,9.246759,58.744953,-0.093508,0.108199,0.043603
428457.475587,1.886045,11.963777,50.070419,-4.749613,11.691323,50.236454,428457.470955,428457.414903,0,10124,1,-0.578004,9.246759,58.744953,-0.093508,0.108199,0.043603
428457.479136,1.885185,11.964011,50.068165,-4.748753,11.691088,50.239227,428457.474480,428457.431584,0,10125,1,-0.560369,9.305181,58.918125,-0.099523,0.113909,0.045663
428457.483926,1.885185,11.964010,50.068451,-4.748752,11.691088,50.239513,428457.479320,428457.431584,0,10126,1,-0.560369,9.305181,58.918125,-0.099523,0.113909,0.045663
428457.488005,1.885185,11.964009,50.068768,-4.748752,11.691087,50.239830,428457.483342,428457.431584,0,10127,1,-0.560369,9.305181,58.918125,-0.099523,0.113909,0.045663
428457.491951,1.885186,11.964009,50.069111,-4.748751,11.691086,50.240173,428457.487335,428457.431584,0,10128,1,-0.560369,9.305181,58.918125,-0.099523,0.113909,0.045663
428457.497249,1.885419,11.963448,50.069965,-4.748984,11.691646,50.239910,428457.492643,428457.448264,0,10129,1,-0.618957,9.196123,58.809845,-0.088191,0.102106,0.042848
428457.499904,1.885420,11.963447,50.070213,-4.748984,11.691646,50.240154,428457.495302,428457.448264,0,10130,1,-0.618957,9.196123,58.809845,-0.088191,0.102106,0.042848
428457.504949,1.885420,11.963447,50.070412,-4.748983,11.691645,50.240353,428457.500287,428457.448264,0,10131,1,-0.618957,9.196123,58.809845,-0.088191,0.102106,0.042848
428457.508948,1.886427,11.963854,50.070427,-4.749990,11.691236,50.240746,428457.504379,428457.464945,0,10132,1,-0.503276,9.250068,58.863979,-0.094787,0.118332,0.042019
428457.513622,1.886427,11.963853,50.070637,-4.749990,11.691236,50.240955,428457.509016,428457.464945,0,10133,1,-0.503276,9.250068,58.863979,-0.094787,0.118332,0.042019
428457.517030,1.886428,11.963853,50.070858,-4.749990,11.691236,50.241177,428457.512333,428457.464945,0,10134,1,-0.503276,9.250068,58.863979,-0.094787,0.118332,0.042019
428457.520708,1.886428,11.963852,50.071083,-4.749989,11.691235,50.241402,428457.516044,428457.464945,0,10135,1,-0.503276,9.250068,58.863979,-0.094787,0.118332,0.042019
428457.525075,1.888924,11.963465,50.092461,-4.752484,11.691620,50.220715,428457.520466,428457.481625,0,10136,1,-0.579279,9.208998,59.077122,-0.090546,0.107668,0.042796
428457.529395,1.888924,11.963464,50.092922,-4.752483,11.691619,50.221176,428457.524792,428457.481625,0,10137,1,-0.579279,9.208998,59.077122,-0.090546,0.107668,0.042796
428457.534453,1.888925,11.963463,50.093506,-4.752482,11.691618,50.221760,428457.529857,428457.481625,0,10138,1,-0.579279,9.208998,59.077122,-0.090546,0.107668,0.042796
428457.538056,1.888926,11.963461,50.094204,-4.752481,11.691616,50.222462,428457.533377,428457.481625,0,10139,1,-0.579279,9.208998,59.077122,-0.090546,0.107668,0.042796
428457.541438,1.888400,11.964132,50.105782,-4.751953,11.690941,50.212463,428457.536835,428457.498306,0,10140,1,-0.568796,9.216180,58.930248,-0.092269,0.109271,0.045921
428457.546218,1.888401,11.964130,50.106659,-4.751952,11.690939,50.213341,428457.541615,428457.498306,0,10141,1,-0.568796,9.216180,58.930248,-0.092269,0.109271,0.045921
428457.549846,1.888402,11.964128,50.107628,-4.751951,11.690936,50.214310,428457.545246,428457.498306,0,10142,1,-0.568796,9.216180,58.930248,-0.092269,0.109271,0.045921
428457.554860,1.888404,11.964125,50.108692,-4.751949,11.690933,50.215370,428457.550234,428457.498306,0,10143,1,-0.568796,9.216180,58.930248,-0.092269,0.109271,0.045921
428457.559153,1.888660,11.963283,50.101856,-4.752203,11.691772,50.224312,428457.554592,428457.514986,0,10144,1,-0.611990,9.204657,58.820927,-0.090723,0.107259,0.043872
428457.562601,1.888662,11.963280,50.102901,-4.752202,11.691769,50.225357,428457.558042,428457.514986,0,10145,1,-0.611990,9.204657,58.820927,-0.090723,0.107259,0.043872
428457.567800,1.888663,11.963277,50.103943,-4.752200,11.691766,50.226398,428457.563146,428457.514986,0,10146,1,-0.611990,9.204657,58.820927,-0.090723,0.107259,0.043872
428457.571724,1.887170,11.963674,50.109085,-4.750705,11.691365,50.223194,428457.567132,428457.531667,0,10147,1,-0.615270,9.245843,58.871044,-0.094260,0.106240,0.045868
428457.575139,1.887171,11.963671,50.109989,-4.750703,11.691363,50.224094,428457.570535,428457.531667,0,10148,1,-0.615270,9.245843,58.871044,-0.094260,0.106240,0.045868
428457.579576,1.887172,11.963669,50.110821,-4.750702,11.691361,50.224926,428457.574977,428457.531667,0,10149,1,-0.615270,9.245843,58.871044,-0.094260,0.106240,0.045868
428457.583640,1.887173,11.963667,50.111580,-4.750701,11.691360,50.225689,428457.579026,428457.531667,0,10150,1,-0.615270,9.245843,58.871044,-0.094260,0.106240,0.045868
428457.588715,1.885422,11.962208,50.125069,-4.748948,11.692816,50.213619,428457.584013,428457.548348,0,10151,1,-0.634371,9.417208,58.935196,-0.108596,0.105459,0.040946
428457.592936,1.885423,11.962206,50.125721,-4.748947,11.692814,50.214272,428457.588333,428457.548348,0,10152,1,-0.634371,9.417208,58.935196,-0.108596,0.105459,0.040946
428457.596935,1.885424,11.962204,50.126320,-4.748946,11.692813,50.214870,428457.592330,428457.548348,0,10153,1,-0.634371,9.417208,58.935196,-0.108596,0.105459,0.040946
428457.601005,1.885424,11.962203,50.126865,-4.748946,11.692811,50.215416,428457.596031,428457.548348,0,10154,1,-0.634371,9.417208,58.935196,-0.108596,0.105459,0.040946
428457.604595,1.885425,11.962202,50.127354,-4.748945,11.692810,50.215904,428457.599977,428457.548348,0,10155,1,-0.634371,9.417208,58.935196,-0.108596,0.105459,0.040946
428457.607954,1.882343,11.960135,50.136482,-4.745862,11.694875,50.207779,428457.603350,428457.565028,0,10156,1,-0.603044,9.847190,59.029408,-0.147043,0.114832,0.037479
428457.612371,1.882343,11.960134,50.136997,-4.745861,11.694874,50.208294,428457.607688,428457.565028,0,10157,1,-0.603044,9.847190,59.029408,-0.147043,0.114832,0.037479
428457.617228,1.882344,11.960132,50.137527,-4.745860,11.694873,50.208820,428457.612572,428457.565028,0,10158,1,-0.603044,9.847190,59.029408,-0.147043,0.114832,0.037479
428457.621590,1.876801,11.958296,50.138569,-4.740315,11.696706,50.208797,428457.616986,428457.581709,0,10159,1,-0.658411,10.211828,59.034451,-0.181622,0.112372,0.042877
428457.625046,1.876802,11.958295,50.139057,-4.740315,11.696705,50.209282,428457.620438,428457.581709,0,10160,1,-0.658411,10.211828,59.034451,-0.181622,0.112372,0.042877
428457.629460,1.876802,11.958294,50.139523,-4.740314,11.696704,50.209747,428457.624859,428457.581709,0,10161,1,-0.658411,10.211828,59.034451,-0.181622,0.112372,0.042877
