CaptureTime, LeftLM1.x, LeftLM1.y, LeftLM2.x, LeftLM2.y, LeftLM3.x, LeftLM3.y, LeftLM4.x, LeftLM4.y, LeftLM5.x, LeftLM5.y, LeftLM6.x, LeftLM6.y, RightLM1.x, RightLM1.y, RightLM2.x, RightLM2.y, RightLM3.x, RightLM3.y, RightLM4.x, RightLM4.y, RightLM5.x, RightLM5.y, RightLM6.x, RightLM6.y, frameNumber
428451.6513, 249.2184, 205.9686,247.7185, 208.5666,244.7186, 208.5667,243.2184, 205.9689,244.7181, 203.3707,247.7180, 203.3703,307.9879, 209.6896,304.9879, 209.6897,303.4878, 207.0919,304.9875, 204.4937,307.9874, 204.4933,309.4878, 207.0910,379.7895, 222.3839,378.2896, 224.9820,375.2896, 224.9821,373.7895, 222.3842,375.2892, 219.7861,378.2891, 219.7856,437.7288, 226.3169,434.7289, 226.3170,433.2287, 223.7191,434.7284, 221.1209,437.7283, 221.1205,439.2287, 223.7183,1031
428451.6680, 249.1709, 206.3157,247.6710, 208.9138,244.6711, 208.9139,243.1709, 206.3160,244.6706, 203.7178,247.6705, 203.7174,308.2295, 209.8515,305.2296, 209.8516,303.7294, 207.2537,305.2291, 204.6555,308.2290, 204.6551,309.7294, 207.2529,380.2440, 222.7709,378.7441, 225.3689,375.7442, 225.3691,374.2440, 222.7712,375.7437, 220.1730,378.7436, 220.1726,438.3073, 226.7730,435.3073, 226.7732,433.8072, 224.1753,435.3068, 221.5771,438.3068, 221.5767,439.8072, 224.1745,1032
428451.6847, 249.4834, 206.3252,247.9834, 208.9232,244.9835, 208.9234,243.4834, 206.3255,244.9830, 203.7273,247.9830, 203.7269,307.9126, 209.9700,304.9127, 209.9702,303.4125, 207.3723,304.9122, 204.7741,307.9121, 204.7737,309.4125, 207.3714,380.1370, 222.7129,378.6370, 225.3109,375.6371, 225.3110,374.1370, 222.7131,375.6366, 220.1150,378.6365, 220.1145,438.0393, 226.7499,435.0394, 226.7501,433.5392, 224.1522,435.0389, 221.5540,438.0388, 221.5536,439.5392, 224.1513,1033
428451.7014, 249.5128, 206.2122,248.0129, 208.8102,245.0130, 208.8103,243.5128, 206.2124,245.0125, 203.6143,248.0124, 203.6138,308.1345, 209.8990,305.1346, 209.8992,303.6345, 207.3013,305.1341, 204.7031,308.1340, 204.7027,309.6344, 207.3005,380.1266, 222.6940,378.6267, 225.2921,375.6268, 225.2922,374.1266, 222.6943,375.6263, 220.0962,378.6262, 220.0957,437.6763, 226.3696,434.6764, 226.3697,433.1762, 223.7719,434.6759, 221.1737,437.6758, 221.1733,439.1762, 223.7710,1034
428451.7180, 249.5724, 206.1763,248.0724, 208.7744,245.0725, 208.7745,243.5724, 206.1766,245.0721, 203.5784,248.0720, 203.5780,308.2594, 209.6835,305.2595, 209.6837,303.7593, 207.0858,305.2590, 204.4876,308.2589, 204.4872,309.7593, 207.0849,380.0422, 222.7626,378.5423, 225.3606,375.5424, 225.3607,374.0422, 222.7628,375.5419, 220.1647,378.5418, 220.1643,438.2134, 226.8190,435.2135, 226.8191,433.7133, 224.2212,435.2130, 221.6230,438.2129, 221.6226,439.7133, 224.2204,1035
428451.7347, 249.5172, 206.1011,248.0173, 208.6991,245.0174, 208.6993,243.5172, 206.1014,245.0169, 203.5032,248.0168, 203.5028,308.1697, 209.7844,305.1698, 209.7846,303.6696, 207.1867,305.1693, 204.5885,308.1692, 204.5881,309.6696, 207.1859,380.0538, 222.6004,378.5539, 225.1985,375.5539, 225.1986,374.0538, 222.6007,375.5534, 220.0025,378.5534, 220.0021,438.0932, 226.3938,435.0933, 226.3939,433.5931, 223.7960,435.0928, 221.1979,438.0927, 221.1974,439.5931, 223.7952,1036
428451.7514, 249.7723, 205.7783,248.2724, 208.3763,245.2725, 208.3764,243.7723, 205.7785,245.2720, 203.1804,248.2719, 203.1799,308.2660, 209.5484,305.2661, 209.5486,303.7659, 206.9507,305.2656, 204.3525,308.2655, 204.3521,309.7659, 206.9498,380.1913, 222.4082,378.6914, 225.0063,375.6915, 225.0064,374.1913, 222.4085,375.6910, 219.8103,378.6909, 219.8099,438.0797, 226.3509,435.0798, 226.3510,433.5797, 223.7531,435.0793, 221.1550,438.0793, 221.1545,439.5797, 223.7523,1037
428451.7681, 249.5072, 205.8829,248.0073, 208.4809,245.0074, 208.4811,243.5072, 205.8832,245.0069, 203.2850,248.0068, 203.2846,308.0589, 209.3974,305.0590, 209.3976,303.5588, 206.7997,305.0585, 204.2015,308.0584, 204.2011,309.5588, 206.7989,380.1018, 222.2633,378.6019, 224.8613,375.6020, 224.8615,374.1018, 222.2636,375.6015, 219.6654,378.6014, 219.6650,438.0553, 226.0632,435.0554, 226.0633,433.5552, 223.4654,435.0549, 220.8672,438.0548, 220.8668,439.5552, 223.4646,1038
428451.7848, 249.7295, 205.7484,248.2296, 208.3464,245.2297, 208.3465,243.7295, 205.7486,245.2292, 203.1505,248.2291, 203.1501,308.1740, 209.4776,305.1740, 209.4778,303.6739, 206.8799,305.1736, 204.2817,308.1735, 204.2813,309.6739, 206.8790,380.3756, 222.3294,378.8757, 224.9275,375.8758, 224.9276,374.3756, 222.3297,375.8753, 219.7316,378.8752, 219.7311,438.4754, 226.4810,435.4755, 226.4811,433.9753, 223.8832,435.4750, 221.2851,438.4749, 221.2847,439.9753, 223.8824,1039
428451.8014, 249.8044, 205.9370,248.3045, 208.5350,245.3046, 208.5352,243.8044, 205.9373,245.3041, 203.3391,248.3040, 203.3387,308.3526, 209.4650,305.3527, 209.4651,303.8525, 206.8672,305.3522, 204.2690,308.3521, 204.2686,309.8525, 206.8664,380.5707, 222.2655,379.0708, 224.8636,376.0709, 224.8637,374.5707, 222.2658,376.0704, 219.6676,379.0703, 219.6672,438.4710, 226.2959,435.4711, 226.2961,433.9709, 223.6982,435.4706, 221.1000,438.4705, 221.0996,439.9709, 223.6974,1040
428451.8181, 250.0981, 205.6532,248.5982, 208.2513,245.5983, 208.2514,244.0981, 205.6535,245.5978, 203.0554,248.5977, 203.0549,308.6587, 209.4914,305.6588, 209.4916,304.1586, 206.8937,305.6583, 204.2955,308.6582, 204.2951,310.1586, 206.8928,380.7924, 222.3927,379.2925, 224.9907,376.2926, 224.9909,374.7924, 222.3930,376.2921, 219.7948,379.2920, 219.7944,438.9286, 226.7490,435.9286, 226.7491,434.4285, 224.1513,435.9282, 221.5531,438.9281, 221.5527,440.4285, 224.1504,1041
428451.8348, 249.9955, 205.6407,248.4956, 208.2387,245.4956, 208.2389,243.9955, 205.6410,245.4951, 203.0428,248.4951, 203.0424,308.6125, 209.4401,305.6125, 209.4402,304.1124, 206.8423,305.6121, 204.2441,308.6120, 204.2437,310.1124, 206.8415,380.9664, 222.3012,379.4665, 224.8992,376.4666, 224.8994,374.9664, 222.3015,376.4661, 219.7033,379.4660, 219.7029,439.0024, 226.1659,436.0025, 226.1660,434.5024, 223.5682,436.0020, 220.9700,439.0020, 220.9696,440.5023, 223.5673,1042
428451.8515, 250.3238, 205.7064,248.8239, 208.3045,245.8240, 208.3046,244.3238, 205.7067,245.8235, 203.1086,248.8234, 203.1081,309.1666, 209.7018,306.1667, 209.7019,304.6666, 207.1040,306.1662, 204.5059,309.1661, 204.5054,310.6665, 207.1032,380.8696, 222.1241,379.3697, 224.7222,376.3698, 224.7223,374.8696, 222.1244,376.3693, 219.5263,379.3692, 219.5258,439.0644, 226.0551,436.0645, 226.0553,434.5643, 223.4574,436.0640, 220.8592,439.0639, 220.8588,440.5643, 223.4566,1043
428451.8682, 250.7167, 205.5980,249.2168, 208.1961,246.2169, 208.1962,244.7167, 205.5983,246.2164, 203.0002,249.2163, 202.9997,309.2686, 209.2893,306.2686, 209.2895,304.7685, 206.6916,306.2682, 204.0934,309.2681, 204.0930,310.7685, 206.6908,381.1258, 222.0736,379.6259, 224.6717,376.6259, 224.6718,375.1258, 222.0739,376.6254, 219.4757,379.6254, 219.4753,439.3055, 226.0645,436.3055, 226.0647,434.8054, 223.4668,436.3051, 220.8686,439.3050, 220.8682,440.8054, 223.4659,1044
428451.8847, 251.0805, 205.1814,249.5806, 207.7794,246.5807, 207.7796,245.0805, 205.1817,246.5802, 202.5835,249.5801, 202.5831,309.9094, 209.0512,306.9094, 209.0513,305.4093, 206.4535,306.9089, 203.8553,309.9089, 203.8549,311.4093, 206.4526,381.8005, 221.8081,380.3005, 224.4061,377.3006, 224.4062,375.8005, 221.8084,377.3001, 219.2102,380.3000, 219.2098,440.1725, 226.2144,437.1725, 226.2146,435.6724, 223.6167,437.1721, 221.0185,440.1720, 221.0181,441.6724, 223.6158,1045
428451.9013, 252.0184, 204.8907,250.5185, 207.4888,247.5186, 207.4889,246.0184, 204.8910,247.5181, 202.2929,250.5180, 202.2924,310.7612, 208.7322,307.7613, 208.7324,306.2612, 206.1345,307.7608, 203.5363,310.7607, 203.5359,312.2611, 206.1336,382.1453, 221.0957,380.6454, 223.6937,377.6455, 223.6939,376.1453, 221.0960,377.6450, 218.4978,380.6449, 218.4974,439.9615, 225.2636,436.9615, 225.2638,435.4614, 222.6659,436.9611, 220.0677,439.9610, 220.0673,441.4614, 222.6651,1046
428451.9180, 252.7079, 204.7703,251.2080, 207.3683,248.2081, 207.3684,246.7079, 204.7705,248.2076, 202.1724,251.2075, 202.1720,311.4587, 208.5774,308.4588, 208.5775,306.9586, 205.9796,308.4583, 203.3814,311.4583, 203.3810,312.9586, 205.9788,383.3398, 221.5469,381.8398, 224.1449,378.8399, 224.1451,377.3398, 221.5472,378.8394, 218.9490,381.8394, 218.9486,441.5909, 225.6501,438.5909, 225.6503,437.0908, 223.0524,438.5905, 220.4542,441.5904, 220.4538,443.0908, 223.0516,1047
428451.9347, 253.7345, 204.6181,252.2346, 207.2161,249.2347, 207.2163,247.7345, 204.6184,249.2342, 202.0202,252.2341, 202.0198,312.3211, 208.8256,309.3212, 208.8257,307.8211, 206.2278,309.3207, 203.6297,312.3206, 203.6293,313.8210, 206.2270,384.2515, 221.1651,382.7516, 223.7632,379.7516, 223.7633,378.2515, 221.1654,379.7511, 218.5672,382.7511, 218.5668,442.2693, 225.7150,439.2693, 225.7151,437.7692, 223.1172,439.2688, 220.5191,442.2688, 220.5187,443.7692, 223.1164,1048
428451.9514, 254.9035, 204.3850,253.4036, 206.9830,250.4037, 206.9832,248.9035, 204.3853,250.4032, 201.7871,253.4031, 201.7867,313.7384, 209.0782,310.7385, 209.0783,309.2383, 206.4804,310.7380, 203.8822,313.7379, 203.8818,315.2383, 206.4796,385.2531, 221.2865,383.7531, 223.8845,380.7532, 223.8846,379.2531, 221.2867,380.7527, 218.6886,383.7527, 218.6881,443.2964, 225.8368,440.2964, 225.8370,438.7963, 223.2391,440.2960, 220.6409,443.2959, 220.6405,444.7963, 223.2382,1049
428451.9680, 256.2494, 204.4269,254.7495, 207.0249,251.7495, 207.0251,250.2494, 204.4272,251.7491, 201.8290,254.7490, 201.8286,314.9623, 209.1249,311.9624, 209.1250,310.4622, 206.5271,311.9619, 203.9290,314.9618, 203.9286,316.4622, 206.5263,386.6893, 221.1285,385.1894, 223.7265,382.1895, 223.7267,380.6893, 221.1288,382.1890, 218.5306,385.1889, 218.5302,444.3495, 225.8518,441.3496, 225.8519,439.8495, 223.2540,441.3491, 220.6559,444.3490, 220.6554,445.8494, 223.2532,1050
428451.9847, 257.7146, 204.0051,256.2147, 206.6031,253.2148, 206.6033,251.7146, 204.0054,253.2143, 201.4072,256.2142, 201.4068,316.2108, 208.8728,313.2109, 208.8730,311.7107, 206.2751,313.2104, 203.6769,316.2103, 203.6765,317.7107, 206.2743,388.1174, 220.7708,386.6175, 223.3688,383.6176, 223.3690,382.1174, 220.7711,383.6171, 218.1729,386.6170, 218.1725,446.2372, 225.2517,443.2373, 225.2519,441.7371, 222.6540,443.2368, 220.0558,446.2367, 220.0554,447.7371, 222.6531,1051
428452.0014, 259.0898, 203.7511,257.5899, 206.3491,254.5900, 206.3492,253.0898, 203.7513,254.5895, 201.1532,257.5894, 201.1528,317.9263, 208.7396,314.9264, 208.7397,313.4262, 206.1418,314.9259, 203.5437,317.9258, 203.5433,319.4262, 206.1410,389.7010, 220.5052,388.2010, 223.1033,385.2011, 223.1034,383.7010, 220.5055,385.2006, 217.9073,388.2006, 217.9069,447.8967, 225.3754,444.8968, 225.3755,443.3966, 222.7776,444.8963, 220.1794,447.8962, 220.1790,449.3966, 222.7768,1052
428452.0181, 261.1790, 203.6668,259.6791, 206.2648,256.6792, 206.2650,255.1790, 203.6671,256.6787, 201.0689,259.6786, 201.0685,319.7097, 208.7449,316.7098, 208.7451,315.2097, 206.1472,316.7093, 203.5490,319.7093, 203.5486,321.2097, 206.1463,391.2522, 220.2745,389.7523, 222.8725,386.7524, 222.8727,385.2522, 220.2747,386.7519, 217.6766,389.7518, 217.6762,449.6302, 225.4614,446.6303, 225.4615,445.1301, 222.8636,446.6298, 220.2655,449.6297, 220.2650,451.1301, 222.8628,1053
428452.0347, 262.9462, 203.0470,261.4463, 205.6451,258.4464, 205.6452,256.9462, 203.0473,258.4459, 200.4491,261.4458, 200.4487,321.6566, 208.4223,318.6566, 208.4225,317.1565, 205.8246,318.6562, 203.2264,321.6561, 203.2260,323.1565, 205.8238,393.1874, 219.9546,391.6875, 222.5527,388.6876, 222.5528,387.1875, 219.9549,388.6871, 217.3568,391.6870, 217.3563,451.4644, 225.1631,448.4645, 225.1632,446.9643, 222.5653,448.4640, 219.9671,451.4639, 219.9667,452.9643, 222.5645,1054
428452.0514, 264.9663, 202.6318,263.4664, 205.2298,260.4665, 205.2299,258.9663, 202.6320,260.4660, 200.0339,263.4659, 200.0334,323.9034, 208.4256,320.9035, 208.4257,319.4034, 205.8278,320.9030, 203.2296,323.9030, 203.2292,325.4034, 205.8270,394.8865, 219.3491,393.3866, 221.9471,390.3867, 221.9473,388.8866, 219.3494,390.3862, 216.7512,393.3861, 216.7508,453.0868, 224.8714,450.0869, 224.8716,448.5867, 222.2737,450.0864, 219.6755,453.0863, 219.6751,454.5867, 222.2728,1055
428452.0681, 267.0413, 202.1298,265.5414, 204.7278,262.5414, 204.7280,261.0413, 202.1301,262.5410, 199.5319,265.5409, 199.5315,326.0493, 208.2448,323.0493, 208.2449,321.5492, 205.6470,323.0489, 203.0488,326.0488, 203.0484,327.5492, 205.6462,397.3098, 218.7729,395.8098, 221.3710,392.8099, 221.3711,391.3098, 218.7732,392.8094, 216.1751,395.8094, 216.1746,454.9737, 224.5136,451.9738, 224.5137,450.4736, 221.9158,451.9733, 219.3177,454.9732, 219.3172,456.4736, 221.9150,1056
428452.0848, 269.7085, 201.9955,268.2086, 204.5936,265.2086, 204.5937,263.7085, 201.9958,265.2081, 199.3976,268.2081, 199.3972,328.2175, 208.2889,325.2176, 208.2891,323.7174, 205.6912,325.2171, 203.0930,328.2170, 203.0926,329.7174, 205.6903,400.3252, 218.6426,398.8253, 221.2406,395.8253, 221.2407,394.3252, 218.6429,395.8249, 216.0447,398.8248, 216.0443,457.9458, 224.7274,454.9458, 224.7276,453.4457, 222.1297,454.9453, 219.5315,457.9453, 219.5311,459.4457, 222.1288,1057
428452.1014, 272.0309, 201.8794,270.5310, 204.4774,267.5311, 204.4776,266.0310, 201.8797,267.5306, 199.2815,270.5305, 199.2811,331.1211, 208.4233,328.1212, 208.4234,326.6210, 205.8256,328.1207, 203.2274,331.1206, 203.2270,332.6210, 205.8247,402.6276, 218.4054,401.1276, 221.0034,398.1277, 221.0036,396.6276, 218.4057,398.1272, 215.8075,401.1271, 215.8071,460.4742, 224.1822,457.4743, 224.1823,455.9742, 221.5844,457.4738, 218.9863,460.4737, 218.9859,461.9741, 221.5836,1058
428452.1181, 274.8071, 201.6588,273.3072, 204.2568,270.3073, 204.2570,268.8071, 201.6591,270.3068, 199.0609,273.3067, 199.0605,333.4037, 208.4310,330.4038, 208.4311,328.9037, 205.8332,330.4033, 203.2351,333.4032, 203.2346,334.9036, 205.8324,404.7370, 218.0765,403.2371, 220.6745,400.2371, 220.6747,398.7370, 218.0768,400.2366, 215.4786,403.2366, 215.4782,462.3730, 224.2268,459.3731, 224.2269,457.8730, 221.6290,459.3726, 219.0309,462.3726, 219.0305,463.8730, 221.6282,1059
428452.1348, 277.8027, 201.5244,276.3028, 204.1225,273.3029, 204.1226,271.8027, 201.5247,273.3024, 198.9266,276.3023, 198.9261,336.2076, 208.5753,333.2077, 208.5755,331.7075, 205.9776,333.2072, 203.3794,336.2071, 203.3790,337.7075, 205.9767,408.0082, 217.6281,406.5083, 220.2262,403.5084, 220.2263,402.0082, 217.6284,403.5079, 215.0302,406.5078, 215.0298,465.3284, 224.2167,462.3285, 224.2169,460.8283, 221.6190,462.3280, 219.0208,465.3279, 219.0204,466.8283, 221.6181,1060
428452.1514, 280.7358, 201.1690,279.2359, 203.7670,276.2360, 203.7672,274.7358, 201.1693,276.2355, 198.5711,279.2354, 198.5707,338.7809, 208.6605,335.7810, 208.6606,334.2809, 206.0627,335.7805, 203.4646,338.7805, 203.4641,340.2809, 206.0619,411.0211, 217.5180,409.5212, 220.1161,406.5213, 220.1162,405.0211, 217.5183,406.5208, 214.9201,409.5207, 214.9197,467.9889, 224.2160,464.9890, 224.2162,463.4888, 221.6183,464.9885, 219.0201,467.9884, 219.0197,469.4888, 221.6175,1061
428452.1681, 283.6701, 200.8105,282.1702, 203.4085,279.1703, 203.4087,277.6701, 200.8108,279.1698, 198.2126,282.1697, 198.2122,341.5045, 207.9909,338.5046, 207.9910,337.0044, 205.3931,338.5041, 202.7950,341.5040, 202.7945,343.0044, 205.3923,414.0953, 217.2178,412.5954, 219.8158,409.5954, 219.8160,408.0953, 217.2181,409.5949, 214.6199,412.5949, 214.6195,470.7538, 223.6287,467.7539, 223.6288,466.2538, 221.0309,467.7534, 218.4327,470.7534, 218.4323,472.2538, 221.0301,1062
428452.1848, 286.8185, 200.6474,285.3185, 203.2455,282.3186, 203.2456,280.8185, 200.6477,282.3181, 198.0495,285.3181, 198.0491,344.4604, 208.0702,341.4605, 208.0704,339.9603, 205.4725,341.4600, 202.8743,344.4599, 202.8739,345.9603, 205.4716,416.8228, 216.7821,415.3229, 219.3802,412.3230, 219.3803,410.8228, 216.7824,412.3225, 214.1842,415.3224, 214.1838,473.3862, 223.5818,470.3863, 223.5819,468.8861, 220.9840,470.3858, 218.3859,473.3857, 218.3854,474.8861, 220.9832,1063
428452.2015, 289.5260, 200.2124,288.0261, 202.8104,285.0262, 202.8106,283.5260, 200.2127,285.0257, 197.6145,288.0256, 197.6141,347.1252, 207.6750,344.1252, 207.6751,342.6251, 205.0772,344.1248, 202.4791,347.1247, 202.4787,348.6251, 205.0764,420.2819, 216.7679,418.7820, 219.3659,415.7821, 219.3661,414.2819, 216.7682,415.7816, 214.1700,418.7815, 214.1696,476.4963, 223.2589,473.4963, 223.2590,471.9962, 220.6611,473.4958, 218.0629,476.4958, 218.0625,477.9962, 220.6603,1064
428452.2181, 292.3073, 200.4767,290.8074, 203.0748,287.8075, 203.0749,286.3073, 200.4770,287.8070, 197.8788,290.8069, 197.8784,350.2503, 207.5632,347.2503, 207.5633,345.7502, 204.9654,347.2498, 202.3673,350.2498, 202.3669,351.7502, 204.9646,423.2303, 216.5790,421.7304, 219.1770,418.7305, 219.1772,417.2303, 216.5793,418.7300, 213.9811,421.7299, 213.9807,479.6800, 222.8881,476.6801, 222.8883,475.1799, 220.2904,476.6796, 217.6922,479.6795, 217.6918,481.1799, 220.2895,1065
428452.2348, 295.2693, 200.2238,293.7694, 202.8218,290.7695, 202.8220,289.2693, 200.2241,290.7690, 197.6259,293.7689, 197.6255,352.8577, 207.5600,349.8577, 207.5602,348.3576, 204.9623,349.8572, 202.3641,352.8572, 202.3637,354.3576, 204.9615,426.7254, 216.5498,425.2255, 219.1478,422.2256, 219.1480,420.7254, 216.5501,422.2251, 213.9519,425.2250, 213.9515,483.4601, 223.7380,480.4601, 223.7381,478.9600, 221.1402,480.4597, 218.5421,483.4596, 218.5417,484.9600, 221.1394,1066
428452.2515, 298.4233, 200.3003,296.9233, 202.8983,293.9234, 202.8985,292.4233, 200.3006,293.9229, 197.7024,296.9229, 197.7020,355.6885, 207.9165,352.6886, 207.9167,351.1884, 205.3188,352.6881, 202.7206,355.6880, 202.7202,357.1884, 205.3179,429.6845, 216.6948,428.1846, 219.2928,425.1847, 219.2930,423.6845, 216.6951,425.1842, 214.0969,428.1841, 214.0965,485.4346, 223.4867,482.4347, 223.4869,480.9346, 220.8890,482.4342, 218.2908,485.4341, 218.2904,486.9345, 220.8881,1067
428452.2686, 301.2069, 200.0685,299.7070, 202.6665,296.7071, 202.6667,295.2069, 200.0688,296.7066, 197.4706,299.7065, 197.4702,358.5560, 208.1689,355.5561, 208.1690,354.0560, 205.5711,355.5556, 202.9729,358.5555, 202.9725,360.0559, 205.5703,432.7020, 216.7402,431.2021, 219.3382,428.2022, 219.3383,426.7020, 216.7404,428.2017, 214.1423,431.2016, 214.1418,488.7882, 223.8393,485.7883, 223.8394,484.2881, 221.2415,485.7878, 218.6434,488.7877, 218.6429,490.2881, 221.2407,1068
428452.2853, 303.6021, 199.8178,302.1022, 202.4159,299.1023, 202.4160,297.6021, 199.8181,299.1018, 197.2200,302.1017, 197.2195,361.0717, 208.1728,358.0718, 208.1729,356.5717, 205.5750,358.0714, 202.9769,361.0713, 202.9765,362.5717, 205.5742,435.9382, 216.3877,434.4383, 218.9857,431.4384, 218.9858,429.9382, 216.3879,431.4379, 213.7898,434.4378, 213.7894,491.8470, 223.9135,488.8471, 223.9136,487.3469, 221.3157,488.8466, 218.7175,491.8465, 218.7171,493.3469, 221.3149,1069
428452.3019, 306.7252, 199.6535,305.2253, 202.2515,302.2253, 202.2517,300.7252, 199.6538,302.2249, 197.0556,305.2248, 197.0552,363.7820, 208.1196,360.7821, 208.1197,359.2820, 205.5219,360.7816, 202.9237,363.7816, 202.9233,365.2820, 205.5210,438.3833, 216.0666,436.8834, 218.6647,433.8835, 218.6648,432.3833, 216.0669,433.8830, 213.4687,436.8829, 213.4683,494.4227, 223.7865,491.4227, 223.7867,489.9226, 221.1888,491.4222, 218.5906,494.4222, 218.5902,495.9226, 221.1879,1070
428452.3186, 308.9695, 199.4030,307.4695, 202.0011,304.4696, 202.0012,302.9695, 199.4033,304.4691, 196.8051,307.4691, 196.8047,366.6335, 208.2104,363.6336, 208.2106,362.1335, 205.6127,363.6331, 203.0145,366.6330, 203.0141,368.1334, 205.6118,441.1377, 215.4441,439.6378, 218.0421,436.6379, 218.0423,435.1377, 215.4444,436.6374, 212.8462,439.6373, 212.8458,497.5436, 224.0094,494.5437, 224.0095,493.0435, 221.4116,494.5432, 218.8135,497.5431, 218.8130,499.0435, 221.4108,1071
428452.3353, 311.9179, 198.7987,310.4180, 201.3967,307.4181, 201.3969,305.9179, 198.7990,307.4176, 196.2008,310.4175, 196.2004,368.9026, 207.9841,365.9027, 207.9843,364.4026, 205.3864,365.9022, 202.7882,368.9021, 202.7878,370.4025, 205.3856,443.2772, 215.2186,441.7773, 217.8166,438.7774, 217.8168,437.2773, 215.2189,438.7769, 212.6207,441.7768, 212.6203,499.0381, 223.1156,496.0382, 223.1157,494.5381, 220.5179,496.0378, 217.9197,499.0377, 217.9193,500.5381, 220.5170,1072
428452.3520, 314.0911, 198.5407,312.5912, 201.1387,309.5913, 201.1389,308.0911, 198.5410,309.5908, 195.9428,312.5907, 195.9424,371.2625, 208.1496,368.2626, 208.1497,366.7624, 205.5518,368.2621, 202.9536,371.2620, 202.9532,372.7624, 205.5510,445.8538, 214.7647,444.3539, 217.3627,441.3539, 217.3629,439.8538, 214.7650,441.3535, 212.1668,444.3534, 212.1664,501.8024, 222.5908,498.8025, 222.5909,497.3023, 219.9930,498.8020, 217.3949,501.8019, 217.3945,503.3023, 219.9922,1073
428452.3687, 316.3155, 198.3936,314.8156, 200.9916,311.8156, 200.9918,310.3155, 198.3939,311.8152, 195.7957,314.8151, 195.7953,372.9135, 208.1699,369.9136, 208.1700,368.4135, 205.5721,369.9131, 202.9739,372.9131, 202.9735,374.4135, 205.5713,448.0591, 214.7612,446.5591, 217.3592,443.5592, 217.3594,442.0591, 214.7615,443.5587, 212.1633,446.5587, 212.1629,504.6345, 223.3413,501.6346, 223.3415,500.1345, 220.7436,501.6341, 218.1454,504.6340, 218.1450,506.1344, 220.7427,1074
428452.3853, 318.2836, 198.3897,316.7836, 200.9878,313.7837, 200.9879,312.2836, 198.3900,313.7832, 195.7919,316.7831, 195.7914,375.0053, 208.2679,372.0054, 208.2681,370.5053, 205.6702,372.0049, 203.0720,375.0049, 203.0716,376.5052, 205.6694,449.4500, 214.5807,447.9501, 217.1787,444.9502, 217.1788,443.4500, 214.5809,444.9497, 211.9828,447.9496, 211.9823,505.8506, 223.3871,502.8506, 223.3873,501.3505, 220.7894,502.8502, 218.1912,505.8501, 218.1908,507.3505, 220.7885,1075
428452.4020, 320.3363, 198.2561,318.8364, 200.8541,315.8365, 200.8543,314.3363, 198.2564,315.8360, 195.6582,318.8359, 195.6578,376.9363, 208.3754,373.9363, 208.3755,372.4362, 205.7776,373.9359, 203.1795,376.9358, 203.1791,378.4362, 205.7768,451.3094, 214.5451,449.8095, 217.1432,446.8096, 217.1433,445.3094, 214.5454,446.8091, 211.9473,449.8090, 211.9468,507.8891, 223.7805,504.8892, 223.7806,503.3890, 221.1827,504.8887, 218.5845,507.8886, 218.5841,509.3890, 221.1819,1076
428452.4187, 321.5319, 198.2236,320.0320, 200.8216,317.0320, 200.8218,315.5319, 198.2239,317.0315, 195.6257,320.0315, 195.6253,378.4331, 208.5885,375.4332, 208.5887,373.9330, 205.9908,375.4327, 203.3926,378.4326, 203.3922,379.9330, 205.9900,453.1317, 214.6721,451.6318, 217.2701,448.6319, 217.2702,447.1317, 214.6723,448.6314, 212.0742,451.6313, 212.0737,509.5302, 223.5753,506.5303, 223.5755,505.0302, 220.9776,506.5298, 218.3794,509.5298, 218.3790,511.0302, 220.9768,1077
428452.4354, 322.8206, 198.2175,321.3207, 200.8155,318.3208, 200.8156,316.8206, 198.2177,318.3203, 195.6196,321.3202, 195.6191,379.8954, 209.0042,376.8955, 209.0043,375.3954, 206.4064,376.8950, 203.8082,379.8949, 203.8078,381.3953, 206.4056,454.4382, 214.4370,452.9383, 217.0350,449.9384, 217.0351,448.4382, 214.4372,449.9379, 211.8391,452.9378, 211.8386,511.2497, 224.0129,508.2498, 224.0130,506.7496, 221.4151,508.2493, 218.8170,511.2492, 218.8165,512.7496, 221.4143,1078
428452.4521, 324.0187, 198.2794,322.5188, 200.8775,319.5188, 200.8776,318.0187, 198.2797,319.5183, 195.6815,322.5183, 195.6811,381.0565, 209.0337,378.0566, 209.0338,376.5565, 206.4359,378.0561, 203.8378,381.0560, 203.8374,382.5564, 206.4351,455.8000, 214.6143,454.3000, 217.2124,451.3001, 217.2125,449.8000, 214.6146,451.2996, 212.0164,454.2996, 212.0160,512.3250, 223.7139,509.3251, 223.7140,507.8250, 221.1161,509.3246, 218.5180,512.3245, 218.5175,513.8250, 221.1153,1079
428452.4687, 325.0090, 198.1214,323.5091, 200.7194,320.5092, 200.7196,319.0090, 198.1217,320.5087, 195.5235,323.5086, 195.5231,382.1486, 209.5884,379.1487, 209.5885,377.6485, 206.9907,379.1482, 204.3925,382.1481, 204.3921,383.6485, 206.9898,456.6786, 214.3158,455.1786, 216.9138,452.1787, 216.9139,450.6786, 214.3161,452.1783, 211.7179,455.1782, 211.7175,512.7388, 223.5958,509.7389, 223.5959,508.2387, 220.9980,509.7384, 218.3999,512.7383, 218.3994,514.2387, 220.9972,1080
428452.4854, 325.6051, 198.3107,324.1052, 200.9087,321.1053, 200.9088,319.6051, 198.3109,321.1048, 195.7128,324.1047, 195.7123,383.0546, 209.3706,380.0547, 209.3707,378.5545, 206.7728,380.0542, 204.1747,383.0541, 204.1743,384.5545, 206.7720,457.6045, 214.1796,456.1046, 216.7777,453.1047, 216.7778,451.6045, 214.1799,453.1042, 211.5818,456.1041, 211.5813,513.6943, 224.4410,510.6943, 224.4411,509.1942, 221.8432,510.6938, 219.2451,513.6938, 219.2447,515.1942, 221.8424,1081
428452.5021, 326.0282, 197.9547,324.5283, 200.5527,321.5284, 200.5529,320.0282, 197.9550,321.5279, 195.3568,324.5278, 195.3564,383.2484, 209.4675,380.2484, 209.4677,378.7483, 206.8698,380.2480, 204.2716,383.2479, 204.2712,384.7483, 206.8689,457.6214, 214.1281,456.1215, 216.7262,453.1216, 216.7263,451.6214, 214.1284,453.1211, 211.5302,456.1210, 211.5298,514.0763, 223.8341,511.0764, 223.8342,509.5762, 221.2363,511.0759, 218.6382,514.0758, 218.6377,515.5762, 221.2355,1082
428452.5188, 325.9749, 198.0916,324.4750, 200.6896,321.4751, 200.6897,319.9749, 198.0918,321.4746, 195.4937,324.4745, 195.4932,382.7464, 209.5205,379.7465, 209.5206,378.2463, 206.9227,379.7460, 204.3246,382.7459, 204.3242,384.2463, 206.9219,457.9698, 214.2448,456.4699, 216.8428,453.4700, 216.8429,451.9698, 214.2450,453.4695, 211.6469,456.4694, 211.6465,514.0128, 223.9821,511.0129, 223.9823,509.5128, 221.3844,511.0124, 218.7862,514.0123, 218.7858,515.5128, 221.3836,1083
428452.5355, 324.8110, 198.2052,323.3111, 200.8032,320.3111, 200.8034,318.8110, 198.2055,320.3106, 195.6073,323.3106, 195.6069,381.2318, 209.3944,378.2318, 209.3946,376.7317, 206.7967,378.2314, 204.1985,381.2313, 204.1981,382.7317, 206.7959,457.1395, 214.4088,455.6396, 217.0069,452.6397, 217.0070,451.1395, 214.4091,452.6392, 211.8109,455.6391, 211.8105,513.3864, 224.4574,510.3865, 224.4576,508.8864, 221.8596,510.3860, 219.2615,513.3859, 219.2611,514.8864, 221.8588,1084
428452.5521, 324.1839, 198.3129,322.6840, 200.9110,319.6841, 200.9111,318.1839, 198.3132,319.6836, 195.7150,322.6835, 195.7146,380.9865, 209.4245,377.9865, 209.4247,376.4864, 206.8268,377.9861, 204.2286,380.9860, 204.2282,382.4864, 206.8260,456.6080, 214.4937,455.1081, 217.0918,452.1082, 217.0919,450.6080, 214.4940,452.1077, 211.8958,455.1076, 211.8954,513.0650, 224.6522,510.0651, 224.6523,508.5649, 222.0544,510.0646, 219.4563,513.0645, 219.4558,514.5649, 222.0536,1085
428452.5688, 323.0894, 198.2316,321.5895, 200.8296,318.5895, 200.8298,317.0894, 198.2319,318.5891, 195.6337,321.5890, 195.6333,379.9293, 209.3587,376.9293, 209.3589,375.4292, 206.7610,376.9288, 204.1628,379.9288, 204.1624,381.4292, 206.7602,455.6258, 214.1681,454.1259, 216.7661,451.1260, 216.7663,449.6258, 214.1684,451.1255, 211.5702,454.1254, 211.5698,512.2485, 224.3405,509.2486, 224.3406,507.7485, 221.7427,509.2481, 219.1445,512.2480, 219.1441,513.7485, 221.7419,1086
428452.5855, 321.9890, 198.0391,320.4891, 200.6372,317.4892, 200.6373,315.9890, 198.0394,317.4887, 195.4412,320.4886, 195.4408,378.5769, 209.4535,375.5770, 209.4536,374.0768, 206.8557,375.5765, 204.2576,378.5764, 204.2572,380.0768, 206.8549,454.0782, 214.1546,452.5783, 216.7526,449.5784, 216.7527,448.0782, 214.1548,449.5779, 211.5567,452.5778, 211.5563,511.2057, 224.4582,508.2058, 224.4583,506.7057, 221.8605,508.2053, 219.2623,511.2053, 219.2619,512.7056, 221.8596,1087
428452.6022, 320.5388, 198.3730,319.0389, 200.9710,316.0390, 200.9712,314.5388, 198.3733,316.0385, 195.7751,319.0384, 195.7747,377.0522, 209.2587,374.0523, 209.2588,372.5521, 206.6609,374.0518, 204.0627,377.0517, 204.0623,378.5521, 206.6601,452.7217, 214.0938,451.2218, 216.6918,448.2218, 216.6919,446.7217, 214.0940,448.2213, 211.4959,451.2213, 211.4955,509.8816, 224.6699,506.8817, 224.6700,505.3815, 222.0721,506.8812, 219.4740,509.8811, 219.4735,511.3815, 222.0713,1088
428452.6189, 318.7244, 198.0797,317.2244, 200.6777,314.2245, 200.6778,312.7244, 198.0799,314.2240, 195.4818,317.2239, 195.4813,375.1595, 208.9207,372.1596, 208.9209,370.6594, 206.3230,372.1591, 203.7248,375.1590, 203.7244,376.6594, 206.3221,451.0741, 214.0640,449.5742, 216.6620,446.5742, 216.6622,445.0741, 214.0643,446.5738, 211.4661,449.5737, 211.4657,508.8897, 224.5915,505.8897, 224.5916,504.3896, 221.9937,505.8893, 219.3956,508.8892, 219.3952,510.3896, 221.9929,1089
428452.6356, 316.6130, 198.1064,315.1131, 200.7044,312.1132, 200.7045,310.6130, 198.1066,312.1127, 195.5085,315.1126, 195.5080,373.0431, 208.8237,370.0431, 208.8239,368.5430, 206.2260,370.0426, 203.6278,373.0426, 203.6274,374.5430, 206.2252,448.9321, 213.9764,447.4322, 216.5744,444.4323, 216.5746,442.9321, 213.9767,444.4318, 211.3785,447.4317, 211.3781,507.0228, 223.7573,504.0229, 223.7574,502.5227, 221.1595,504.0224, 218.5614,507.0223, 218.5610,508.5227, 221.1587,1090
428452.6522, 314.1031, 197.8716,312.6031, 200.4696,309.6032, 200.4697,308.1031, 197.8719,309.6028, 195.2737,312.6027, 195.2733,370.5775, 208.5300,367.5776, 208.5302,366.0774, 205.9323,367.5771, 203.3341,370.5770, 203.3337,372.0774, 205.9314,445.8446, 213.6467,444.3447, 216.2447,441.3448, 216.2449,439.8446, 213.6470,441.3443, 211.0488,444.3442, 211.0484,504.1277, 222.6896,501.1277, 222.6897,499.6276, 220.0919,501.1273, 217.4937,504.1272, 217.4933,505.6276, 220.0910,1091
428452.6689, 311.0491, 198.0516,309.5492, 200.6496,306.5493, 200.6498,305.0491, 198.0519,306.5488, 195.4537,309.5487, 195.4533,367.8969, 208.2433,364.8970, 208.2435,363.3969, 205.6456,364.8965, 203.0474,367.8964, 203.0470,369.3968, 205.6448,443.2031, 213.8736,441.7032, 216.4716,438.7032, 216.4718,437.2031, 213.8739,438.7028, 211.2757,441.7027, 211.2753,501.5523, 222.8965,498.5524, 222.8966,497.0522, 220.2987,498.5519, 217.7005,501.5518, 217.7001,503.0522, 220.2979,1092
428452.6856, 307.6600, 198.0256,306.1601, 200.6237,303.1602, 200.6238,301.6600, 198.0259,303.1597, 195.4277,306.1596, 195.4273,364.9182, 207.7548,361.9182, 207.7550,360.4181, 205.1571,361.9177, 202.5589,364.9177, 202.5585,366.4181, 205.1562,439.5914, 213.8902,438.0914, 216.4882,435.0915, 216.4883,433.5914, 213.8904,435.0910, 211.2923,438.0909, 211.2919,498.9958, 222.6626,495.9958, 222.6627,494.4957, 220.0648,495.9954, 217.4666,498.9953, 217.4662,500.4957, 220.0640,1093
428452.7023, 304.5388, 197.7211,303.0389, 200.3192,300.0390, 200.3193,298.5388, 197.7214,300.0385, 195.1232,303.0385, 195.1228,361.8106, 206.9824,358.8106, 206.9825,357.3105, 204.3846,358.8102, 201.7865,361.8101, 201.7860,363.3105, 204.3838,436.5192, 213.8670,435.0193, 216.4651,432.0193, 216.4652,430.5192, 213.8673,432.0188, 211.2691,435.0188, 211.2687,495.5500, 222.0559,492.5500, 222.0560,491.0499, 219.4582,492.5495, 216.8600,495.5495, 216.8596,497.0499, 219.4573,1094
428452.7190, 300.6620, 197.7831,299.1621, 200.3811,296.1622, 200.3813,294.6620, 197.7834,296.1617, 195.1852,299.1616, 195.1848,358.3151, 206.7623,355.3152, 206.7624,353.8150, 204.1645,355.3147, 201.5664,358.3146, 201.5659,359.8150, 204.1637,432.4211, 214.1830,430.9211, 216.7811,427.9212, 216.7812,426.4211, 214.1833,427.9207, 211.5851,430.9207, 211.5847,492.1993, 222.2209,489.1994, 222.2210,487.6992, 219.6231,489.1989, 217.0250,492.1988, 217.0246,493.6992, 219.6223,1095
428452.7357, 296.7971, 197.5211,295.2971, 200.1191,292.2972, 200.1192,290.7971, 197.5213,292.2967, 194.9232,295.2966, 194.9227,354.7180, 206.1797,351.7180, 206.1798,350.2179, 203.5819,351.7176, 200.9837,354.7175, 200.9833,356.2179, 203.5811,428.4202, 214.1505,426.9203, 216.7485,423.9203, 216.7487,422.4202, 214.1508,423.9199, 211.5526,426.9198, 211.5522,487.8226, 221.0841,484.8227, 221.0842,483.3225, 218.4863,484.8222, 215.8882,487.8221, 215.8878,489.3225, 218.4855,1096
428452.7524, 292.6315, 197.5835,291.1316, 200.1815,288.1317, 200.1816,286.6315, 197.5837,288.1312, 194.9856,291.1311, 194.9852,350.6523, 205.8318,347.6524, 205.8319,346.1523, 203.2340,347.6519, 200.6358,350.6519, 200.6354,352.1523, 203.2332,424.7123, 213.9713,423.2124, 216.5694,420.2125, 216.5695,418.7123, 213.9716,420.2120, 211.3734,423.2119, 211.3730,484.7172, 220.5993,481.7173, 220.5994,480.2171, 218.0015,481.7168, 215.4034,484.7167, 215.4029,486.2171, 218.0007,1097
428452.7691, 288.1664, 197.3822,286.6665, 199.9802,283.6666, 199.9804,282.1664, 197.3825,283.6661, 194.7843,286.6660, 194.7839,346.3552, 205.3455,343.3553, 205.3456,341.8551, 202.7477,343.3548, 200.1496,346.3547, 200.1491,347.8551, 202.7469,419.7720, 214.0611,418.2721, 216.6591,415.2722, 216.6592,413.7720, 214.0614,415.2717, 211.4632,418.2716, 211.4628,479.6740, 219.5678,476.6741, 219.5679,475.1739, 216.9700,476.6736, 214.3718,479.6735, 214.3714,481.1739, 216.9692,1098
428452.7857, 283.3839, 197.6378,281.8840, 200.2358,278.8841, 200.2359,277.3839, 197.6380,278.8836, 195.0399,281.8835, 195.0395,341.7011, 205.3101,338.7012, 205.3102,337.2011, 202.7123,338.7007, 200.1142,341.7007, 200.1138,343.2010, 202.7115,415.1737, 213.9843,413.6738, 216.5823,410.6739, 216.5825,409.1737, 213.9846,410.6734, 211.3864,413.6733, 211.3860,474.5994, 219.3167,471.5995, 219.3168,470.0993, 216.7189,471.5990, 214.1208,474.5989, 214.1204,476.0993, 216.7181,1099
428452.8024, 278.0831, 197.8108,276.5832, 200.4088,273.5833, 200.4090,272.0831, 197.8111,273.5828, 195.2129,276.5827, 195.2125,336.4093, 204.6557,333.4094, 204.6558,331.9092, 202.0579,333.4089, 199.4598,336.4088, 199.4594,337.9092, 202.0571,410.3937, 214.0047,408.8938, 216.6027,405.8939, 216.6028,404.3938, 214.0049,405.8934, 211.4068,408.8933, 211.4063,469.4163, 219.1712,466.4163, 219.1714,464.9162, 216.5735,466.4158, 213.9753,469.4158, 213.9749,470.9162, 216.5726,1100
428452.8191, 272.7135, 197.9618,271.2136, 200.5598,268.2136, 200.5599,266.7135, 197.9620,268.2131, 195.3639,271.2131, 195.3634,331.2542, 204.0768,328.2543, 204.0769,326.7542, 201.4790,328.2538, 198.8808,331.2537, 198.8804,332.7541, 201.4782,405.4999, 214.4778,404.0000, 217.0758,401.0001, 217.0760,399.5000, 214.4781,400.9996, 211.8799,403.9995, 211.8795,464.5103, 219.1582,461.5104, 219.1583,460.0103, 216.5604,461.5099, 213.9623,464.5098, 213.9619,466.0102, 216.5596,1101
428452.8358, 267.7388, 198.1864,266.2389, 200.7845,263.2390, 200.7846,261.7388, 198.1867,263.2385, 195.5886,266.2384, 195.5881,326.2470, 203.5186,323.2471, 203.5188,321.7469, 200.9209,323.2466, 198.3227,326.2465, 198.3223,327.7469, 200.9200,400.0484, 215.1073,398.5485, 217.7054,395.5485, 217.7055,394.0484, 215.1076,395.5480, 212.5094,398.5480, 212.5090,458.8078, 219.1588,455.8079, 219.1589,454.3077, 216.5610,455.8074, 213.9629,458.8073, 213.9624,460.3077, 216.5602,1102
428452.8525, 261.8988, 198.5990,260.3989, 201.1971,257.3989, 201.1972,255.8988, 198.5993,257.3984, 196.0011,260.3984, 196.0007,320.8589, 202.8830,317.8589, 202.8831,316.3588, 200.2852,317.8584, 197.6871,320.8584, 197.6866,322.3588, 200.2844,395.2842, 215.4875,393.7843, 218.0856,390.7843, 218.0857,389.2842, 215.4878,390.7838, 212.8896,393.7838, 212.8892,453.6234, 219.0893,450.6235, 219.0895,449.1233, 216.4916,450.6230, 213.8934,453.6229, 213.8930,455.1233, 216.4908,1103
428452.8692, 256.3837, 199.2203,254.8838, 201.8184,251.8839, 201.8185,250.3837, 199.2206,251.8834, 196.6225,254.8833, 196.6220,315.7526, 202.7144,312.7526, 202.7146,311.2525, 200.1167,312.7521, 197.5185,315.7521, 197.5181,317.2525, 200.1158,389.6438, 215.6644,388.1439, 218.2624,385.1440, 218.2625,383.6438, 215.6647,385.1435, 213.0665,388.1434, 213.0661,448.4851, 218.3088,445.4852, 218.3090,443.9850, 215.7111,445.4847, 213.1129,448.4846, 213.1125,449.9850, 215.7103,1104
428452.8859, 250.7863, 199.7661,249.2863, 202.3641,246.2864, 202.3642,244.7863, 199.7663,246.2859, 197.1682,249.2859, 197.1677,310.5943, 202.6500,307.5944, 202.6501,306.0943, 200.0523,307.5939, 197.4541,310.5938, 197.4537,312.0942, 200.0514,384.3276, 215.8902,382.8276, 218.4883,379.8277, 218.4884,378.3276, 215.8905,379.8272, 213.2923,382.8271, 213.2919,443.0509, 218.8554,440.0509, 218.8556,438.5508, 216.2577,440.0504, 213.6595,443.0504, 213.6591,444.5508, 216.2568,1105
428452.9026, 245.2524, 200.3274,243.7525, 202.9255,240.7526, 202.9256,239.2524, 200.3277,240.7521, 197.7295,243.7520, 197.7291,304.6907, 202.1184,301.6908, 202.1185,300.1907, 199.5206,301.6903, 196.9225,304.6902, 196.9220,306.1906, 199.5198,378.8092, 216.6923,377.3093, 219.2903,374.3094, 219.2905,372.8092, 216.6926,374.3089, 214.0944,377.3088, 214.0940,437.4261, 218.7720,434.4261, 218.7722,432.9260, 216.1743,434.4256, 213.5761,437.4256, 213.5757,438.9260, 216.1734,1106
428452.9192, 239.8958, 201.0166,238.3959, 203.6147,235.3960, 203.6148,233.8958, 201.0169,235.3955, 198.4187,238.3954, 198.4183,299.8828, 201.9688,296.8829, 201.9690,295.3827, 199.3711,296.8824, 196.7729,299.8823, 196.7725,301.3827, 199.3703,373.3417, 217.3180,371.8418, 219.9161,368.8419, 219.9162,367.3417, 217.3183,368.8414, 214.7201,371.8413, 214.7197,432.8723, 218.8060,429.8723, 218.8062,428.3722, 216.2083,429.8719, 213.6101,432.8718, 213.6097,434.3722, 216.2074,1107
428452.9359, 234.4083, 201.6658,232.9084, 204.2639,229.9085, 204.2640,228.4083, 201.6661,229.9080, 199.0679,232.9079, 199.0675,294.6513, 201.6681,291.6514, 201.6683,290.1512, 199.0704,291.6509, 196.4722,294.6508, 196.4718,296.1512, 199.0695,368.4635, 218.0704,366.9636, 220.6684,363.9637, 220.6685,362.4635, 218.0706,363.9632, 215.4725,366.9631, 215.4721,428.2952, 218.7508,425.2953, 218.7509,423.7951, 216.1530,425.2948, 213.5549,428.2947, 213.5545,429.7951, 216.1522,1108
428452.9526, 229.5464, 202.2942,228.0465, 204.8922,225.0466, 204.8924,223.5464, 202.2945,225.0461, 199.6963,228.0460, 199.6959,290.1508, 201.6583,287.1509, 201.6585,285.6508, 199.0606,287.1504, 196.4624,290.1503, 196.4620,291.6507, 199.0597,363.3561, 218.6136,361.8562, 221.2117,358.8563, 221.2118,357.3561, 218.6139,358.8558, 216.0157,361.8557, 216.0153,422.9783, 218.4002,419.9784, 218.4003,418.4782, 215.8024,419.9779, 213.2043,422.9778, 213.2039,424.4782, 215.8016,1109
428452.9693, 224.5972, 203.0215,223.0973, 205.6195,220.0974, 205.6197,218.5972, 203.0218,220.0969, 200.4236,223.0968, 200.4232,285.2841, 201.8981,282.2842, 201.8982,280.7841, 199.3003,282.2838, 196.7021,285.2837, 196.7017,286.7841, 199.2995,358.9547, 219.3214,357.4547, 221.9194,354.4548, 221.9196,352.9547, 219.3217,354.4543, 216.7235,357.4543, 216.7231,418.6087, 217.6852,415.6088, 217.6853,414.1086, 215.0874,415.6083, 212.4893,418.6082, 212.4889,420.1086, 215.0866,1110
428452.9860, 220.2941, 203.7549,218.7942, 206.3529,215.7943, 206.3531,214.2941, 203.7552,215.7938, 201.1570,218.7937, 201.1566,281.5363, 201.8346,278.5364, 201.8348,277.0362, 199.2369,278.5359, 196.6387,281.5358, 196.6383,283.0362, 199.2361,354.8721, 220.0514,353.3722, 222.6494,350.3723, 222.6496,348.8721, 220.0517,350.3718, 217.4535,353.3717, 217.4531,414.5697, 218.0314,411.5698, 218.0316,410.0697, 215.4337,411.5693, 212.8355,414.5692, 212.8351,416.0696, 215.4329,1111
428453.0027, 216.4771, 203.7286,214.9771, 206.3266,211.9772, 206.3268,210.4771, 203.7289,211.9767, 201.1307,214.9767, 201.1303,277.3983, 201.6208,274.3983, 201.6209,272.8982, 199.0230,274.3979, 196.4249,277.3978, 196.4244,278.8982, 199.0222,351.0073, 220.8654,349.5074, 223.4635,346.5074, 223.4636,345.0073, 220.8657,346.5070, 218.2676,349.5069, 218.2671,411.1872, 218.3705,408.1872, 218.3706,406.6871, 215.7728,408.1867, 213.1746,411.1867, 213.1742,412.6871, 215.7719,1112
428453.0194, 212.7971, 204.4140,211.2972, 207.0121,208.2973, 207.0122,206.7971, 204.4143,208.2968, 201.8161,211.2967, 201.8157,273.9730, 201.5915,270.9731, 201.5916,269.4730, 198.9937,270.9726, 196.3956,273.9725, 196.3952,275.4729, 198.9929,347.8978, 221.3420,346.3979, 223.9400,343.3980, 223.9402,341.8979, 221.3423,343.3975, 218.7441,346.3974, 218.7437,407.5647, 218.0899,404.5647, 218.0900,403.0646, 215.4921,404.5642, 212.8939,407.5642, 212.8935,409.0646, 215.4913,1113
428453.0361, 209.7576, 204.9941,208.2577, 207.5921,205.2578, 207.5923,203.7576, 204.9944,205.2573, 202.3962,208.2572, 202.3958,270.8132, 201.8401,267.8133, 201.8402,266.3131, 199.2424,267.8128, 196.6442,270.8127, 196.6438,272.3131, 199.2415,344.8055, 221.7263,343.3055, 224.3244,340.3056, 224.3245,338.8055, 221.7266,340.3051, 219.1284,343.3051, 219.1280,404.7175, 218.2721,401.7176, 218.2723,400.2175, 215.6744,401.7171, 213.0762,404.7170, 213.0758,406.2174, 215.6736,1114
428453.0529, 206.7868, 205.6488,205.2869, 208.2469,202.2870, 208.2470,200.7868, 205.6491,202.2865, 203.0509,205.2864, 203.0505,268.0858, 201.9236,265.0859, 201.9238,263.5857, 199.3259,265.0854, 196.7277,268.0853, 196.7273,269.5857, 199.3251,341.8546, 222.5751,340.3547, 225.1731,337.3548, 225.1733,335.8546, 222.5754,337.3543, 219.9772,340.3542, 219.9768,401.8304, 218.6474,398.8305, 218.6475,397.3303, 216.0496,398.8300, 213.4514,401.8299, 213.4510,403.3303, 216.0488,1115
428453.0696, 204.6237, 206.1100,203.1238, 208.7080,200.1239, 208.7082,198.6238, 206.1103,200.1234, 203.5121,203.1234, 203.5117,266.0599, 201.9252,263.0600, 201.9253,261.5598, 199.3274,263.0595, 196.7292,266.0594, 196.7288,267.5598, 199.3266,339.7136, 223.2052,338.2137, 225.8032,335.2137, 225.8034,333.7136, 223.2055,335.2133, 220.6073,338.2132, 220.6069,399.7343, 219.1915,396.7343, 219.1916,395.2342, 216.5937,396.7339, 213.9955,399.7338, 213.9951,401.2342, 216.5929,1116
428453.0863, 202.4379, 206.8417,200.9380, 209.4397,197.9381, 209.4399,196.4379, 206.8420,197.9376, 204.2438,200.9375, 204.2434,264.0941, 201.7063,261.0942, 201.7065,259.5941, 199.1086,261.0938, 196.5104,264.0937, 196.5100,265.5941, 199.1077,337.6782, 223.6709,336.1782, 226.2690,333.1783, 226.2691,331.6782, 223.6712,333.1778, 221.0730,336.1777, 221.0726,397.7922, 219.2090,394.7923, 219.2092,393.2921, 216.6113,394.7918, 214.0131,397.7917, 214.0127,399.2921, 216.6104,1117
428453.1030, 201.0022, 206.6999,199.5023, 209.2979,196.5024, 209.2980,195.0022, 206.7001,196.5019, 204.1020,199.5018, 204.1015,262.8990, 201.4214,259.8991, 201.4215,258.3989, 198.8236,259.8986, 196.2255,262.8985, 196.2250,264.3989, 198.8228,336.4749, 223.7117,334.9750, 226.3097,331.9751, 226.3098,330.4749, 223.7119,331.9746, 221.1138,334.9745, 221.1134,396.2455, 218.7061,393.2456, 218.7063,391.7455, 216.1084,393.2451, 213.5102,396.2451, 213.5098,397.7455, 216.1075,1118
428453.1197, 199.9399, 206.6338,198.4400, 209.2319,195.4400, 209.2320,193.9399, 206.6341,195.4396, 204.0359,198.4395, 204.0355,261.6348, 201.3600,258.6349, 201.3601,257.1348, 198.7622,258.6344, 196.1640,261.6344, 196.1636,263.1348, 198.7614,335.6879, 223.8405,334.1880, 226.4386,331.1881, 226.4387,329.6879, 223.8408,331.1876, 221.2427,334.1875, 221.2422,395.3955, 218.8953,392.3956, 218.8954,390.8954, 216.2975,392.3951, 213.6994,395.3950, 213.6989,396.8954, 216.2967,1119
428453.1363, 199.4116, 206.7097,197.9117, 209.3077,194.9118, 209.3078,193.4116, 206.7099,194.9113, 204.1118,197.9112, 204.1114,260.7860, 201.1415,257.7861, 201.1416,256.2859, 198.5437,257.7856, 195.9456,260.7855, 195.9452,262.2859, 198.5429,334.8436, 223.7863,333.3437, 226.3843,330.3438, 226.3845,328.8436, 223.7866,330.3433, 221.1884,333.3432, 221.1880,394.4338, 218.8067,391.4339, 218.8068,389.9337, 216.2089,391.4334, 213.6108,394.4333, 213.6104,395.9337, 216.2081,1120
428453.1530, 199.0976, 206.5876,197.5977, 209.1856,194.5978, 209.1857,193.0976, 206.5878,194.5973, 203.9897,197.5972, 203.9893,260.9100, 201.1943,257.9101, 201.1944,256.4099, 198.5965,257.9096, 195.9984,260.9095, 195.9980,262.4099, 198.5957,334.5512, 223.7199,333.0513, 226.3179,330.0513, 226.3181,328.5512, 223.7202,330.0508, 221.1220,333.0508, 221.1216,393.9998, 218.0939,390.9999, 218.0941,389.4998, 215.4962,390.9994, 212.8980,393.9993, 212.8976,395.4997, 215.4953,1121
428453.1697, 199.2507, 206.6553,197.7508, 209.2533,194.7509, 209.2534,193.2507, 206.6555,194.7504, 204.0574,197.7503, 204.0569,260.7227, 201.0786,257.7228, 201.0787,256.2227, 198.4808,257.7223, 195.8827,260.7222, 195.8822,262.2226, 198.4800,334.5800, 223.8561,333.0801, 226.4542,330.0802, 226.4543,328.5800, 223.8564,330.0797, 221.2582,333.0797, 221.2578,394.0904, 218.8286,391.0904, 218.8287,389.5903, 216.2309,391.0899, 213.6327,394.0899, 213.6323,395.5903, 216.2300,1122
428453.1864, 199.8674, 206.4970,198.3675, 209.0950,195.3676, 209.0951,193.8674, 206.4973,195.3671, 203.8991,198.3670, 203.8987,261.1775, 201.4123,258.1776, 201.4124,256.6775, 198.8145,258.1771, 196.2164,261.1771, 196.2160,262.6775, 198.8137,335.1196, 223.9064,333.6196, 226.5044,330.6197, 226.5046,329.1196, 223.9067,330.6192, 221.3085,333.6191, 221.3081,394.6580, 218.5235,391.6581, 218.5236,390.1579, 215.9257,391.6576, 213.3275,394.6575, 213.3271,396.1579, 215.9249,1123
428453.2031, 200.9235, 206.4871,199.4236, 209.0851,196.4237, 209.0853,194.9235, 206.4874,196.4232, 203.8892,199.4231, 203.8888,262.5395, 201.4262,259.5396, 201.4263,258.0395, 198.8284,259.5391, 196.2303,262.5391, 196.2298,264.0395, 198.8276,336.1239, 224.0244,334.6240, 226.6224,331.6241, 226.6225,330.1239, 224.0246,331.6236, 221.4265,334.6235, 221.4260,395.7562, 219.3472,392.7563, 219.3474,391.2561, 216.7495,392.7558, 214.1513,395.7557, 214.1509,397.2561, 216.7487,1124
428453.2198, 202.1968, 206.6142,200.6969, 209.2122,197.6970, 209.2123,196.1969, 206.6144,197.6965, 204.0163,200.6964, 204.0159,263.8883, 201.7519,260.8883, 201.7520,259.3882, 199.1541,260.8878, 196.5559,263.8878, 196.5555,265.3882, 199.1533,337.4502, 224.2596,335.9503, 226.8576,332.9504, 226.8578,331.4502, 224.2599,332.9499, 221.6617,335.9498, 221.6613,396.9090, 218.8454,393.9091, 218.8455,392.4089, 216.2477,393.9086, 213.6495,396.9085, 213.6491,398.4089, 216.2468,1125
428453.2365, 204.1008, 206.3943,202.6009, 208.9924,199.6010, 208.9925,198.1008, 206.3946,199.6005, 203.7965,202.6004, 203.7960,266.0906, 202.0824,263.0907, 202.0825,261.5905, 199.4846,263.0902, 196.8864,266.0901, 196.8860,267.5905, 199.4838,338.8944, 223.7923,337.3945, 226.3903,334.3946, 226.3905,332.8944, 223.7926,334.3941, 221.1944,337.3940, 221.1940,398.5464, 219.4002,395.5465, 219.4004,394.0463, 216.8025,395.5460, 214.2043,398.5459, 214.2039,400.0463, 216.8016,1126
428453.2532, 206.1343, 206.1993,204.6344, 208.7973,201.6345, 208.7975,200.1343, 206.1996,201.6340, 203.6014,204.6339, 203.6010,267.8003, 202.3851,264.8004, 202.3853,263.3002, 199.7874,264.7999, 197.1892,267.7998, 197.1888,269.3002, 199.7866,341.0740, 223.5289,339.5741, 226.1270,336.5741, 226.1271,335.0740, 223.5292,336.5736, 220.9310,339.5736, 220.9306,400.7126, 219.2817,397.7127, 219.2819,396.2126, 216.6840,397.7122, 214.0858,400.7121, 214.0854,402.2125, 216.6832,1127
428453.2699, 208.7037, 205.8874,207.2038, 208.4855,204.2038, 208.4856,202.7037, 205.8877,204.2034, 203.2896,207.2033, 203.2891,270.1206, 202.1992,267.1207, 202.1993,265.6205, 199.6014,267.1202, 197.0033,270.1201, 197.0029,271.6205, 199.6006,343.4789, 222.9641,341.9790, 225.5621,338.9791, 225.5623,337.4789, 222.9644,338.9786, 220.3662,341.9785, 220.3658,403.6355, 218.5571,400.6356, 218.5573,399.1354, 215.9594,400.6351, 213.3612,403.6350, 213.3608,405.1354, 215.9585,1128
428453.2866, 211.4393, 205.5719,209.9394, 208.1699,206.9395, 208.1700,205.4393, 205.5721,206.9390, 202.9740,209.9389, 202.9736,272.7100, 201.8683,269.7101, 201.8684,268.2099, 199.2705,269.7096, 196.6723,272.7095, 196.6719,274.2099, 199.2697,346.3538, 221.9235,344.8539, 224.5215,341.8540, 224.5216,340.3538, 221.9237,341.8535, 219.3256,344.8534, 219.3251,406.6971, 218.3547,403.6972, 218.3549,402.1971, 215.7570,403.6967, 213.1588,406.6967, 213.1584,408.1971, 215.7561,1129
428453.3033, 214.5315, 205.2839,213.0316, 207.8819,210.0317, 207.8821,208.5315, 205.2842,210.0312, 202.6860,213.0311, 202.6856,275.5783, 201.6534,272.5783, 201.6536,271.0782, 199.0557,272.5779, 196.4575,275.5778, 196.4571,277.0782, 199.0548,349.3399, 221.4520,347.8400, 224.0500,344.8401, 224.0502,343.3399, 221.4523,344.8396, 218.8541,347.8395, 218.8537,409.8297, 218.4366,406.8298, 218.4368,405.3297, 215.8389,406.8293, 213.2407,409.8293, 213.2403,411.3297, 215.8380,1130
428453.3200, 217.9526, 204.8769,216.4526, 207.4750,213.4527, 207.4751,211.9526, 204.8772,213.4522, 202.2790,216.4522, 202.2786,279.3758, 202.1326,276.3759, 202.1328,274.8757, 199.5349,276.3754, 196.9367,279.3753, 196.9363,280.8757, 199.5341,353.1444, 221.0553,351.6445, 223.6533,348.6445, 223.6534,347.1444, 221.0556,348.6440, 218.4574,351.6440, 218.4570,413.1746, 218.6663,410.1747, 218.6664,408.6745, 216.0685,410.1742, 213.4703,413.1741, 213.4699,414.6745, 216.0677,1131
428453.3367, 221.8803, 204.4916,220.3804, 207.0896,217.3805, 207.0898,215.8803, 204.4919,217.3800, 201.8937,220.3799, 201.8933,282.6040, 201.8816,279.6041, 201.8818,278.1039, 199.2839,279.6036, 196.6857,282.6035, 196.6853,284.1039, 199.2831,356.6565, 220.9234,355.1566, 223.5214,352.1567, 223.5215,350.6565, 220.9237,352.1562, 218.3255,355.1561, 218.3251,417.0431, 218.0311,414.0431, 218.0313,412.5430, 215.4334,414.0426, 212.8352,417.0426, 212.8348,418.5430, 215.4326,1132
428453.3534, 225.7651, 204.1626,224.2651, 206.7606,221.2652, 206.7608,219.7651, 204.1629,221.2647, 201.5647,224.2647, 201.5643,286.7695, 201.6900,283.7696, 201.6901,282.2695, 199.0922,283.7691, 196.4941,286.7690, 196.4936,288.2694, 199.0914,360.9855, 220.2392,359.4856, 222.8372,356.4857, 222.8374,354.9855, 220.2395,356.4852, 217.6413,359.4851, 217.6409,420.7831, 218.3680,417.7831, 218.3681,416.2830, 215.7702,417.7827, 213.1720,420.7826, 213.1716,422.2830, 215.7694,1133
428453.3701, 230.0098, 203.8034,228.5098, 206.4015,225.5099, 206.4016,224.0098, 203.8037,225.5094, 201.2055,228.5094, 201.2051,291.0229, 201.8249,288.0229, 201.8250,286.5228, 199.2271,288.0225, 196.6290,291.0224, 196.6285,292.5228, 199.2263,364.6314, 220.3794,363.1315, 222.9774,360.1316, 222.9775,358.6314, 220.3797,360.1311, 217.7815,363.1310, 217.7811,424.8236, 219.1790,421.8237, 219.1792,420.3235, 216.5813,421.8232, 213.9831,424.8231, 213.9827,426.3235, 216.5804,1134
428453.3868, 235.3826, 203.1753,233.8827, 205.7734,230.8827, 205.7735,229.3826, 203.1756,230.8822, 200.5774,233.8822, 200.5770,295.7766, 202.2260,292.7766, 202.2261,291.2765, 199.6282,292.7762, 197.0300,295.7761, 197.0296,297.2765, 199.6274,369.4374, 219.6762,367.9375, 222.2743,364.9375, 222.2744,363.4374, 219.6765,364.9370, 217.0784,367.9370, 217.0779,429.5717, 219.5208,426.5718, 219.5209,425.0717, 216.9230,426.5713, 214.3248,429.5713, 214.3244,431.0717, 216.9222,1135
428453.4035, 240.4108, 202.8180,238.9109, 205.4161,235.9109, 205.4162,234.4108, 202.8183,235.9105, 200.2201,238.9104, 200.2197,301.1512, 202.5510,298.1513, 202.5512,296.6511, 199.9533,298.1508, 197.3551,301.1507, 197.3547,302.6511, 199.9525,374.3639, 219.2960,372.8640, 221.8940,369.8641, 221.8942,368.3639, 219.2963,369.8636, 216.6981,372.8635, 216.6977,433.9114, 220.1028,430.9114, 220.1030,429.4113, 217.5051,430.9109, 214.9069,433.9109, 214.9065,435.4113, 217.5042,1136
428453.4202, 245.2119, 202.2805,243.7119, 204.8786,240.7120, 204.8787,239.2119, 202.2808,240.7115, 199.6827,243.7114, 199.6823,305.9617, 202.4081,302.9618, 202.4083,301.4617, 199.8104,302.9613, 197.2122,305.9612, 197.2118,307.4616, 199.8095,379.1210, 218.7375,377.6211, 221.3355,374.6212, 221.3356,373.1210, 218.7377,374.6207, 216.1396,377.6206, 216.1392,438.7501, 220.3022,435.7502, 220.3023,434.2500, 217.7044,435.7497, 215.1062,438.7496, 215.1058,440.2500, 217.7036,1137
428453.4368, 250.1891, 201.4317,248.6891, 204.0297,245.6892, 204.0298,244.1891, 201.4319,245.6888, 198.8338,248.6887, 198.8334,310.6581, 202.4879,307.6582, 202.4880,306.1580, 199.8901,307.6577, 197.2920,310.6576, 197.2915,312.1580, 199.8893,384.2089, 218.3027,382.7089, 220.9008,379.7090, 220.9009,378.2089, 218.3030,379.7085, 215.7048,382.7084, 215.7044,443.2449, 219.9648,440.2450, 219.9650,438.7448, 217.3671,440.2445, 214.7689,443.2444, 214.7685,444.7448, 217.3662,1138
428453.4530, 255.1519, 200.8999,253.6519, 203.4980,250.6520, 203.4981,249.1519, 200.9002,250.6515, 198.3021,253.6515, 198.3016,315.8359, 203.1572,312.8360, 203.1573,311.3359, 200.5594,312.8355, 197.9613,315.8354, 197.9609,317.3358, 200.5586,389.2093, 217.8904,387.7094, 220.4884,384.7094, 220.4886,383.2093, 217.8907,384.7090, 215.2925,387.7089, 215.2921,448.6629, 220.2750,445.6629, 220.2751,444.1628, 217.6772,445.6624, 215.0790,448.6624, 215.0786,450.1628, 217.6764,1139
428453.4697, 260.5808, 200.1475,259.0809, 202.7455,256.0810, 202.7457,254.5808, 200.1478,256.0805, 197.5496,259.0804, 197.5492,320.7191, 203.1611,317.7191, 203.1612,316.2190, 200.5633,317.7187, 197.9652,320.7186, 197.9648,322.2190, 200.5625,394.6824, 217.2634,393.1825, 219.8614,390.1825, 219.8615,388.6824, 217.2636,390.1820, 214.6655,393.1820, 214.6651,453.9913, 220.2148,450.9914, 220.2150,449.4912, 217.6171,450.9909, 215.0189,453.9908, 215.0185,455.4912, 217.6162,1140
428453.4864, 265.8140, 199.6495,264.3141, 202.2475,261.3141, 202.2477,259.8140, 199.6498,261.3136, 197.0516,264.3136, 197.0512,325.5090, 202.7034,322.5091, 202.7035,321.0089, 200.1056,322.5086, 197.5075,325.5085, 197.5070,327.0089, 200.1048,399.8266, 216.6624,398.3267, 219.2604,395.3268, 219.2606,393.8266, 216.6627,395.3263, 214.0645,398.3262, 214.0641,459.0507, 220.0439,456.0508, 220.0440,454.5507, 217.4461,456.0503, 214.8479,459.0502, 214.8475,460.5506, 217.4453,1141
428453.5031, 271.5541, 199.0888,270.0542, 201.6868,267.0543, 201.6870,265.5541, 199.0891,267.0538, 196.4909,270.0537, 196.4905,330.7885, 203.6607,327.7885, 203.6608,326.2884, 201.0629,327.7880, 198.4648,330.7880, 198.4643,332.2884, 201.0621,405.2314, 216.4583,403.7315, 219.0564,400.7316, 219.0565,399.2314, 216.4586,400.7311, 213.8604,403.7310, 213.8600,464.0762, 220.6358,461.0762, 220.6359,459.5761, 218.0380,461.0757, 215.4399,464.0757, 215.4395,465.5761, 218.0372,1142
428453.5197, 276.3082, 199.3898,274.8083, 201.9878,271.8084, 201.9880,270.3083, 199.3901,271.8079, 196.7919,274.8078, 196.7915,336.0255, 203.8051,333.0256, 203.8053,331.5255, 201.2074,333.0251, 198.6092,336.0250, 198.6088,337.5254, 201.2066,409.5633, 216.4087,408.0634, 219.0067,405.0634, 219.0068,403.5633, 216.4089,405.0629, 213.8108,408.0629, 213.8103,468.5166, 220.1725,465.5167, 220.1726,464.0166, 217.5747,465.5162, 214.9765,468.5161, 214.9761,470.0165, 217.5739,1143
428453.5364, 281.6330, 199.5241,280.1331, 202.1222,277.1332, 202.1223,275.6330, 199.5244,277.1327, 196.9263,280.1326, 196.9258,340.4691, 204.7435,337.4691, 204.7436,335.9690, 202.1458,337.4687, 199.5476,340.4686, 199.5472,341.9690, 202.1449,414.6941, 216.2093,413.1942, 218.8074,410.1942, 218.8075,408.6941, 216.2096,410.1938, 213.6114,413.1937, 213.6110,473.1496, 220.4256,470.1496, 220.4258,468.6495, 217.8279,470.1491, 215.2297,473.1491, 215.2293,474.6495, 217.8271,1144
428453.5531, 286.4760, 199.8353,284.9761, 202.4333,281.9762, 202.4335,280.4760, 199.8356,281.9757, 197.2374,284.9756, 197.2370,345.3277, 205.0485,342.3278, 205.0486,340.8276, 202.4507,342.3273, 199.8526,345.3272, 199.8521,346.8276, 202.4499,419.0956, 216.3348,417.5956, 218.9328,414.5957, 218.9329,413.0956, 216.3350,414.5952, 213.7369,417.5952, 213.7365,477.3314, 220.8031,474.3315, 220.8032,472.8313, 218.2054,474.3310, 215.6072,477.3309, 215.6068,478.8313, 218.2045,1145
428453.5698, 290.8877, 199.5946,289.3878, 202.1927,286.3879, 202.1928,284.8877, 199.5949,286.3874, 196.9967,289.3873, 196.9963,349.0317, 205.5499,346.0318, 205.5501,344.5316, 202.9522,346.0313, 200.3540,349.0312, 200.3536,350.5316, 202.9514,423.9327, 216.1718,422.4328, 218.7698,419.4328, 218.7700,417.9327, 216.1721,419.4323, 213.5739,422.4323, 213.5735,481.6758, 220.9215,478.6759, 220.9216,477.1758, 218.3237,478.6754, 215.7256,481.6754, 215.7252,483.1758, 218.3229,1146
428453.5865, 295.1953, 199.7771,293.6953, 202.3751,290.6954, 202.3753,289.1953, 199.7774,290.6949, 197.1792,293.6949, 197.1788,353.4297, 205.8586,350.4298, 205.8588,348.9297, 203.2609,350.4293, 200.6627,353.4293, 200.6623,354.9297, 203.2600,428.0288, 215.7989,426.5289, 218.3969,423.5290, 218.3970,422.0288, 215.7991,423.5285, 213.2010,426.5284, 213.2005,485.8302, 221.0351,482.8303, 221.0353,481.3301, 218.4374,482.8298, 215.8392,485.8297, 215.8388,487.3301, 218.4366,1147
428453.6032, 299.3622, 199.4430,297.8623, 202.0410,294.8623, 202.0412,293.3622, 199.4433,294.8618, 196.8451,297.8618, 196.8447,357.1855, 205.8690,354.1856, 205.8692,352.6855, 203.2713,354.1852, 200.6731,357.1851, 200.6727,358.6855, 203.2704,432.5339, 215.5782,431.0340, 218.1762,428.0341, 218.1764,426.5339, 215.5785,428.0336, 212.9803,431.0335, 212.9799,490.0382, 221.2217,487.0383, 221.2219,485.5382, 218.6240,487.0378, 216.0258,490.0378, 216.0254,491.5381, 218.6232,1148
428453.6199, 303.2637, 198.8638,301.7638, 201.4619,298.7639, 201.4620,297.2637, 198.8641,298.7634, 196.2660,301.7633, 196.2655,360.6685, 206.2411,357.6686, 206.2412,356.1684, 203.6433,357.6681, 201.0452,360.6680, 201.0447,362.1684, 203.6425,436.0622, 215.4327,434.5623, 218.0308,431.5624, 218.0309,430.0622, 215.4330,431.5619, 212.8349,434.5618, 212.8344,493.4680, 221.5067,490.4681, 221.5068,488.9679, 218.9089,490.4676, 216.3108,493.4675, 216.3103,494.9679, 218.9081,1149
428453.6366, 306.6023, 198.9900,305.1024, 201.5880,302.1024, 201.5882,300.6023, 198.9902,302.1019, 196.3921,305.1019, 196.3917,364.1788, 206.6598,361.1788, 206.6600,359.6787, 204.0621,361.1783, 201.4639,364.1783, 201.4635,365.6787, 204.0612,439.4638, 215.1188,437.9639, 217.7169,434.9640, 217.7170,433.4638, 215.1191,434.9635, 212.5210,437.9634, 212.5205,496.7580, 221.8824,493.7581, 221.8825,492.2579, 219.2846,493.7576, 216.6865,496.7575, 216.6860,498.2579, 219.2838,1150
428453.6532, 310.1736, 198.9168,308.6737, 201.5148,305.6738, 201.5150,304.1736, 198.9171,305.6733, 196.3189,308.6732, 196.3185,367.7697, 207.0316,364.7697, 207.0318,363.2696, 204.4339,364.7693, 201.8357,367.7692, 201.8353,369.2696, 204.4331,442.8672, 214.9829,441.3673, 217.5809,438.3674, 217.5811,436.8672, 214.9832,438.3669, 212.3850,441.3668, 212.3846,499.8343, 221.2784,496.8344, 221.2786,495.3343, 218.6807,496.8339, 216.0825,499.8338, 216.0821,501.3342, 218.6798,1151
428453.6699, 313.0040, 199.1456,311.5041, 201.7437,308.5042, 201.7438,307.0040, 199.1459,308.5037, 196.5478,311.5036, 196.5473,370.1693, 207.7015,367.1693, 207.7016,365.6692, 205.1038,367.1689, 202.5056,370.1688, 202.5052,371.6692, 205.1029,445.4578, 215.2915,443.9579, 217.8896,440.9579, 217.8897,439.4578, 215.2918,440.9575, 212.6936,443.9574, 212.6932,502.7954, 222.0065,499.7955, 222.0066,498.2953, 219.4088,499.7950, 216.8106,502.7949, 216.8102,504.2953, 219.4079,1152
428453.6866, 315.4410, 199.3367,313.9410, 201.9348,310.9411, 201.9349,309.4410, 199.3370,310.9406, 196.7388,313.9406, 196.7384,372.6884, 208.2092,369.6884, 208.2094,368.1883, 205.6115,369.6879, 203.0133,372.6879, 203.0129,374.1883, 205.6106,448.1478, 215.6214,446.6479, 218.2194,443.6480, 218.2196,442.1478, 215.6217,443.6475, 213.0235,446.6474, 213.0231,505.5884, 222.6388,502.5885, 222.6390,501.0883, 220.0411,502.5880, 217.4429,505.5879, 217.4425,507.0883, 220.0403,1153
428453.7033, 317.9100, 199.7464,316.4101, 202.3444,313.4102, 202.3445,311.9101, 199.7466,313.4097, 197.1485,316.4096, 197.1481,374.8081, 208.6234,371.8082, 208.6236,370.3080, 206.0257,371.8077, 203.4275,374.8076, 203.4271,376.3080, 206.0249,449.9335, 215.8307,448.4336, 218.4287,445.4337, 218.4289,443.9335, 215.8310,445.4332, 213.2328,448.4331, 213.2324,506.9510, 222.5221,503.9511, 222.5222,502.4509, 219.9243,503.9506, 217.3262,506.9505, 217.3257,508.4509, 219.9235,1154
428453.7200, 319.7284, 199.5294,318.2285, 202.1274,315.2285, 202.1275,313.7284, 199.5296,315.2281, 196.9315,318.2280, 196.9311,376.6311, 209.0770,373.6311, 209.0771,372.1310, 206.4792,373.6306, 203.8810,376.6306, 203.8806,378.1310, 206.4784,451.9174, 215.9829,450.4175, 218.5810,447.4176, 218.5811,445.9174, 215.9832,447.4171, 213.3851,450.4171, 213.3846,508.8945, 222.8033,505.8945, 222.8034,504.3944, 220.2055,505.8940, 217.6074,508.8940, 217.6069,510.3944, 220.2047,1155
428453.7367, 321.1146, 199.6945,319.6147, 202.2925,316.6148, 202.2926,315.1146, 199.6947,316.6143, 197.0966,319.6142, 197.0961,378.6438, 209.5448,375.6439, 209.5450,374.1437, 206.9471,375.6434, 204.3489,378.6433, 204.3485,380.1437, 206.9462,453.3345, 215.9733,451.8346, 218.5714,448.8347, 218.5715,447.3345, 215.9736,448.8342, 213.3755,451.8341, 213.3750,510.0712, 223.4188,507.0713, 223.4190,505.5712, 220.8211,507.0708, 218.2229,510.0707, 218.2225,511.5711, 220.8203,1156
428453.7534, 322.5737, 199.7750,321.0738, 202.3730,318.0739, 202.3732,316.5737, 199.7753,318.0734, 197.1771,321.0733, 197.1767,379.7187, 209.6098,376.7187, 209.6100,375.2186, 207.0121,376.7182, 204.4139,379.7182, 204.4135,381.2186, 207.0112,454.5502, 216.2038,453.0503, 218.8018,450.0503, 218.8020,448.5502, 216.2041,450.0498, 213.6059,453.0498, 213.6055,511.9964, 223.9012,508.9964, 223.9013,507.4963, 221.3034,508.9959, 218.7053,511.9959, 218.7048,513.4963, 221.3026,1157
428453.7701, 323.2699, 199.4862,321.7700, 202.0842,318.7700, 202.0843,317.2699, 199.4865,318.7695, 196.8883,321.7695, 196.8879,380.5005, 209.8251,377.5005, 209.8253,376.0004, 207.2274,377.5001, 204.6292,380.5000, 204.6288,382.0004, 207.2265,454.7286, 216.3880,453.2287, 218.9860,450.2288, 218.9861,448.7286, 216.3882,450.2283, 213.7901,453.2282, 213.7897,512.0428, 224.5459,509.0429, 224.5461,507.5428, 221.9482,509.0424, 219.3500,512.0424, 219.3496,513.5428, 221.9474,1158
428453.7867, 323.3362, 199.6201,321.8362, 202.2181,318.8363, 202.2183,317.3362, 199.6204,318.8358, 197.0222,321.8358, 197.0218,381.2703, 209.7988,378.2704, 209.7989,376.7703, 207.2010,378.2699, 204.6029,381.2698, 204.6024,382.7702, 207.2002,455.4111, 216.4512,453.9112, 219.0493,450.9112, 219.0494,449.4111, 216.4515,450.9107, 213.8533,453.9107, 213.8529,512.4404, 224.4071,509.4405, 224.4072,507.9404, 221.8093,509.4400, 219.2111,512.4399, 219.2107,513.9404, 221.8085,1159
428453.8034, 323.4617, 199.5504,321.9618, 202.1484,318.9619, 202.1485,317.4617, 199.5506,318.9614, 196.9525,321.9613, 196.9520,380.7903, 209.7247,377.7903, 209.7249,376.2902, 207.1270,377.7898, 204.5288,380.7898, 204.5284,382.2902, 207.1262,455.0771, 216.2440,453.5771, 218.8420,450.5772, 218.8422,449.0771, 216.2443,450.5767, 213.6461,453.5767, 213.6457,513.1395, 224.5141,510.1396, 224.5142,508.6394, 221.9163,510.1391, 219.3181,513.1390, 219.3177,514.6394, 221.9155,1160
428453.8201, 323.3713, 199.8937,321.8713, 202.4918,318.8714, 202.4919,317.3713, 199.8940,318.8709, 197.2959,321.8708, 197.2954,380.7690, 209.9001,377.7691, 209.9002,376.2690, 207.3023,377.7686, 204.7041,380.7686, 204.7037,382.2690, 207.3015,455.2440, 216.3320,453.7440, 218.9301,450.7441, 218.9302,449.2440, 216.3323,450.7436, 213.7341,453.7435, 213.7337,511.9788, 224.9023,508.9788, 224.9024,507.4787, 222.3045,508.9783, 219.7063,511.9783, 219.7059,513.4786, 222.3037,1161
428453.8368, 322.1675, 200.1216,320.6676, 202.7196,317.6677, 202.7198,316.1675, 200.1219,317.6672, 197.5237,320.6671, 197.5233,379.8853, 209.8049,376.8854, 209.8051,375.3853, 207.2072,376.8849, 204.6090,379.8849, 204.6086,381.3853, 207.2064,454.5376, 216.5547,453.0377, 219.1528,450.0378, 219.1529,448.5376, 216.5550,450.0373, 213.9568,453.0372, 213.9564,512.1801, 224.8901,509.1801, 224.8902,507.6800, 222.2924,509.1797, 219.6942,512.1796, 219.6938,513.6800, 222.2915,1162
428453.8531, 321.4772, 200.5706,319.9773, 203.1686,316.9774, 203.1687,315.4773, 200.5708,316.9769, 197.9727,319.9768, 197.9722,378.7825, 210.2131,375.7826, 210.2132,374.2824, 207.6154,375.7821, 205.0172,378.7820, 205.0168,380.2824, 207.6145,453.8169, 216.7918,452.3170, 219.3898,449.3170, 219.3900,447.8169, 216.7921,449.3165, 214.1939,452.3165, 214.1935,511.2748, 225.0619,508.2748, 225.0621,506.7747, 222.4642,508.2744, 219.8660,511.2743, 219.8656,512.7747, 222.4633,1163
428453.8698, 320.3325, 201.1074,318.8326, 203.7055,315.8326, 203.7056,314.3325, 201.1077,315.8322, 198.5095,318.8321, 198.5091,376.8831, 210.6303,373.8831, 210.6304,372.3830, 208.0325,373.8826, 205.4344,376.8826, 205.4340,378.3830, 208.0317,452.1570, 217.4203,450.6571, 220.0183,447.6571, 220.0185,446.1570, 217.4206,447.6566, 214.8224,450.6566, 214.8220,509.3047, 225.9675,506.3047, 225.9677,504.8046, 223.3698,506.3042, 220.7716,509.3042, 220.7712,510.8046, 223.3690,1164
428453.8865, 318.3706, 202.1023,316.8707, 204.7003,313.8707, 204.7004,312.3706, 202.1025,313.8702, 199.5044,316.8702, 199.5040,375.3021, 211.6666,372.3022, 211.6667,370.8020, 209.0688,372.3017, 206.4706,375.3016, 206.4702,376.8020, 209.0680,450.2078, 218.4152,448.7079, 221.0133,445.7080, 221.0134,444.2078, 218.4155,445.7075, 215.8174,448.7074, 215.8169,507.5258, 226.9945,504.5259, 226.9946,503.0257, 224.3967,504.5254, 221.7985,507.5253, 221.7981,509.0257, 224.3959,1165
428453.9032, 316.3515, 202.7262,314.8516, 205.3242,311.8517, 205.3243,310.3515, 202.7264,311.8512, 200.1283,314.8511, 200.1279,373.7615, 211.7553,370.7616, 211.7554,369.2615, 209.1575,370.7611, 206.5594,373.7610, 206.5590,375.2614, 209.1567,448.6354, 219.2671,447.1354, 221.8652,444.1355, 221.8653,442.6354, 219.2674,444.1350, 216.6692,447.1349, 216.6688,505.8153, 227.6141,502.8153, 227.6142,501.3152, 225.0163,502.8148, 222.4181,505.8148, 222.4177,507.3152, 225.0155,1166
428453.9199, 312.9915, 203.1173,311.4915, 205.7154,308.4916, 205.7155,306.9915, 203.1176,308.4911, 200.5195,311.4911, 200.5190,371.2939, 211.7390,368.2940, 211.7392,366.7938, 209.1413,368.2935, 206.5431,371.2934, 206.5427,372.7938, 209.1405,446.3499, 219.3693,444.8500, 221.9673,441.8501, 221.9674,440.3499, 219.3696,441.8496, 216.7714,444.8495, 216.7710,503.7568, 228.1673,500.7569, 228.1674,499.2568, 225.5695,500.7564, 222.9714,503.7563, 222.9709,505.2567, 225.5687,1167
428453.9365, 310.0130, 203.2398,308.5131, 205.8378,305.5132, 205.8380,304.0130, 203.2401,305.5127, 200.6419,308.5126, 200.6415,368.9773, 211.7489,365.9774, 211.7490,364.4772, 209.1511,365.9769, 206.5529,368.9768, 206.5525,370.4772, 209.1503,442.5939, 219.7586,441.0939, 222.3567,438.0940, 222.3568,436.5939, 219.7589,438.0935, 217.1608,441.0934, 217.1603,501.5605, 227.4495,498.5605, 227.4496,497.0604, 224.8517,498.5600, 222.2536,501.5600, 222.2531,503.0604, 224.8509,1168
428453.9532, 306.5219, 203.4021,305.0220, 206.0001,302.0221, 206.0003,300.5219, 203.4024,302.0216, 200.8042,305.0215, 200.8038,365.8900, 211.1210,362.8900, 211.1211,361.3899, 208.5232,362.8895, 205.9250,365.8895, 205.9246,367.3899, 208.5224,439.5038, 219.6330,438.0038, 222.2310,435.0039, 222.2311,433.5038, 219.6332,435.0034, 217.0351,438.0034, 217.0347,498.8216, 227.5550,495.8217, 227.5551,494.3215, 224.9572,495.8212, 222.3591,498.8211, 222.3587,500.3215, 224.9564,1169
428453.9699, 303.4983, 203.8398,301.9984, 206.4379,298.9985, 206.4380,297.4983, 203.8401,298.9980, 201.2419,301.9979, 201.2415,363.0134, 211.1699,360.0134, 211.1701,358.5133, 208.5722,360.0129, 205.9740,363.0129, 205.9736,364.5133, 208.5714,436.4462, 220.2259,434.9463, 222.8239,431.9464, 222.8240,430.4462, 220.2261,431.9459, 217.6280,434.9458, 217.6275,496.0756, 227.4276,493.0757, 227.4277,491.5755, 224.8298,493.0752, 222.2316,496.0751, 222.2312,497.5755, 224.8290,1170
428453.9866, 300.0557, 203.8958,298.5558, 206.4939,295.5558, 206.4940,294.0557, 203.8961,295.5554, 201.2980,298.5553, 201.2975,360.1249, 210.5427,357.1249, 210.5428,355.6248, 207.9449,357.1245, 205.3468,360.1244, 205.3464,361.6248, 207.9441,433.1762, 220.5050,431.6763, 223.1030,428.6764, 223.1031,427.1762, 220.5053,428.6759, 217.9071,431.6758, 217.9067,492.9834, 226.9276,489.9835, 226.9278,488.4833, 224.3299,489.9830, 221.7317,492.9829, 221.7313,494.4833, 224.3290,1171
428454.0033, 296.3464, 204.3598,294.8464, 206.9578,291.8465, 206.9580,290.3464, 204.3601,291.8460, 201.7619,294.8459, 201.7615,356.3146, 210.6959,353.3147, 210.6960,351.8145, 208.0981,353.3142, 205.5000,356.3141, 205.4995,357.8145, 208.0973,429.8873, 220.6226,428.3874, 223.2207,425.3875, 223.2208,423.8873, 220.6229,425.3870, 218.0247,428.3869, 218.0243,489.8803, 226.9931,486.8804, 226.9933,485.3802, 224.3954,486.8799, 221.7972,489.8799, 221.7968,491.3802, 224.3945,1172
428454.0199, 293.3539, 204.4949,291.8540, 207.0929,288.8541, 207.0931,287.3539, 204.4952,288.8536, 201.8970,291.8535, 201.8966,353.6805, 210.8511,350.6806, 210.8512,349.1805, 208.2533,350.6801, 205.6552,353.6800, 205.6547,355.1804, 208.2525,425.7354, 220.7427,424.2354, 223.3407,421.2355, 223.3409,419.7354, 220.7430,421.2350, 218.1448,424.2350, 218.1444,486.3680, 226.8958,483.3681, 226.8959,481.8680, 224.2980,483.3676, 221.6999,486.3676, 221.6994,487.8680, 224.2972,1173
428454.0366, 290.0649, 204.7701,288.5649, 207.3681,285.5650, 207.3683,284.0649, 204.7704,285.5645, 202.1722,288.5645, 202.1718,350.1388, 210.6341,347.1389, 210.6343,345.6387, 208.0364,347.1384, 205.4382,350.1383, 205.4378,351.6387, 208.0355,422.2534, 220.9202,420.7535, 223.5183,417.7536, 223.5184,416.2534, 220.9205,417.7531, 218.3224,420.7531, 218.3219,483.3786, 226.9701,480.3786, 226.9703,478.8785, 224.3724,480.3781, 221.7742,483.3781, 221.7738,484.8785, 224.3716,1174
428454.0533, 285.8294, 205.1676,284.3295, 207.7656,281.3296, 207.7658,279.8294, 205.1679,281.3291, 202.5697,284.3290, 202.5693,346.3324, 210.4276,343.3325, 210.4278,341.8323, 207.8299,343.3320, 205.2317,346.3319, 205.2313,347.8323, 207.8290,418.2108, 221.2024,416.7109, 223.8004,413.7110, 223.8005,412.2108, 221.2027,413.7105, 218.6045,416.7104, 218.6041,479.9940, 226.8620,476.9940, 226.8621,475.4939, 224.2642,476.9936, 221.6661,479.9935, 221.6656,481.4939, 224.2634,1175
428454.0700, 282.3225, 205.2805,280.8226, 207.8785,277.8227, 207.8786,276.3225, 205.2807,277.8222, 202.6826,280.8221, 202.6821,342.7142, 210.1751,339.7143, 210.1752,338.2141, 207.5774,339.7138, 204.9792,342.7137, 204.9788,344.2141, 207.5765,415.0462, 221.5123,413.5463, 224.1103,410.5464, 224.1105,409.0462, 221.5126,410.5459, 218.9144,413.5458, 218.9140,476.6571, 226.7950,473.6572, 226.7952,472.1570, 224.1973,473.6567, 221.5991,476.6566, 221.5987,478.1570, 224.1964,1176
428454.0867, 278.7738, 205.4658,277.2739, 208.0638,274.2739, 208.0640,272.7738, 205.4661,274.2734, 202.8679,277.2734, 202.8675,339.2802, 209.9945,336.2803, 209.9946,334.7802, 207.3968,336.2798, 204.7986,339.2797, 204.7982,340.7801, 207.3959,411.3632, 221.5508,409.8633, 224.1488,406.8634, 224.1490,405.3633, 221.5511,406.8629, 218.9529,409.8628, 218.9525,473.1934, 226.7331,470.1934, 226.7333,468.6933, 224.1354,470.1929, 221.5372,473.1929, 221.5368,474.6933, 224.1346,1177
428454.1033, 274.8791, 205.6816,273.3792, 208.2796,270.3792, 208.2798,268.8791, 205.6819,270.3788, 203.0837,273.3787, 203.0833,335.7986, 209.5341,332.7986, 209.5343,331.2985, 206.9364,332.7981, 204.3382,335.7981, 204.3378,337.2985, 206.9355,407.4943, 221.8733,405.9944, 224.4713,402.9945, 224.4715,401.4943, 221.8736,402.9940, 219.2754,405.9939, 219.2750,469.8364, 226.5592,466.8364, 226.5593,465.3363, 223.9614,466.8359, 221.3632,469.8359, 221.3628,471.3363, 223.9606,1178
428454.1200, 271.0602, 205.9255,269.5603, 208.5236,266.5604, 208.5237,265.0603, 205.9258,266.5599, 203.3277,269.5598, 203.3272,331.8691, 208.9046,328.8692, 208.9048,327.3690, 206.3069,328.8687, 203.7087,331.8687, 203.7083,333.3690, 206.3060,404.0018, 221.9928,402.5018, 224.5908,399.5019, 224.5909,398.0018, 221.9930,399.5014, 219.3949,402.5013, 219.3944,466.4630, 226.2889,463.4630, 226.2890,461.9629, 223.6911,463.4625, 221.0929,466.4625, 221.0925,467.9629, 223.6903,1179
428454.1367, 267.4836, 206.0979,265.9836, 208.6959,262.9837, 208.6960,261.4836, 206.0982,262.9832, 203.5000,265.9832, 203.4996,328.6910, 208.8148,325.6911, 208.8149,324.1909, 206.2171,325.6906, 203.6189,328.6905, 203.6185,330.1909, 206.2162,400.2531, 222.5381,398.7532, 225.1361,395.7533, 225.1363,394.2531, 222.5384,395.7528, 219.9402,398.7527, 219.9398,462.6989, 226.2625,459.6990, 226.2627,458.1988, 223.6648,459.6985, 221.0666,462.6984, 221.0662,464.1988, 223.6640,1180
428454.1534, 264.1742, 206.5067,262.6742, 209.1047,259.6743, 209.1048,258.1742, 206.5070,259.6738, 203.9088,262.6738, 203.9084,324.8243, 209.0076,321.8243, 209.0077,320.3242, 206.4098,321.8239, 203.8116,324.8238, 203.8112,326.3242, 206.4090,397.2412, 222.7446,395.7413, 225.3427,392.7414, 225.3428,391.2412, 222.7449,392.7409, 220.1468,395.7408, 220.1463,459.0192, 226.6629,456.0193, 226.6630,454.5191, 224.0651,456.0188, 221.4670,459.0187, 221.4666,460.5191, 224.0643,1181
428454.1701, 260.5501, 207.0026,259.0502, 209.6007,256.0503, 209.6008,254.5501, 207.0029,256.0498, 204.4048,259.0497, 204.4043,321.5204, 209.3723,318.5204, 209.3724,317.0203, 206.7745,318.5199, 204.1764,321.5199, 204.1759,323.0203, 206.7737,393.6769, 223.5114,392.1770, 226.1095,389.1771, 226.1096,387.6770, 223.5117,389.1766, 220.9135,392.1765, 220.9131,455.6272, 226.8748,452.6272, 226.8750,451.1271, 224.2771,452.6267, 221.6789,455.6267, 221.6785,457.1271, 224.2762,1182
428454.1867, 256.6779, 207.6011,255.1779, 210.1991,252.1780, 210.1993,250.6779, 207.6014,252.1776, 205.0032,255.1775, 205.0028,318.4035, 209.6604,315.4036, 209.6606,313.9035, 207.0627,315.4031, 204.4645,318.4030, 204.4641,319.9034, 207.0618,390.3496, 224.0011,388.8497, 226.5991,385.8497, 226.5992,384.3496, 224.0014,385.8492, 221.4032,388.8492, 221.4028,451.8033, 226.9076,448.8033, 226.9078,447.3032, 224.3099,448.8029, 221.7117,451.8028, 221.7113,453.3032, 224.3091,1183
428454.2034, 253.4370, 208.0973,251.9370, 210.6953,248.9371, 210.6955,247.4370, 208.0976,248.9366, 205.4994,251.9366, 205.4990,314.6986, 209.3987,311.6987, 209.3988,310.1985, 206.8009,311.6982, 204.2028,314.6981, 204.2023,316.1985, 206.8001,386.9430, 224.5083,385.4431, 227.1064,382.4432, 227.1065,380.9430, 224.5086,382.4427, 221.9105,385.4426, 221.9100,448.4324, 227.2483,445.4324, 227.2484,443.9323, 224.6505,445.4319, 222.0524,448.4319, 222.0519,449.9323, 224.6497,1184
428454.2201, 250.0372, 208.4769,248.5373, 211.0749,245.5374, 211.0751,244.0372, 208.4772,245.5369, 205.8790,248.5368, 205.8786,311.3770, 209.4795,308.3771, 209.4797,306.8769, 206.8818,308.3766, 204.2836,311.3765, 204.2832,312.8769, 206.8810,383.5095, 225.0339,382.0096, 227.6319,379.0096, 227.6321,377.5095, 225.0342,379.0091, 222.4360,382.0091, 222.4356,445.0431, 227.6317,442.0432, 227.6318,440.5430, 225.0339,442.0427, 222.4358,445.0426, 222.4353,446.5430, 225.0331,1185
428454.2367, 247.0686, 208.7879,245.5687, 211.3860,242.5688, 211.3861,241.0686, 208.7882,242.5683, 206.1900,245.5683, 206.1896,307.9176, 209.1927,304.9177, 209.1929,303.4175, 206.5950,304.9172, 203.9968,307.9171, 203.9964,309.4175, 206.5942,380.6712, 225.1617,379.1713, 227.7598,376.1714, 227.7599,374.6712, 225.1620,376.1709, 222.5638,379.1708, 222.5634,441.8171, 227.2318,438.8172, 227.2320,437.3170, 224.6341,438.8167, 222.0359,441.8166, 222.0355,443.3170, 224.6333,1186
428454.2534, 243.5138, 208.9109,242.0139, 211.5090,239.0139, 211.5091,237.5138, 208.9112,239.0135, 206.3130,242.0134, 206.3126,305.0928, 209.4733,302.0929, 209.4735,300.5928, 206.8756,302.0924, 204.2774,305.0923, 204.2770,306.5927, 206.8748,377.6464, 225.6178,376.1465, 228.2159,373.1465, 228.2160,371.6464, 225.6181,373.1461, 223.0199,376.1460, 223.0195,438.2832, 227.1405,435.2832, 227.1406,433.7831, 224.5428,435.2827, 221.9446,438.2827, 221.9442,439.7831, 224.5419,1187
428454.2700, 240.7975, 209.0915,239.2976, 211.6895,236.2977, 211.6896,234.7975, 209.0917,236.2972, 206.4936,239.2971, 206.4931,302.3732, 209.2727,299.3733, 209.2729,297.8731, 206.6750,299.3728, 204.0768,302.3727, 204.0764,303.8731, 206.6741,374.8731, 225.7835,373.3732, 228.3816,370.3733, 228.3817,368.8731, 225.7838,370.3728, 223.1857,373.3727, 223.1852,435.8260, 227.0501,432.8261, 227.0502,431.3260, 224.4523,432.8257, 221.8542,435.8256, 221.8537,437.3260, 224.4515,1188
428454.2867, 238.0126, 209.2263,236.5126, 211.8244,233.5127, 211.8245,232.0126, 209.2266,233.5122, 206.6284,236.5122, 206.6280,300.0383, 209.3644,297.0384, 209.3646,295.5382, 206.7667,297.0379, 204.1685,300.0378, 204.1681,301.5382, 206.7659,372.0367, 225.9735,370.5368, 228.5715,367.5369, 228.5716,366.0367, 225.9738,367.5364, 223.3756,370.5363, 223.3752,432.9148, 226.7418,429.9149, 226.7419,428.4147, 224.1440,429.9144, 221.5459,432.9143, 221.5454,434.4147, 224.1432,1189
428454.3034, 235.5009, 209.5124,234.0009, 212.1104,231.0010, 212.1106,229.5009, 209.5127,231.0005, 206.9145,234.0005, 206.9141,297.5093, 209.2027,294.5094, 209.2028,293.0092, 206.6049,294.5089, 204.0068,297.5088, 204.0064,299.0092, 206.6041,370.2699, 225.8586,368.7700, 228.4566,365.7701, 228.4568,364.2699, 225.8589,365.7696, 223.2607,368.7695, 223.2603,430.7515, 226.8200,427.7515, 226.8201,426.2514, 224.2222,427.7510, 221.6240,430.7510, 221.6236,432.2514, 224.2214,1190
428454.3201, 233.1802, 209.6917,231.6803, 212.2897,228.6804, 212.2899,227.1802, 209.6920,228.6799, 207.0938,231.6798, 207.0934,295.2562, 209.3819,292.2562, 209.3820,290.7561, 206.7841,292.2557, 204.1860,295.2557, 204.1855,296.7561, 206.7833,367.6083, 226.2455,366.1084, 228.8435,363.1085, 228.8436,361.6083, 226.2457,363.1080, 223.6476,366.1079, 223.6472,428.6192, 227.0546,425.6193, 227.0547,424.1191, 224.4568,425.6188, 221.8586,428.6187, 221.8582,430.1191, 224.4560,1191
428454.3367, 231.2471, 209.9276,229.7472, 212.5256,226.7473, 212.5257,225.2471, 209.9278,226.7468, 207.3297,229.7467, 207.3292,293.0285, 209.6232,290.0286, 209.6234,288.5284, 207.0255,290.0281, 204.4273,293.0280, 204.4269,294.5284, 207.0246,365.8754, 226.4092,364.3755, 229.0072,361.3756, 229.0073,359.8755, 226.4095,361.3751, 223.8113,364.3750, 223.8109,426.2935, 226.9785,423.2935, 226.9786,421.7934, 224.3807,423.2931, 221.7826,426.2930, 221.7822,427.7934, 224.3799,1192
428454.3534, 229.1043, 210.3674,227.6044, 212.9654,224.6045, 212.9655,223.1043, 210.3676,224.6040, 207.7695,227.6039, 207.7690,290.9354, 209.6304,287.9355, 209.6305,286.4353, 207.0326,287.9350, 204.4344,290.9349, 204.4340,292.4353, 207.0318,363.4948, 226.7392,361.9948, 229.3372,358.9949, 229.3374,357.4948, 226.7395,358.9944, 224.1413,361.9943, 224.1409,424.6211, 227.1197,421.6212, 227.1198,420.1210, 224.5219,421.6207, 221.9238,424.6206, 221.9233,426.1210, 224.5211,1193
428454.3701, 227.4961, 210.5452,225.9962, 213.1432,222.9963, 213.1434,221.4961, 210.5455,222.9958, 207.9473,225.9957, 207.9469,289.6111, 209.6359,286.6112, 209.6360,285.1110, 207.0381,286.6107, 204.4400,289.6106, 204.4396,291.1110, 207.0373,361.7927, 227.0297,360.2928, 229.6277,357.2929, 229.6278,355.7927, 227.0300,357.2924, 224.4318,360.2923, 224.4314,423.1614, 227.5537,420.1614, 227.5539,418.6613, 224.9560,420.1609, 222.3578,423.1609, 222.3574,424.6613, 224.9552,1194
428454.3868, 225.8161, 210.7801,224.3162, 213.3781,221.3162, 213.3782,219.8161, 210.7803,221.3158, 208.1822,224.3157, 208.1817,287.7893, 209.6490,284.7894, 209.6492,283.2892, 207.0513,284.7889, 204.4531,287.7888, 204.4527,289.2892, 207.0505,360.6310, 227.1082,359.1311, 229.7062,356.1312, 229.7063,354.6310, 227.1084,356.1307, 224.5103,359.1306, 224.5099,421.7218, 227.7179,418.7219, 227.7181,417.2217, 225.1202,418.7214, 222.5220,421.7213, 222.5216,423.2217, 225.1193,1195
428454.4034, 224.1438, 210.8790,222.6439, 213.4771,219.6440, 213.4772,218.1438, 210.8793,219.6435, 208.2811,222.6434, 208.2807,286.5538, 209.7916,283.5539, 209.7918,282.0537, 207.1939,283.5534, 204.5957,286.5533, 204.5953,288.0537, 207.1930,359.1862, 227.4557,357.6862, 230.0538,354.6863, 230.0539,353.1862, 227.4560,354.6858, 224.8579,357.6858, 224.8575,420.1157, 227.9632,417.1158, 227.9633,415.6156, 225.3654,417.1153, 222.7673,420.1152, 222.7668,421.6156, 225.3646,1196
428454.4201, 222.9757, 211.1166,221.4757, 213.7147,218.4758, 213.7148,216.9757, 211.1169,218.4753, 208.5187,221.4753, 208.5183,285.2512, 209.9393,282.2513, 209.9394,280.7511, 207.3415,282.2508, 204.7434,285.2507, 204.7430,286.7511, 207.3407,357.6140, 227.6279,356.1140, 230.2260,353.1141, 230.2261,351.6140, 227.6282,353.1136, 225.0300,356.1136, 225.0296,418.9838, 228.0123,415.9839, 228.0124,414.4838, 225.4146,415.9834, 222.8164,418.9833, 222.8160,420.4837, 225.4137,1197
428454.4368, 222.0993, 210.8043,220.5993, 213.4023,217.5994, 213.4024,216.0993, 210.8046,217.5990, 208.2064,220.5989, 208.2060,284.1469, 209.6515,281.1469, 209.6516,279.6468, 207.0537,281.1465, 204.4556,284.1464, 204.4551,285.6468, 207.0529,356.8603, 227.4383,355.3604, 230.0363,352.3604, 230.0365,350.8603, 227.4386,352.3600, 224.8404,355.3599, 224.8400,417.8370, 227.9525,414.8370, 227.9526,413.3369, 225.3547,414.8365, 222.7566,417.8365, 222.7561,419.3369, 225.3539,1198
428454.4535, 221.2536, 210.9227,219.7537, 213.5207,216.7538, 213.5208,215.2536, 210.9229,216.7533, 208.3248,219.7532, 208.3244,283.3797, 209.7861,280.3798, 209.7863,278.8796, 207.1884,280.3793, 204.5902,283.3792, 204.5898,284.8796, 207.1875,356.2876, 227.4724,354.7877, 230.0704,351.7877, 230.0706,350.2876, 227.4727,351.7872, 224.8745,354.7872, 224.8741,416.8511, 227.9860,413.8512, 227.9862,412.3511, 225.3883,413.8507, 222.7901,416.8506, 222.7897,418.3510, 225.3875,1199
428454.4701, 220.2727, 211.0138,218.7728, 213.6119,215.7728, 213.6120,214.2727, 211.0141,215.7724, 208.4160,218.7723, 208.4155,282.5715, 209.6850,279.5716, 209.6851,278.0714, 207.0872,279.5711, 204.4891,282.5710, 204.4886,284.0714, 207.0864,355.5092, 227.3940,354.0092, 229.9920,351.0093, 229.9921,349.5092, 227.3943,351.0088, 224.7961,354.0088, 224.7957,416.5470, 227.6758,413.5471, 227.6760,412.0469, 225.0781,413.5466, 222.4799,416.5465, 222.4795,418.0469, 225.0773,1200
428454.4868, 219.7512, 211.1327,218.2512, 213.7307,215.2513, 213.7309,213.7512, 211.1330,215.2508, 208.5348,218.2507, 208.5344,281.8610, 209.9222,278.8610, 209.9223,277.3609, 207.3244,278.8605, 204.7263,281.8605, 204.7259,283.3609, 207.3236,354.7145, 227.5076,353.2146, 230.1057,350.2147, 230.1058,348.7145, 227.5079,350.2142, 224.9097,353.2141, 224.9093,415.9598, 227.3828,412.9599, 227.3829,411.4597, 224.7850,412.9594, 222.1868,415.9594, 222.1864,417.4597, 224.7842,1201
428454.5035, 219.1780, 211.2124,217.6781, 213.8104,214.6781, 213.8105,213.1780, 211.2126,214.6776, 208.6145,217.6776, 208.6140,281.4281, 209.8911,278.4282, 209.8913,276.9280, 207.2934,278.4277, 204.6952,281.4276, 204.6948,282.9280, 207.2926,354.1970, 227.7680,352.6971, 230.3661,349.6971, 230.3662,348.1970, 227.7683,349.6967, 225.1702,352.6966, 225.1697,415.3448, 227.9383,412.3448, 227.9384,410.8447, 225.3405,412.3443, 222.7424,415.3443, 222.7420,416.8447, 225.3397,1202
428454.5201, 218.7773, 211.4710,217.2773, 214.0690,214.2774, 214.0691,212.7773, 211.4713,214.2769, 208.8731,217.2769, 208.8727,281.2319, 210.3914,278.2320, 210.3915,276.7318, 207.7936,278.2315, 205.1955,281.2314, 205.1950,282.7318, 207.7928,353.9394, 227.8266,352.4395, 230.4246,349.4395, 230.4248,347.9394, 227.8269,349.4390, 225.2287,352.4390, 225.2283,414.9098, 228.1182,411.9099, 228.1183,410.4097, 225.5205,411.9094, 222.9223,414.9093, 222.9219,416.4097, 225.5196,1203
428454.5368, 218.1860, 211.7557,216.6861, 214.3537,213.6862, 214.3539,212.1860, 211.7560,213.6857, 209.1578,216.6856, 209.1574,280.4941, 210.3012,277.4942, 210.3014,275.9940, 207.7035,277.4937, 205.1053,280.4936, 205.1049,281.9940, 207.7026,353.8712, 228.1613,352.3712, 230.7593,349.3713, 230.7595,347.8712, 228.1616,349.3708, 225.5634,352.3707, 225.5630,414.7006, 228.3788,411.7007, 228.3790,410.2005, 225.7811,411.7002, 223.1829,414.7001, 223.1825,416.2005, 225.7802,1204
428454.5535, 218.3160, 211.8763,216.8161, 214.4743,213.8161, 214.4745,212.3160, 211.8766,213.8157, 209.2784,216.8156, 209.2780,280.5192, 211.1306,277.5193, 211.1307,276.0192, 208.5328,277.5188, 205.9347,280.5187, 205.9342,282.0191, 208.5320,353.1403, 228.2529,351.6404, 230.8510,348.6404, 230.8511,347.1403, 228.2532,348.6400, 225.6550,351.6399, 225.6546,414.2829, 228.3622,411.2830, 228.3623,409.7828, 225.7644,411.2825, 223.1663,414.2824, 223.1658,415.7828, 225.7636,1205
428454.5702, 218.1215, 212.0430,216.6216, 214.6410,213.6217, 214.6412,212.1215, 212.0433,213.6212, 209.4451,216.6211, 209.4447,280.3470, 211.1331,277.3471, 211.1333,275.8469, 208.5354,277.3466, 205.9372,280.3465, 205.9368,281.8469, 208.5346,353.1454, 228.1895,351.6455, 230.7875,348.6456, 230.7877,347.1454, 228.1898,348.6451, 225.5916,351.6450, 225.5912,414.2660, 228.5772,411.2661, 228.5773,409.7659, 225.9794,411.2656, 223.3813,414.2655, 223.3808,415.7659, 225.9786,1206
428454.5868, 217.9282, 211.9287,216.4283, 214.5267,213.4284, 214.5268,211.9282, 211.9290,213.4279, 209.3308,216.4278, 209.3304,280.0422, 211.1954,277.0423, 211.1955,275.5421, 208.5976,277.0418, 205.9994,280.0417, 205.9990,281.5421, 208.5968,352.8972, 228.2893,351.3973, 230.8873,348.3974, 230.8874,346.8972, 228.2895,348.3969, 225.6914,351.3968, 225.6909,414.5000, 228.3723,411.5001, 228.3724,409.9999, 225.7745,411.4996, 223.1764,414.4995, 223.1759,415.9999, 225.7737,1207
428454.6035, 217.9167, 211.9199,216.4167, 214.5179,213.4168, 214.5181,211.9167, 211.9202,213.4163, 209.3220,216.4163, 209.3216,279.9100, 211.1163,276.9101, 211.1164,275.4099, 208.5186,276.9096, 205.9204,279.9095, 205.9200,281.4099, 208.5177,352.8139, 228.0923,351.3140, 230.6904,348.3141, 230.6905,346.8139, 228.0926,348.3136, 225.4944,351.3135, 225.4940,414.3787, 228.4775,411.3787, 228.4777,409.8786, 225.8798,411.3782, 223.2816,414.3782, 223.2812,415.8786, 225.8790,1208
428454.6202, 218.1916, 211.5819,216.6917, 214.1800,213.6918, 214.1801,212.1916, 211.5822,213.6913, 208.9840,216.6912, 208.9836,280.1902, 210.9376,277.1902, 210.9377,275.6901, 208.3398,277.1898, 205.7417,280.1897, 205.7413,281.6901, 208.3390,353.4290, 227.8441,351.9290, 230.4421,348.9291, 230.4423,347.4290, 227.8444,348.9286, 225.2462,351.9286, 225.2458,414.6295, 227.9675,411.6296, 227.9677,410.1295, 225.3698,411.6291, 222.7716,414.6290, 222.7712,416.1294, 225.3690,1209
428454.6368, 218.5202, 211.5191,217.0203, 214.1171,214.0204, 214.1172,212.5202, 211.5193,214.0199, 208.9212,217.0198, 208.9207,280.3405, 211.1731,277.3406, 211.1733,275.8405, 208.5754,277.3401, 205.9772,280.3401, 205.9768,281.8405, 208.5746,352.9518, 227.9724,351.4519, 230.5704,348.4520, 230.5706,346.9518, 227.9727,348.4515, 225.3745,351.4514, 225.3741,414.5701, 228.2360,411.5702, 228.2361,410.0700, 225.6382,411.5697, 223.0401,414.5696, 223.0397,416.0700, 225.6374,1210
428454.6535, 218.3006, 211.6267,216.8007, 214.2248,213.8008, 214.2249,212.3006, 211.6270,213.8003, 209.0289,216.8002, 209.0284,280.4629, 211.1940,277.4630, 211.1941,275.9628, 208.5962,277.4625, 205.9981,280.4624, 205.9977,281.9628, 208.5954,353.5385, 227.8169,352.0386, 230.4150,349.0387, 230.4151,347.5385, 227.8172,349.0382, 225.2190,352.0381, 225.2186,414.9035, 228.4260,411.9036, 228.4262,410.4034, 225.8283,411.9031, 223.2301,414.9030, 223.2297,416.4034, 225.8275,1211
428454.6702, 218.9401, 211.4734,217.4402, 214.0714,214.4402, 214.0715,212.9401, 211.4736,214.4398, 208.8755,217.4397, 208.8751,280.8924, 211.1931,277.8925, 211.1932,276.3923, 208.5954,277.8920, 205.9972,280.8919, 205.9968,282.3923, 208.5945,353.8622, 227.8841,352.3623, 230.4821,349.3624, 230.4822,347.8622, 227.8843,349.3619, 225.2862,352.3618, 225.2858,415.1787, 228.1295,412.1787, 228.1297,410.6786, 225.5318,412.1783, 222.9336,415.1782, 222.9332,416.6786, 225.5310,1212
428454.6868, 219.1479, 211.6100,217.6480, 214.2081,214.6481, 214.2082,213.1479, 211.6103,214.6476, 209.0121,217.6475, 209.0117,280.9539, 211.4874,277.9539, 211.4875,276.4538, 208.8896,277.9534, 206.2914,280.9534, 206.2910,282.4538, 208.8888,353.8858, 227.7626,352.3859, 230.3606,349.3860, 230.3607,347.8858, 227.7629,349.3855, 225.1647,352.3854, 225.1643,415.6305, 228.5205,412.6305, 228.5207,411.1304, 225.9228,412.6300, 223.3246,415.6300, 223.3242,417.1304, 225.9219,1213
428454.7035, 219.3797, 211.8573,217.8798, 214.4554,214.8799, 214.4555,213.3797, 211.8576,214.8794, 209.2594,217.8793, 209.2590,281.2253, 211.5720,278.2254, 211.5722,276.7253, 208.9743,278.2249, 206.3761,281.2249, 206.3757,282.7253, 208.9735,354.3416, 227.9422,352.8417, 230.5403,349.8417, 230.5404,348.3416, 227.9425,349.8412, 225.3443,352.8412, 225.3439,416.3874, 228.5644,413.3874, 228.5646,411.8873, 225.9667,413.3869, 223.3685,416.3869, 223.3681,417.8873, 225.9658,1214
428454.7202, 220.0182, 211.5913,218.5182, 214.1894,215.5183, 214.1895,214.0182, 211.5916,215.5178, 208.9935,218.5178, 208.9930,281.5939, 211.4780,278.5940, 211.4782,277.0939, 208.8803,278.5935, 206.2821,281.5934, 206.2817,283.0938, 208.8795,354.6744, 227.8931,353.1745, 230.4911,350.1745, 230.4913,348.6744, 227.8934,350.1740, 225.2952,353.1740, 225.2948,416.5944, 228.6533,413.5945, 228.6535,412.0943, 226.0556,413.5940, 223.4574,416.5939, 223.4570,418.0943, 226.0547,1215
428454.7368, 220.4691, 211.5766,218.9692, 214.1746,215.9693, 214.1748,214.4691, 211.5769,215.9688, 208.9787,218.9687, 208.9783,281.9785, 211.5360,278.9785, 211.5361,277.4784, 208.9382,278.9780, 206.3401,281.9780, 206.3397,283.4784, 208.9374,355.1401, 227.8722,353.6401, 230.4702,350.6402, 230.4704,349.1401, 227.8725,350.6397, 225.2743,353.6396, 225.2739,417.2398, 228.4317,414.2399, 228.4318,412.7398, 225.8339,414.2394, 223.2358,417.2393, 223.2354,418.7397, 225.8331,1216
428454.7535, 221.1863, 211.4275,219.6864, 214.0255,216.6864, 214.0257,215.1863, 211.4278,216.6859, 208.8296,219.6859, 208.8292,282.6311, 211.6519,279.6311, 211.6521,278.1310, 209.0542,279.6306, 206.4560,282.6306, 206.4556,284.1310, 209.0534,355.9569, 227.5539,354.4570, 230.1520,351.4571, 230.1521,349.9569, 227.5542,351.4566, 224.9560,354.4565, 224.9556,417.7000, 228.3654,414.7000, 228.3655,413.1999, 225.7676,414.6996, 223.1694,417.6995, 223.1690,419.1999, 225.7668,1217
428454.7702, 221.8544, 211.3183,220.3545, 213.9163,217.3546, 213.9164,215.8544, 211.3185,217.3541, 208.7204,220.3540, 208.7200,283.4718, 211.6844,280.4719, 211.6845,278.9717, 209.0866,280.4714, 206.4885,283.4713, 206.4881,284.9717, 209.0858,356.1069, 227.5497,354.6070, 230.1478,351.6071, 230.1479,350.1069, 227.5500,351.6066, 224.9519,354.6065, 224.9514,418.2468, 228.5973,415.2469, 228.5975,413.7467, 225.9996,415.2464, 223.4014,418.2463, 223.4010,419.7467, 225.9987,1218
428454.7868, 222.4439, 211.1354,220.9440, 213.7334,217.9441, 213.7335,216.4439, 211.1357,217.9436, 208.5375,220.9435, 208.5371,283.9662, 211.3665,280.9663, 211.3666,279.4662, 208.7687,280.9659, 206.1705,283.9658, 206.1701,285.4662, 208.7679,356.8455, 227.4285,355.3456, 230.0265,352.3456, 230.0267,350.8455, 227.4288,352.3452, 224.8306,355.3451, 224.8302,418.9412, 228.4831,415.9413, 228.4833,414.4411, 225.8854,415.9408, 223.2872,418.9407, 223.2868,420.4411, 225.8846,1219
428454.8035, 223.0692, 210.8350,221.5693, 213.4330,218.5694, 213.4331,217.0692, 210.8352,218.5689, 208.2371,221.5688, 208.2366,284.9480, 211.3036,281.9481, 211.3037,280.4479, 208.7058,281.9476, 206.1077,284.9475, 206.1072,286.4479, 208.7050,357.7730, 227.1396,356.2731, 229.7376,353.2731, 229.7377,351.7730, 227.1398,353.2726, 224.5417,356.2726, 224.5412,419.5215, 228.4182,416.5216, 228.4184,415.0215, 225.8205,416.5211, 223.2223,419.5210, 223.2219,421.0214, 225.8197,1220
428454.8202, 223.8377, 210.5770,222.3378, 213.1751,219.3378, 213.1752,217.8377, 210.5773,219.3373, 207.9791,222.3373, 207.9787,285.7915, 211.3963,282.7916, 211.3965,281.2914, 208.7986,282.7911, 206.2004,285.7910, 206.2000,287.2914, 208.7977,358.6891, 227.0280,357.1892, 229.6260,354.1893, 229.6261,352.6891, 227.0282,354.1888, 224.4301,357.1887, 224.4297,420.3527, 228.5314,417.3528, 228.5316,415.8526, 225.9337,417.3523, 223.3355,420.3522, 223.3351,421.8526, 225.9329,1221
428454.8368, 225.1396, 210.5573,223.6397, 213.1553,220.6398, 213.1555,219.1396, 210.5576,220.6393, 207.9594,223.6392, 207.9590,286.8267, 211.3699,283.8268, 211.3700,282.3266, 208.7721,283.8263, 206.1739,286.8262, 206.1735,288.3266, 208.7713,359.4365, 226.8386,357.9366, 229.4366,354.9367, 229.4368,353.4366, 226.8389,354.9362, 224.2407,357.9361, 224.2403,421.1769, 228.6672,418.1770, 228.6673,416.6768, 226.0694,418.1765, 223.4712,421.1764, 223.4708,422.6768, 226.0686,1222
428454.8535, 225.4887, 210.6112,223.9887, 213.2092,220.9888, 213.2094,219.4887, 210.6115,220.9883, 208.0133,223.9883, 208.0129,287.3219, 211.6905,284.3220, 211.6906,282.8219, 209.0927,284.3215, 206.4946,287.3214, 206.4942,288.8218, 209.0919,360.4966, 226.7994,358.9967, 229.3974,355.9968, 229.3976,354.4967, 226.7997,355.9963, 224.2015,358.9962, 224.2011,422.1123, 228.7230,419.1124, 228.7232,417.6123, 226.1253,419.1119, 223.5271,422.1118, 223.5267,423.6122, 226.1245,1223
428454.8702, 226.7305, 210.8283,225.2306, 213.4264,222.2307, 213.4265,220.7305, 210.8286,222.2302, 208.2304,225.2301, 208.2300,287.8106, 211.5957,284.8107, 211.5958,283.3105, 208.9979,284.8102, 206.3997,287.8102, 206.3993,289.3105, 208.9971,360.7395, 226.9941,359.2396, 229.5921,356.2397, 229.5923,354.7395, 226.9944,356.2392, 224.3962,359.2391, 224.3958,422.6826, 228.9575,419.6827, 228.9577,418.1825, 226.3598,419.6822, 223.7616,422.6821, 223.7612,424.1825, 226.3589,1224
428454.8868, 227.4384, 210.8203,225.9385, 213.4184,222.9386, 213.4185,221.4384, 210.8206,222.9381, 208.2224,225.9380, 208.2220,288.9053, 211.9624,285.9053, 211.9625,284.4052, 209.3646,285.9048, 206.7665,288.9048, 206.7660,290.4052, 209.3638,361.5232, 227.0069,360.0233, 229.6049,357.0234, 229.6050,355.5232, 227.0071,357.0229, 224.4090,360.0228, 224.4086,423.5135, 228.8094,420.5135, 228.8095,419.0134, 226.2116,420.5131, 223.6135,423.5130, 223.6131,425.0134, 226.2108,1225
428454.9035, 228.1689, 210.6348,226.6690, 213.2328,223.6691, 213.2330,222.1690, 210.6351,223.6686, 208.0369,226.6685, 208.0365,289.5476, 211.7160,286.5476, 211.7162,285.0475, 209.1183,286.5471, 206.5201,289.5471, 206.5197,291.0475, 209.1174,362.6412, 226.8798,361.1413, 229.4778,358.1414, 229.4780,356.6412, 226.8801,358.1409, 224.2819,361.1408, 224.2815,423.8374, 228.9767,420.8374, 228.9768,419.3373, 226.3789,420.8369, 223.7808,423.8369, 223.7803,425.3373, 226.3781,1226
428454.9202, 228.9771, 210.4627,227.4772, 213.0607,224.4773, 213.0608,222.9771, 210.4629,224.4768, 207.8648,227.4767, 207.8643,290.4132, 211.3179,287.4133, 211.3181,285.9131, 208.7202,287.4128, 206.1220,290.4128, 206.1216,291.9131, 208.7194,363.3838, 226.7032,361.8839, 229.3012,358.8839, 229.3014,357.3838, 226.7035,358.8834, 224.1053,361.8834, 224.1049,425.0503, 229.2014,422.0503, 229.2016,420.5502, 226.6037,422.0498, 224.0055,425.0498, 224.0051,426.5502, 226.6028,1227
428454.9368, 229.4811, 210.3759,227.9812, 212.9739,224.9813, 212.9741,223.4811, 210.3762,224.9808, 207.7780,227.9807, 207.7776,291.2882, 211.2901,288.2882, 211.2902,286.7881, 208.6924,288.2878, 206.0942,291.2877, 206.0938,292.7881, 208.6915,364.3268, 226.5266,362.8269, 229.1247,359.8270, 229.1248,358.3269, 226.5269,359.8265, 223.9287,362.8264, 223.9283,425.9301, 228.8013,422.9301, 228.8014,421.4300, 226.2035,422.9296, 223.6053,425.9296, 223.6049,427.4300, 226.2027,1228
428454.9535, 230.5383, 210.2937,229.0384, 212.8917,226.0385, 212.8919,224.5383, 210.2940,226.0380, 207.6958,229.0379, 207.6954,292.2156, 211.3368,289.2156, 211.3370,287.7155, 208.7391,289.2151, 206.1409,292.2151, 206.1405,293.7155, 208.7383,365.1483, 226.4580,363.6483, 229.0561,360.6484, 229.0562,359.1483, 226.4583,360.6479, 223.8602,363.6479, 223.8597,426.7456, 229.1212,423.7457, 229.1213,422.2456, 226.5234,423.7452, 223.9253,426.7451, 223.9248,428.2455, 226.5226,1229
428454.9702, 231.7235, 210.1046,230.2235, 212.7026,227.2236, 212.7027,225.7235, 210.1048,227.2231, 207.5067,230.2231, 207.5062,293.2289, 211.3250,290.2289, 211.3251,288.7288, 208.7273,290.2285, 206.1291,293.2284, 206.1287,294.7288, 208.7264,366.2463, 226.3496,364.7464, 228.9477,361.7465, 228.9478,360.2463, 226.3499,361.7460, 223.7517,364.7459, 223.7513,427.5821, 229.0889,424.5822, 229.0891,423.0820, 226.4912,424.5817, 223.8930,427.5816, 223.8926,429.0820, 226.4904,1230
428454.9868, 232.7148, 210.2006,231.2148, 212.7986,228.2149, 212.7987,226.7148, 210.2008,228.2144, 207.6027,231.2144, 207.6022,294.0207, 211.7991,291.0208, 211.7992,289.5207, 209.2013,291.0203, 206.6032,294.0202, 206.6027,295.5206, 209.2005,366.8315, 226.4654,365.3316, 229.0634,362.3316, 229.0635,360.8315, 226.4656,362.3311, 223.8675,365.3311, 223.8671,428.2345, 229.0448,425.2345, 229.0449,423.7344, 226.4470,425.2340, 223.8488,428.2340, 223.8484,429.7344, 226.4462,1231
428455.0035, 233.3761, 210.5460,231.8762, 213.1440,228.8763, 213.1442,227.3761, 210.5463,228.8758, 207.9481,231.8757, 207.9477,294.7286, 211.8345,291.7287, 211.8347,290.2285, 209.2368,291.7282, 206.6386,294.7281, 206.6382,296.2285, 209.2359,367.8793, 226.5492,366.3794, 229.1473,363.3795, 229.1474,361.8794, 226.5495,363.3790, 223.9513,366.3789, 223.9509,428.8812, 229.4487,425.8812, 229.4488,424.3811, 226.8509,425.8807, 224.2527,428.8807, 224.2523,430.3811, 226.8501,1232
428455.0208, 234.1551, 210.4765,232.6552, 213.0745,229.6553, 213.0746,228.1551, 210.4767,229.6548, 207.8786,232.6547, 207.8782,295.5593, 212.1097,292.5593, 212.1098,291.0592, 209.5119,292.5588, 206.9138,295.5588, 206.9133,297.0592, 209.5111,368.5627, 226.7205,367.0628, 229.3186,364.0629, 229.3187,362.5627, 226.7208,364.0624, 224.1226,367.0623, 224.1222,429.5504, 229.7028,426.5505, 229.7029,425.0503, 227.1050,426.5500, 224.5069,429.5499, 224.5064,431.0503, 227.1042,1233
428455.0374, 235.1876, 210.5649,233.6876, 213.1629,230.6877, 213.1631,229.1876, 210.5652,230.6872, 207.9670,233.6871, 207.9666,296.4388, 212.1235,293.4389, 212.1237,291.9388, 209.5258,293.4384, 206.9276,296.4384, 206.9272,297.9388, 209.5250,369.1743, 227.0771,367.6744, 229.6751,364.6745, 229.6753,363.1743, 227.0774,364.6740, 224.4792,367.6739, 224.4788,430.4244, 230.1270,427.4245, 230.1272,425.9243, 227.5293,427.4240, 224.9311,430.4240, 224.9307,431.9243, 227.5285,1234
428455.0541, 235.9939, 210.8697,234.4940, 213.4677,231.4941, 213.4678,229.9939, 210.8699,231.4936, 208.2718,234.4935, 208.2714,297.4883, 212.3202,294.4884, 212.3203,292.9882, 209.7224,294.4879, 207.1243,297.4878, 207.1238,298.9882, 209.7216,369.8732, 227.1385,368.3733, 229.7366,365.3734, 229.7367,363.8732, 227.1388,365.3729, 224.5406,368.3728, 224.5402,431.2455, 230.1679,428.2456, 230.1680,426.7454, 227.5701,428.2451, 224.9720,431.2450, 224.9715,432.7454, 227.5693,1235
428455.0708, 236.5490, 210.7625,235.0491, 213.3605,232.0492, 213.3606,230.5490, 210.7627,232.0487, 208.1646,235.0486, 208.1642,297.9073, 212.5332,294.9074, 212.5333,293.4073, 209.9355,294.9069, 207.3373,297.9068, 207.3369,299.4072, 209.9346,370.6495, 227.0170,369.1496, 229.6150,366.1497, 229.6152,364.6495, 227.0173,366.1492, 224.4191,369.1491, 224.4187,432.2017, 230.3059,429.2017, 230.3061,427.7016, 227.7082,429.2012, 225.1100,432.2012, 225.1096,433.7016, 227.7073,1236
428455.0875, 237.5313, 210.5634,236.0313, 213.1614,233.0314, 213.1615,231.5313, 210.5636,233.0309, 207.9655,236.0309, 207.9650,299.1056, 212.2507,296.1057, 212.2508,294.6055, 209.6530,296.1052, 207.0548,299.1051, 207.0544,300.6055, 209.6521,371.3595, 227.0248,369.8596, 229.6229,366.8597, 229.6230,365.3595, 227.0251,366.8592, 224.4269,369.8591, 224.4265,432.4972, 230.1076,429.4973, 230.1077,427.9971, 227.5098,429.4968, 224.9117,432.4967, 224.9112,433.9971, 227.5090,1237
428455.1041, 238.3601, 210.5249,236.8601, 213.1229,233.8602, 213.1231,232.3601, 210.5252,233.8597, 207.9270,236.8597, 207.9266,299.7627, 212.3286,296.7627, 212.3288,295.2626, 209.7309,296.7622, 207.1327,299.7622, 207.1323,301.2626, 209.7300,372.1880, 226.7440,370.6881, 229.3421,367.6882, 229.3422,366.1881, 226.7443,367.6877, 224.1461,370.6877, 224.1457,433.5781, 229.8900,430.5782, 229.8902,429.0781, 227.2923,430.5777, 224.6941,433.5776, 224.6937,435.0780, 227.2914,1238
428455.1208, 238.7973, 210.3980,237.2973, 212.9960,234.2974, 212.9962,232.7973, 210.3983,234.2970, 207.8001,237.2969, 207.7997,300.1369, 212.1545,297.1369, 212.1546,295.6368, 209.5567,297.1364, 206.9586,300.1364, 206.9581,301.6368, 209.5559,372.8254, 226.6803,371.3255, 229.2783,368.3256, 229.2785,366.8254, 226.6806,368.3251, 224.0824,371.3250, 224.0820,434.1915, 230.0193,431.1916, 230.0194,429.6914, 227.4216,431.1911, 224.8234,434.1910, 224.8230,435.6914, 227.4207,1239
428455.1375, 239.5793, 210.2798,238.0793, 212.8778,235.0794, 212.8779,233.5793, 210.2800,235.0789, 207.6819,238.0789, 207.6815,300.8066, 212.2800,297.8066, 212.2802,296.3065, 209.6823,297.8062, 207.0841,300.8061, 207.0837,302.3065, 209.6814,373.5562, 226.5490,372.0563, 229.1470,369.0564, 229.1472,367.5562, 226.5493,369.0559, 223.9511,372.0558, 223.9507,434.6634, 230.2638,431.6634, 230.2640,430.1633, 227.6661,431.6629, 225.0679,434.6629, 225.0675,436.1633, 227.6653,1240
428455.1542, 240.1320, 210.0522,238.6321, 212.6503,235.6322, 212.6504,234.1320, 210.0525,235.6317, 207.4543,238.6316, 207.4539,301.3775, 212.3581,298.3776, 212.3582,296.8774, 209.7603,298.3771, 207.1621,301.3770, 207.1617,302.8774, 209.7595,374.1293, 226.4601,372.6294, 229.0582,369.6295, 229.0583,368.1293, 226.4604,369.6290, 223.8623,372.6289, 223.8618,435.5077, 230.4241,432.5078, 230.4243,431.0076, 227.8264,432.5073, 225.2282,435.5072, 225.2278,437.0076, 227.8256,1241
428455.1708, 240.6138, 210.2070,239.1139, 212.8051,236.1140, 212.8052,234.6138, 210.2073,236.1135, 207.6092,239.1134, 207.6087,302.0946, 212.6470,299.0947, 212.6472,297.5945, 210.0493,299.0942, 207.4511,302.0941, 207.4507,303.5945, 210.0485,374.4773, 226.6789,372.9774, 229.2769,369.9775, 229.2771,368.4773, 226.6792,369.9770, 224.0810,372.9769, 224.0806,435.4745, 230.3835,432.4745, 230.3836,430.9744, 227.7857,432.4741, 225.1875,435.4740, 225.1871,436.9744, 227.7849,1242
428455.1875, 241.2981, 210.3446,239.7981, 212.9426,236.7982, 212.9428,235.2981, 210.3449,236.7977, 207.7467,239.7977, 207.7463,302.7227, 213.0134,299.7227, 213.0135,298.2226, 210.4156,299.7223, 207.8174,302.7222, 207.8170,304.2226, 210.4148,375.0113, 226.7553,373.5114, 229.3533,370.5115, 229.3535,369.0113, 226.7556,370.5110, 224.1574,373.5109, 224.1570,436.2073, 230.6058,433.2074, 230.6059,431.7072, 228.0080,433.2069, 225.4099,436.2068, 225.4094,437.7072, 228.0072,1243
428455.2042, 241.7674, 210.4110,240.2675, 213.0090,237.2676, 213.0092,235.7674, 210.4113,237.2671, 207.8131,240.2670, 207.8127,302.6834, 212.9708,299.6834, 212.9709,298.1833, 210.3731,299.6830, 207.7749,302.6829, 207.7745,304.1833, 210.3722,375.7044, 226.7653,374.2045, 229.3633,371.2046, 229.3634,369.7044, 226.7656,371.2041, 224.1674,374.2040, 224.1670,436.5406, 230.6425,433.5407, 230.6427,432.0405, 228.0448,433.5402, 225.4466,436.5401, 225.4462,438.0405, 228.0439,1244
428455.2208, 242.2934, 210.3886,240.7935, 212.9866,237.7936, 212.9868,236.2934, 210.3889,237.7931, 207.7907,240.7930, 207.7903,303.6081, 213.3197,300.6082, 213.3199,299.1080, 210.7220,300.6077, 208.1238,303.6076, 208.1234,305.1080, 210.7212,376.2217, 226.7099,374.7218, 229.3079,371.7219, 229.3081,370.2217, 226.7102,371.7214, 224.1120,374.7213, 224.1116,436.8090, 230.7820,433.8091, 230.7822,432.3089, 228.1843,433.8086, 225.5861,436.8085, 225.5857,438.3089, 228.1834,1245
428455.2375, 242.9774, 210.3086,241.4775, 212.9066,238.4776, 212.9067,236.9774, 210.3088,238.4771, 207.7107,241.4770, 207.7103,303.9825, 213.0744,300.9826, 213.0745,299.4825, 210.4766,300.9821, 207.8784,303.9821, 207.8780,305.4825, 210.4758,376.2389, 226.8191,374.7390, 229.4171,371.7391, 229.4173,370.2389, 226.8194,371.7386, 224.2212,374.7385, 224.2208,437.2793, 230.9924,434.2794, 230.9925,432.7792, 228.3947,434.2789, 225.7965,437.2788, 225.7961,438.7792, 228.3938,1246
428455.2542, 243.1602, 210.1666,241.6602, 212.7646,238.6603, 212.7648,237.1602, 210.1669,238.6598, 207.5687,241.6597, 207.5683,304.1021, 212.9681,301.1022, 212.9683,299.6021, 210.3704,301.1017, 207.7722,304.1016, 207.7718,305.6020, 210.3696,376.9678, 226.5797,375.4679, 229.1777,372.4679, 229.1778,370.9678, 226.5800,372.4674, 223.9818,375.4674, 223.9814,437.5188, 230.7176,434.5189, 230.7177,433.0187, 228.1198,434.5184, 225.5217,437.5183, 225.5212,439.0187, 228.1190,1247
428455.2709, 243.5892, 209.9583,242.0893, 212.5563,239.0894, 212.5565,237.5892, 209.9586,239.0889, 207.3604,242.0888, 207.3600,304.6889, 213.0603,301.6890, 213.0605,300.1888, 210.4626,301.6885, 207.8644,304.6884, 207.8640,306.1888, 210.4618,377.0670, 226.5134,375.5670, 229.1115,372.5671, 229.1116,371.0670, 226.5137,372.5667, 223.9156,375.5666, 223.9151,438.0090, 230.4202,435.0091, 230.4203,433.5089, 227.8224,435.0086, 225.2242,438.0085, 225.2238,439.5089, 227.8216,1248
428455.2875, 243.9886, 209.8978,242.4887, 212.4958,239.4888, 212.4959,237.9886, 209.8981,239.4883, 207.2999,242.4883, 207.2995,305.1163, 212.7807,302.1164, 212.7808,300.6163, 210.1829,302.1159, 207.5847,305.1158, 207.5843,306.6162, 210.1821,377.6158, 226.2724,376.1158, 228.8704,373.1159, 228.8705,371.6158, 226.2727,373.1154, 223.6745,376.1154, 223.6741,438.4001, 230.3786,435.4002, 230.3788,433.9000, 227.7809,435.3997, 225.1827,438.3996, 225.1823,439.9000, 227.7800,1249
428455.3042, 244.2507, 209.6054,242.7508, 212.2035,239.7509, 212.2036,238.2507, 209.6057,239.7504, 207.0076,242.7503, 207.0071,304.7965, 212.6702,301.7965, 212.6704,300.2964, 210.0725,301.7961, 207.4743,304.7960, 207.4739,306.2964, 210.0717,377.7167, 226.1131,376.2168, 228.7112,373.2169, 228.7113,371.7167, 226.1134,373.2164, 223.5152,376.2163, 223.5148,438.3422, 230.1703,435.3423, 230.1704,433.8421, 227.5725,435.3418, 224.9744,438.3417, 224.9739,439.8421, 227.5717,1250
428455.3209, 244.3242, 209.5388,242.8243, 212.1368,239.8244, 212.1369,238.3242, 209.5390,239.8239, 206.9409,242.8238, 206.9404,305.0571, 212.7320,302.0572, 212.7322,300.5570, 210.1343,302.0567, 207.5361,305.0566, 207.5357,306.5570, 210.1334,377.9497, 225.8254,376.4498, 228.4234,373.4499, 228.4236,371.9497, 225.8257,373.4494, 223.2275,376.4493, 223.2271,438.5644, 230.4547,435.5645, 230.4549,434.0643, 227.8570,435.5640, 225.2588,438.5639, 225.2584,440.0643, 227.8561,1251
428455.3376, 244.5273, 209.3452,243.0274, 211.9432,240.0275, 211.9434,238.5273, 209.3455,240.0270, 206.7473,243.0269, 206.7469,305.2219, 212.5779,302.2219, 212.5781,300.7218, 209.9802,302.2214, 207.3820,305.2214, 207.3816,306.7218, 209.9793,377.7975, 225.8864,376.2976, 228.4844,373.2977, 228.4846,371.7975, 225.8867,373.2972, 223.2885,376.2971, 223.2881,438.5910, 230.4071,435.5911, 230.4073,434.0910, 227.8094,435.5906, 225.2112,438.5905, 225.2108,440.0909, 227.8085,1252
428455.3542, 244.5403, 209.5325,243.0404, 212.1305,240.0405, 212.1307,238.5403, 209.5328,240.0400, 206.9346,243.0399, 206.9342,305.5439, 212.7579,302.5440, 212.7580,301.0439, 210.1602,302.5435, 207.5620,305.5434, 207.5616,307.0438, 210.1593,377.7399, 226.0084,376.2400, 228.6064,373.2401, 228.6065,371.7399, 226.0087,373.2396, 223.4105,376.2395, 223.4101,438.8007, 230.5049,435.8008, 230.5051,434.3007, 227.9072,435.8003, 225.3090,438.8002, 225.3086,440.3006, 227.9063,1253
428455.3709, 244.9279, 209.4914,243.4280, 212.0894,240.4281, 212.0896,238.9279, 209.4917,240.4276, 206.8935,243.4275, 206.8931,305.5884, 213.1871,302.5885, 213.1872,301.0883, 210.5893,302.5880, 207.9912,305.5880, 207.9908,307.0883, 210.5885,377.8964, 226.0841,376.3965, 228.6822,373.3966, 228.6823,371.8964, 226.0844,373.3961, 223.4863,376.3960, 223.4858,438.8298, 230.4573,435.8298, 230.4574,434.3297, 227.8596,435.8293, 225.2614,438.8293, 225.2610,440.3297, 227.8587,1254
428455.3876, 244.3798, 209.6046,242.8799, 212.2026,239.8800, 212.2028,238.3798, 209.6049,239.8795, 207.0067,242.8794, 207.0063,305.7428, 212.9787,302.7429, 212.9788,301.2428, 210.3809,302.7424, 207.7828,305.7423, 207.7823,307.2427, 210.3801,378.4026, 226.0109,376.9027, 228.6089,373.9028, 228.6091,372.4026, 226.0112,373.9023, 223.4130,376.9023, 223.4126,439.1758, 230.6606,436.1759, 230.6607,434.6757, 228.0628,436.1754, 225.4647,439.1753, 225.4642,440.6757, 228.0620,1255
428455.4043, 244.9445, 209.3776,243.4446, 211.9756,240.4447, 211.9758,238.9445, 209.3779,240.4442, 206.7797,243.4441, 206.7793,305.6183, 213.4189,302.6184, 213.4190,301.1183, 210.8212,302.6179, 208.2230,305.6178, 208.2226,307.1182, 210.8203,378.2954, 226.1561,376.7955, 228.7541,373.7956, 228.7542,372.2954, 226.1563,373.7951, 223.5582,376.7950, 223.5578,438.9993, 230.8441,435.9994, 230.8442,434.4992, 228.2463,435.9989, 225.6481,438.9988, 225.6477,440.4992, 228.2455,1256
428455.4207, 245.0887, 209.2869,243.5887, 211.8849,240.5888, 211.8850,239.0887, 209.2871,240.5883, 206.6890,243.5883, 206.6886,306.2067, 213.1645,303.2068, 213.1646,301.7066, 210.5667,303.2063, 207.9686,306.2062, 207.9681,307.7066, 210.5659,378.2793, 225.9901,376.7794, 228.5881,373.7794, 228.5882,372.2793, 225.9903,373.7789, 223.3922,376.7789, 223.3918,439.1644, 230.5721,436.1645, 230.5722,434.6643, 227.9743,436.1640, 225.3761,439.1639, 225.3757,440.6643, 227.9735,1257
428455.4374, 244.7866, 209.2582,243.2867, 211.8562,240.2868, 211.8564,238.7866, 209.2585,240.2863, 206.6603,243.2862, 206.6599,305.5554, 213.1394,302.5555, 213.1395,301.0553, 210.5416,302.5550, 207.9435,305.5549, 207.9430,307.0553, 210.5408,378.4890, 225.8894,376.9891, 228.4874,373.9892, 228.4875,372.4890, 225.8896,373.9887, 223.2915,376.9886, 223.2911,439.2676, 230.5453,436.2677, 230.5455,434.7675, 227.9476,436.2672, 225.3494,439.2671, 225.3490,440.7675, 227.9467,1258
428455.4541, 244.6751, 209.1369,243.1752, 211.7350,240.1753, 211.7351,238.6751, 209.1372,240.1748, 206.5390,243.1747, 206.5386,305.7260, 212.8161,302.7261, 212.8162,301.2259, 210.2183,302.7256, 207.6202,305.7255, 207.6198,307.2259, 210.2175,378.6616, 225.6259,377.1617, 228.2239,374.1617, 228.2241,372.6616, 225.6262,374.1613, 223.0280,377.1612, 223.0276,439.2321, 230.5300,436.2321, 230.5302,434.7320, 227.9323,436.2316, 225.3341,439.2316, 225.3337,440.7320, 227.9314,1259
428455.4707, 244.8138, 208.9334,243.3139, 211.5314,240.3140, 211.5315,238.8138, 208.9337,240.3135, 206.3355,243.3134, 206.3351,306.1806, 212.9792,303.1807, 212.9793,301.6805, 210.3814,303.1802, 207.7832,306.1801, 207.7828,307.6805, 210.3806,378.1913, 225.7353,376.6914, 228.3333,373.6915, 228.3334,372.1913, 225.7355,373.6910, 223.1374,376.6909, 223.1369,439.1216, 230.3934,436.1216, 230.3935,434.6215, 227.7956,436.1211, 225.1974,439.1211, 225.1970,440.6215, 227.7948,1260
428455.4874, 244.7032, 209.0345,243.2033, 211.6325,240.2034, 211.6326,238.7032, 209.0347,240.2029, 206.4366,243.2028, 206.4361,305.6470, 212.7978,302.6471, 212.7980,301.1469, 210.2001,302.6466, 207.6019,305.6465, 207.6015,307.1469, 210.1993,378.5422, 225.6915,377.0423, 228.2896,374.0424, 228.2897,372.5422, 225.6918,374.0419, 223.0936,377.0418, 223.0932,439.2574, 230.5690,436.2574, 230.5692,434.7573, 227.9713,436.2570, 225.3731,439.2569, 225.3727,440.7573, 227.9704,1261
428455.5041, 244.8877, 208.9557,243.3878, 211.5538,240.3878, 211.5539,238.8877, 208.9560,240.3874, 206.3579,243.3873, 206.3574,305.9383, 213.0492,302.9384, 213.0494,301.4382, 210.4515,302.9379, 207.8533,305.9378, 207.8529,307.4382, 210.4507,378.6039, 225.4819,377.1040, 228.0799,374.1041, 228.0801,372.6039, 225.4822,374.1036, 222.8840,377.1035, 222.8836,439.2368, 230.4315,436.2369, 230.4317,434.7367, 227.8338,436.2364, 225.2356,439.2363, 225.2352,440.7367, 227.8329,1262
428455.5207, 244.6786, 209.1875,243.1786, 211.7855,240.1787, 211.7856,238.6786, 209.1878,240.1783, 206.5896,243.1782, 206.5892,305.7664, 212.9451,302.7664, 212.9453,301.2663, 210.3474,302.7659, 207.7492,305.7659, 207.7488,307.2663, 210.3466,378.2129, 225.4539,376.7130, 228.0520,373.7130, 228.0521,372.2129, 225.4542,373.7125, 222.8560,376.7125, 222.8556,438.9875, 230.3219,435.9875, 230.3220,434.4874, 227.7241,435.9871, 225.1260,438.9870, 225.1255,440.4874, 227.7233,1263
428455.5374, 244.4063, 209.1509,242.9064, 211.7489,239.9065, 211.7490,238.4063, 209.1512,239.9060, 206.5530,242.9059, 206.5526,305.4163, 212.8521,302.4164, 212.8522,300.9162, 210.2543,302.4159, 207.6561,305.4158, 207.6557,306.9162, 210.2535,378.2594, 225.7086,376.7595, 228.3067,373.7596, 228.3068,372.2594, 225.7089,373.7591, 223.1108,376.7590, 223.1103,439.0895, 230.6127,436.0896, 230.6129,434.5894, 228.0150,436.0891, 225.4168,439.0890, 225.4164,440.5894, 228.0142,1264
428455.5541, 244.6779, 209.1284,243.1780, 211.7265,240.1781, 211.7266,238.6779, 209.1287,240.1776, 206.5306,243.1776, 206.5302,305.4355, 213.2373,302.4356, 213.2375,300.9355, 210.6396,302.4351, 208.0414,305.4350, 208.0410,306.9354, 210.6388,377.9767, 225.6581,376.4767, 228.2562,373.4768, 228.2563,371.9767, 225.6584,373.4763, 223.0602,376.4763, 223.0598,438.8010, 230.4695,435.8011, 230.4697,434.3009, 227.8718,435.8006, 225.2736,438.8005, 225.2732,440.3009, 227.8710,1265
428455.5707, 244.2195, 209.2661,242.7195, 211.8641,239.7196, 211.8642,238.2195, 209.2663,239.7191, 206.6682,242.7190, 206.6678,305.2834, 212.8898,302.2835, 212.8899,300.7834, 210.2920,302.2830, 207.6938,305.2829, 207.6934,306.7833, 210.2912,377.8362, 225.7048,376.3363, 228.3028,373.3364, 228.3030,371.8362, 225.7051,373.3359, 223.1069,376.3358, 223.1065,438.9464, 230.3571,435.9465, 230.3572,434.4463, 227.7593,435.9460, 225.1612,438.9459, 225.1607,440.4463, 227.7585,1266
428455.5874, 244.1042, 209.1680,242.6042, 211.7660,239.6043, 211.7662,238.1042, 209.1683,239.6038, 206.5701,242.6038, 206.5697,305.1465, 212.8069,302.1465, 212.8070,300.6464, 210.2091,302.1461, 207.6110,305.1460, 207.6105,306.6464, 210.2083,377.8679, 225.7452,376.3680, 228.3432,373.3681, 228.3434,371.8679, 225.7455,373.3676, 223.1473,376.3675, 223.1469,438.8835, 230.5415,435.8836, 230.5416,434.3835, 227.9438,435.8831, 225.3456,438.8830, 225.3452,440.3834, 227.9429,1267
428455.6041, 243.9313, 208.9779,242.4314, 211.5759,239.4315, 211.5761,237.9313, 208.9782,239.4310, 206.3800,242.4309, 206.3796,305.5249, 212.9547,302.5249, 212.9548,301.0248, 210.3569,302.5244, 207.7588,305.5244, 207.7584,307.0248, 210.3561,377.9355, 225.7240,376.4356, 228.3220,373.4356, 228.3222,371.9355, 225.7243,373.4352, 223.1261,376.4351, 223.1257,438.4523, 230.1939,435.4524, 230.1940,433.9522, 227.5961,435.4519, 224.9980,438.4518, 224.9976,439.9522, 227.5953,1268
428455.6207, 244.0539, 208.9856,242.5540, 211.5836,239.5541, 211.5838,238.0539, 208.9859,239.5536, 206.3877,242.5535, 206.3873,305.3033, 212.8910,302.3033, 212.8912,300.8032, 210.2933,302.3029, 207.6951,305.3028, 207.6947,306.8032, 210.2924,377.8532, 225.7114,376.3533, 228.3095,373.3534, 228.3096,371.8532, 225.7117,373.3529, 223.1135,376.3528, 223.1131,438.7250, 230.5460,435.7250, 230.5461,434.2249, 227.9482,435.7245, 225.3501,438.7245, 225.3496,440.2249, 227.9474,1269
428455.6374, 243.8058, 209.0540,242.3059, 211.6521,239.3060, 211.6522,237.8058, 209.0543,239.3055, 206.4562,242.3054, 206.4557,304.9974, 212.7593,301.9975, 212.7594,300.4973, 210.1615,301.9970, 207.5634,304.9969, 207.5629,306.4973, 210.1607,377.4424, 225.7581,375.9425, 228.3562,372.9425, 228.3563,371.4424, 225.7584,372.9420, 223.1602,375.9420, 223.1598,438.3556, 230.5047,435.3556, 230.5048,433.8555, 227.9069,435.3551, 225.3087,438.3551, 225.3083,439.8555, 227.9061,1270
428455.6541, 243.6453, 209.1000,242.1454, 211.6981,239.1455, 211.6982,237.6453, 209.1003,239.1450, 206.5022,242.1449, 206.5017,304.8201, 212.8214,301.8202, 212.8215,300.3200, 210.2236,301.8197, 207.6254,304.8196, 207.6250,306.3200, 210.2228,377.6207, 225.4345,376.1208, 228.0325,373.1208, 228.0327,371.6207, 225.4348,373.1204, 222.8366,376.1203, 222.8362,438.2545, 230.2659,435.2546, 230.2660,433.7545, 227.6681,435.2541, 225.0699,438.2541, 225.0695,439.7545, 227.6673,1271
428455.6707, 243.8878, 209.0284,242.3879, 211.6264,239.3880, 211.6266,237.8878, 209.0287,239.3875, 206.4305,242.3874, 206.4301,304.9080, 212.9900,301.9081, 212.9901,300.4079, 210.3923,301.9076, 207.7941,304.9075, 207.7937,306.4079, 210.3914,377.5599, 225.5009,376.0600, 228.0990,373.0601, 228.0991,371.5599, 225.5012,373.0596, 222.9031,376.0595, 222.9026,438.4973, 230.3908,435.4974, 230.3910,433.9973, 227.7931,435.4969, 225.1949,438.4969, 225.1945,439.9973, 227.7923,1272
428455.6874, 243.8222, 209.0944,242.3223, 211.6924,239.3224, 211.6926,237.8222, 209.0947,239.3219, 206.4965,242.3218, 206.4961,304.9345, 212.9921,301.9346, 212.9923,300.4344, 210.3944,301.9341, 207.7962,304.9340, 207.7958,306.4344, 210.3936,377.6067, 225.5478,376.1068, 228.1458,373.1069, 228.1460,371.6067, 225.5481,373.1064, 222.9499,376.1063, 222.9495,438.2561, 230.1753,435.2562, 230.1754,433.7561, 227.5775,435.2557, 224.9794,438.2556, 224.9789,439.7560, 227.5767,1273
428455.7041, 243.3624, 209.3804,241.8624, 211.9784,238.8625, 211.9786,237.3624, 209.3807,238.8620, 206.7825,241.8620, 206.7821,304.4910, 212.8318,301.4911, 212.8320,299.9909, 210.2341,301.4906, 207.6359,304.4905, 207.6355,305.9909, 210.2332,377.2585, 225.8826,375.7586, 228.4806,372.7587, 228.4808,371.2585, 225.8829,372.7582, 223.2847,375.7581, 223.2843,438.4808, 230.6295,435.4809, 230.6297,433.9808, 228.0318,435.4804, 225.4336,438.4803, 225.4332,439.9807, 228.0310,1274
428455.7207, 243.3672, 209.1854,241.8673, 211.7834,238.8674, 211.7835,237.3672, 209.1857,238.8669, 206.5875,241.8668, 206.5871,304.9379, 213.1872,301.9379, 213.1873,300.4378, 210.5894,301.9374, 207.9913,304.9374, 207.9909,306.4378, 210.5886,377.3363, 225.7717,375.8364, 228.3697,372.8365, 228.3698,371.3363, 225.7720,372.8360, 223.1738,375.8359, 223.1734,438.3347, 230.6480,435.3348, 230.6481,433.8347, 228.0503,435.3343, 225.4521,438.3342, 225.4517,439.8346, 228.0494,1275
428455.7374, 243.7801, 209.1643,242.2802, 211.7624,239.2803, 211.7625,237.7801, 209.1646,239.2798, 206.5664,242.2797, 206.5660,304.6397, 213.0907,301.6397, 213.0908,300.1396, 210.4929,301.6393, 207.8948,304.6392, 207.8943,306.1396, 210.4921,377.3066, 225.7442,375.8067, 228.3423,372.8067, 228.3424,371.3066, 225.7445,372.8062, 223.1463,375.8062, 223.1459,438.2823, 230.2476,435.2824, 230.2478,433.7823, 227.6499,435.2820, 225.0517,438.2819, 225.0513,439.7823, 227.6490,1276
428455.7541, 243.3133, 209.1101,241.8134, 211.7082,238.8135, 211.7083,237.3133, 209.1104,238.8130, 206.5123,241.8129, 206.5118,304.5380, 212.6929,301.5380, 212.6931,300.0379, 210.0952,301.5375, 207.4970,304.5375, 207.4966,306.0379, 210.0944,377.4404, 225.7646,375.9405, 228.3626,372.9406, 228.3628,371.4404, 225.7649,372.9401, 223.1667,375.9400, 223.1663,438.1682, 230.4482,435.1683, 230.4483,433.6681, 227.8505,435.1678, 225.2523,438.1677, 225.2519,439.6681, 227.8496,1277
428455.7707, 243.4344, 208.8845,241.9344, 211.4826,238.9345, 211.4827,237.4344, 208.8848,238.9341, 206.2866,241.9340, 206.2862,304.4360, 212.6533,301.4360, 212.6534,299.9359, 210.0555,301.4355, 207.4573,304.4355, 207.4569,305.9359, 210.0547,377.3083, 225.8102,375.8084, 228.4082,372.8085, 228.4084,371.3083, 225.8105,372.8080, 223.2123,375.8079, 223.2119,438.0855, 230.4145,435.0856, 230.4146,433.5854, 227.8167,435.0851, 225.2186,438.0850, 225.2182,439.5854, 227.8159,1278
428455.7874, 243.2991, 208.7301,241.7991, 211.3282,238.7992, 211.3283,237.2991, 208.7304,238.7987, 206.1322,241.7987, 206.1318,304.6431, 212.2675,301.6432, 212.2677,300.1430, 209.6698,301.6427, 207.0716,304.6426, 207.0712,306.1430, 209.6690,377.5425, 225.5068,376.0426, 228.1048,373.0427, 228.1050,371.5425, 225.5071,373.0422, 222.9089,376.0421, 222.9085,437.8878, 229.8390,434.8878, 229.8392,433.3877, 227.2413,434.8874, 224.6431,437.8873, 224.6427,439.3877, 227.2405,1279
428455.8048, 243.7776, 208.2896,242.2777, 210.8876,239.2778, 210.8878,237.7776, 208.2899,239.2773, 205.6917,242.2772, 205.6913,304.0585, 211.5060,301.0586, 211.5061,299.5584, 208.9082,301.0581, 206.3101,304.0580, 206.3096,305.5584, 208.9074,377.4925, 224.9120,375.9926, 227.5100,372.9926, 227.5102,371.4925, 224.9123,372.9922, 222.3141,375.9921, 222.3137,437.8700, 228.7728,434.8701, 228.7730,433.3699, 226.1751,434.8696, 223.5769,437.8695, 223.5765,439.3699, 226.1743,1280
428455.8214, 243.6485, 208.1869,242.1486, 210.7849,239.1487, 210.7850,237.6485, 208.1872,239.1482, 205.5890,242.1481, 205.5886,304.0054, 211.2205,301.0055, 211.2206,299.5053, 208.6227,301.0050, 206.0246,304.0049, 206.0241,305.5053, 208.6219,377.7937, 224.4588,376.2938, 227.0568,373.2938, 227.0569,371.7937, 224.4590,373.2933, 221.8609,376.2933, 221.8605,437.6490, 228.2171,434.6490, 228.2173,433.1489, 225.6194,434.6486, 223.0212,437.6485, 223.0208,439.1489, 225.6185,1281
428455.8381, 244.2333, 207.4594,242.7334, 210.0574,239.7335, 210.0576,238.2333, 207.4597,239.7330, 204.8615,242.7329, 204.8611,304.2873, 210.5558,301.2874, 210.5560,299.7872, 207.9581,301.2869, 205.3599,304.2868, 205.3595,305.7872, 207.9573,378.1476, 223.8591,376.6476, 226.4571,373.6477, 226.4573,372.1476, 223.8594,373.6472, 221.2612,376.6472, 221.2608,437.8693, 227.6831,434.8694, 227.6833,433.3692, 225.0854,434.8689, 222.4872,437.8688, 222.4868,439.3692, 225.0846,1282
428455.8548, 244.2958, 207.2913,242.7958, 209.8893,239.7959, 209.8895,238.2958, 207.2916,239.7954, 204.6934,242.7954, 204.6930,304.5975, 210.3337,301.5976, 210.3338,300.0975, 207.7359,301.5971, 205.1377,304.5970, 205.1373,306.0974, 207.7351,377.9959, 223.7527,376.4960, 226.3507,373.4961, 226.3508,371.9959, 223.7529,373.4956, 221.1548,376.4955, 221.1543,437.8053, 227.3642,434.8054, 227.3644,433.3053, 224.7665,434.8049, 222.1683,437.8048, 222.1679,439.3052, 224.7656,1283
428455.8715, 244.3512, 207.2032,242.8513, 209.8012,239.8513, 209.8013,238.3512, 207.2034,239.8508, 204.6053,242.8508, 204.6048,304.1579, 209.9419,301.1580, 209.9420,299.6578, 207.3441,301.1575, 204.7460,304.1574, 204.7455,305.6578, 207.3433,378.3610, 223.4772,376.8611, 226.0752,373.8611, 226.0754,372.3610, 223.4775,373.8606, 220.8793,376.8606, 220.8789,437.8723, 227.1190,434.8724, 227.1191,433.3723, 224.5212,434.8719, 221.9231,437.8719, 221.9227,439.3723, 224.5204,1284
428455.8881, 244.2936, 207.1192,242.7937, 209.7173,239.7938, 209.7174,238.2936, 207.1195,239.7933, 204.5213,242.7932, 204.5209,304.3642, 209.9467,301.3643, 209.9469,299.8641, 207.3490,301.3638, 204.7508,304.3637, 204.7504,305.8641, 207.3481,378.3756, 223.4465,376.8757, 226.0445,373.8757, 226.0446,372.3756, 223.4467,373.8752, 220.8486,376.8752, 220.8481,437.7715, 227.1467,434.7716, 227.1468,433.2715, 224.5489,434.7711, 221.9507,437.7711, 221.9503,439.2715, 224.5481,1285
428455.9048, 244.5240, 207.0290,243.0240, 209.6270,240.0241, 209.6271,238.5240, 207.0292,240.0236, 204.4311,243.0236, 204.4306,304.7285, 209.9862,301.7285, 209.9864,300.2284, 207.3885,301.7280, 204.7903,304.7280, 204.7899,306.2284, 207.3876,378.4073, 223.5509,376.9074, 226.1489,373.9075, 226.1491,372.4073, 223.5512,373.9070, 220.9530,376.9069, 220.9526,438.1387, 227.4220,435.1388, 227.4221,433.6386, 224.8242,435.1383, 222.2260,438.1382, 222.2256,439.6386, 224.8234,1286
428455.9215, 244.6852, 207.0126,243.1852, 209.6107,240.1853, 209.6108,238.6852, 207.0129,240.1848, 204.4147,243.1848, 204.4143,304.9290, 209.7400,301.9291, 209.7401,300.4289, 207.1423,301.9286, 204.5441,304.9285, 204.5437,306.4289, 207.1414,378.1521, 223.3723,376.6522, 225.9703,373.6523, 225.9704,372.1521, 223.3725,373.6518, 220.7744,376.6517, 220.7739,437.8627, 227.0340,434.8627, 227.0342,433.3626, 224.4363,434.8622, 221.8381,437.8622, 221.8377,439.3626, 224.4355,1287
428455.9382, 244.6653, 206.7262,243.1654, 209.3242,240.1655, 209.3243,238.6653, 206.7264,240.1650, 204.1283,243.1649, 204.1279,304.9835, 209.4946,301.9836, 209.4948,300.4834, 206.8969,301.9831, 204.2987,304.9830, 204.2983,306.4834, 206.8960,378.6716, 223.2162,377.1717, 225.8142,374.1718, 225.8144,372.6716, 223.2165,374.1713, 220.6183,377.1712, 220.6179,438.3643, 226.9233,435.3644, 226.9235,433.8643, 224.3256,435.3639, 221.7274,438.3638, 221.7270,439.8642, 224.3247,1288
428455.9548, 244.7928, 206.5871,243.2928, 209.1851,240.2929, 209.1852,238.7928, 206.5873,240.2924, 203.9892,243.2924, 203.9888,305.3835, 209.5410,302.3836, 209.5412,300.8835, 206.9433,302.3831, 204.3451,305.3831, 204.3447,306.8835, 206.9424,378.6132, 223.0536,377.1133, 225.6517,374.1134, 225.6518,372.6132, 223.0539,374.1129, 220.4558,377.1128, 220.4554,438.2592, 226.6538,435.2593, 226.6540,433.7591, 224.0561,435.2588, 221.4579,438.2587, 221.4575,439.7591, 224.0553,1289
428455.9715, 244.9646, 206.5100,243.4647, 209.1080,240.4648, 209.1082,238.9646, 206.5103,240.4643, 203.9121,243.4642, 203.9117,305.1041, 209.6191,302.1042, 209.6193,300.6040, 207.0214,302.1037, 204.4232,305.1036, 204.4228,306.6040, 207.0206,378.7292, 223.1451,377.2293, 225.7431,374.2294, 225.7433,372.7292, 223.1454,374.2289, 220.5472,377.2289, 220.5468,438.4242, 226.7688,435.4243, 226.7689,433.9242, 224.1710,435.4238, 221.5728,438.4237, 221.5724,439.9241, 224.1702,1290
428455.9882, 244.5210, 206.6196,243.0211, 209.2177,240.0211, 209.2178,238.5210, 206.6199,240.0207, 204.0217,243.0206, 204.0213,305.0771, 209.2813,302.0772, 209.2815,300.5771, 206.6836,302.0767, 204.0854,305.0767, 204.0850,306.5771, 206.6828,378.8789, 222.8578,377.3790, 225.4558,374.3790, 225.4559,372.8789, 222.8580,374.3785, 220.2599,377.3785, 220.2594,438.2853, 226.6636,435.2854, 226.6637,433.7852, 224.0658,435.2849, 221.4677,438.2848, 221.4672,439.7852, 224.0650,1291
428456.0049, 244.8213, 206.4633,243.3214, 209.0613,240.3215, 209.0615,238.8213, 206.4636,240.3210, 203.8654,243.3209, 203.8650,305.4710, 209.5761,302.4711, 209.5763,300.9709, 206.9784,302.4706, 204.3802,305.4705, 204.3798,306.9709, 206.9776,378.9187, 223.0190,377.4188, 225.6171,374.4188, 225.6172,372.9187, 223.0193,374.4183, 220.4211,377.4183, 220.4207,438.3489, 226.5051,435.3489, 226.5052,433.8488, 223.9073,435.3484, 221.3092,438.3484, 221.3088,439.8488, 223.9065,1292
428456.0215, 244.8054, 206.7789,243.3055, 209.3770,240.3056, 209.3771,238.8054, 206.7792,240.3051, 204.1810,243.3050, 204.1806,305.1685, 209.3573,302.1686, 209.3574,300.6685, 206.7596,302.1681, 204.1614,305.1680, 204.1610,306.6684, 206.7587,378.7343, 223.0263,377.2344, 225.6243,374.2345, 225.6245,372.7343, 223.0266,374.2340, 220.4284,377.2339, 220.4280,438.0727, 226.6637,435.0727, 226.6638,433.5726, 224.0659,435.0722, 221.4678,438.0722, 221.4673,439.5726, 224.0651,1293
428456.0382, 244.7924, 206.5904,243.2925, 209.1884,240.2926, 209.1885,238.7924, 206.5907,240.2921, 203.9925,243.2920, 203.9921,305.6923, 209.5147,302.6924, 209.5148,301.1922, 206.9169,302.6919, 204.3188,305.6918, 204.3184,307.1922, 206.9161,378.8288, 223.1122,377.3289, 225.7102,374.3290, 225.7104,372.8288, 223.1125,374.3285, 220.5143,377.3284, 220.5139,438.3909, 226.8178,435.3910, 226.8180,433.8909, 224.2201,435.3905, 221.6219,438.3904, 221.6215,439.8908, 224.2192,1294
428456.0549, 245.0896, 206.4721,243.5897, 209.0701,240.5898, 209.0702,239.0896, 206.4724,240.5893, 203.8742,243.5892, 203.8738,305.4869, 209.6053,302.4870, 209.6055,300.9868, 207.0076,302.4865, 204.4094,305.4864, 204.4090,306.9868, 207.0068,378.9026, 222.8671,377.4026, 225.4651,374.4027, 225.4653,372.9026, 222.8674,374.4022, 220.2692,377.4022, 220.2688,438.4445, 226.5569,435.4446, 226.5570,433.9445, 223.9591,435.4442, 221.3609,438.4441, 221.3605,439.9445, 223.9583,1295
428456.0715, 245.2845, 206.6430,243.7846, 209.2410,240.7847, 209.2412,239.2845, 206.6433,240.7842, 204.0451,243.7841, 204.0447,306.0281, 209.4998,303.0281, 209.5000,301.5280, 206.9021,303.0276, 204.3039,306.0276, 204.3035,307.5280, 206.9013,379.4196, 222.6338,377.9197, 225.2318,374.9198, 225.2319,373.4196, 222.6341,374.9193, 220.0359,377.9192, 220.0355,438.5484, 226.6196,435.5485, 226.6198,434.0483, 224.0219,435.5480, 221.4237,438.5479, 221.4233,440.0483, 224.0210,1296
428456.0882, 245.1748, 206.1724,243.6749, 208.7704,240.6750, 208.7705,239.1748, 206.1726,240.6745, 203.5745,243.6744, 203.5741,306.2832, 209.4526,303.2833, 209.4527,301.7831, 206.8548,303.2828, 204.2566,306.2827, 204.2562,307.7831, 206.8540,379.2864, 222.4985,377.7865, 225.0965,374.7866, 225.0967,373.2864, 222.4988,374.7861, 219.9006,377.7860, 219.9002,438.8492, 226.1985,435.8493, 226.1986,434.3491, 223.6007,435.8488, 221.0025,438.8487, 221.0021,440.3491, 223.5999,1297
428456.1049, 245.3998, 206.1547,243.8999, 208.7527,240.9000, 208.7529,239.3998, 206.1550,240.8995, 203.5568,243.8994, 203.5564,306.1970, 209.3158,303.1971, 209.3159,301.6970, 206.7180,303.1966, 204.1198,306.1965, 204.1194,307.6969, 206.7172,379.8141, 222.1436,378.3142, 224.7416,375.3143, 224.7418,373.8141, 222.1439,375.3138, 219.5457,378.3138, 219.5453,438.9168, 226.4647,435.9169, 226.4648,434.4168, 223.8669,435.9164, 221.2688,438.9164, 221.2684,440.4167, 223.8661,1298
428456.1216, 245.3116, 206.1180,243.8117, 208.7160,240.8118, 208.7161,239.3116, 206.1182,240.8113, 203.5201,243.8112, 203.5196,306.3412, 209.4495,303.3412, 209.4497,301.8411, 206.8518,303.3407, 204.2536,306.3407, 204.2532,307.8411, 206.8510,379.5659, 222.2359,378.0660, 224.8339,375.0661, 224.8341,373.5659, 222.2362,375.0656, 219.6380,378.0655, 219.6376,439.1646, 226.2872,436.1646, 226.2873,434.6645, 223.6894,436.1642, 221.0912,439.1641, 221.0908,440.6645, 223.6886,1299
428456.1382, 245.5738, 206.0742,244.0739, 208.6722,241.0740, 208.6724,239.5738, 206.0745,241.0735, 203.4763,244.0734, 203.4759,306.6071, 209.5229,303.6071, 209.5230,302.1070, 206.9251,303.6067, 204.3270,306.6066, 204.3265,308.1070, 206.9243,379.4062, 222.0934,377.9063, 224.6915,374.9064, 224.6916,373.4062, 222.0937,374.9059, 219.4955,377.9059, 219.4951,439.0523, 226.3293,436.0524, 226.3295,434.5523, 223.7316,436.0519, 221.1334,439.0518, 221.1330,440.5522, 223.7308,1300
428456.1549, 245.9089, 206.1420,244.4090, 208.7401,241.4091, 208.7402,239.9089, 206.1423,241.4086, 203.5442,244.4085, 203.5437,306.8280, 209.5991,303.8281, 209.5993,302.3279, 207.0014,303.8276, 204.4032,306.8275, 204.4028,308.3279, 207.0005,379.6883, 222.2778,378.1884, 224.8758,375.1884, 224.8760,373.6883, 222.2781,375.1879, 219.6799,378.1879, 219.6795,439.1407, 226.3456,436.1407, 226.3458,434.6406, 223.7479,436.1402, 221.1497,439.1402, 221.1493,440.6406, 223.7471,1301
428456.1716, 245.7145, 206.5108,244.2146, 209.1089,241.2147, 209.1090,239.7145, 206.5111,241.2142, 203.9129,244.2141, 203.9125,306.8369, 209.9011,303.8370, 209.9012,302.3369, 207.3033,303.8365, 204.7052,306.8365, 204.7047,308.3369, 207.3025,379.7319, 222.5037,378.2320, 225.1017,375.2321, 225.1019,373.7319, 222.5040,375.2316, 219.9058,378.2315, 219.9054,439.3405, 226.2100,436.3406, 226.2102,434.8405, 223.6123,436.3401, 221.0141,439.3400, 221.0137,440.8404, 223.6114,1302
428456.1883, 246.0293, 206.5321,244.5294, 209.1301,241.5294, 209.1303,240.0293, 206.5324,241.5290, 203.9342,244.5289, 203.9338,307.1931, 210.1402,304.1932, 210.1403,302.6931, 207.5424,304.1927, 204.9442,307.1926, 204.9438,308.6930, 207.5416,380.1096, 222.7275,378.6097, 225.3255,375.6098, 225.3257,374.1096, 222.7278,375.6093, 220.1296,378.6092, 220.1292,439.5552, 227.1562,436.5553, 227.1564,435.0551, 224.5585,436.5548, 221.9603,439.5547, 221.9599,441.0551, 224.5577,1303
428456.2049, 246.4271, 206.7040,244.9272, 209.3020,241.9273, 209.3022,240.4271, 206.7043,241.9268, 204.1061,244.9267, 204.1057,307.1558, 210.5577,304.1559, 210.5579,302.6557, 207.9600,304.1554, 205.3618,307.1553, 205.3614,308.6557, 207.9591,380.4454, 222.6602,378.9455, 225.2582,375.9455, 225.2583,374.4454, 222.6604,375.9450, 220.0623,378.9450, 220.0619,439.8828, 226.6956,436.8829, 226.6957,435.3827, 224.0978,436.8824, 221.4997,439.8823, 221.4993,441.3827, 224.0970,1304
428456.2216, 246.4778, 206.5074,244.9779, 209.1054,241.9779, 209.1056,240.4778, 206.5077,241.9774, 203.9095,244.9774, 203.9091,307.1089, 209.8988,304.1090, 209.8989,302.6088, 207.3010,304.1085, 204.7028,307.1084, 204.7024,308.6088, 207.3002,380.3976, 222.5621,378.8977, 225.1601,375.8978, 225.1603,374.3977, 222.5624,375.8973, 219.9642,378.8972, 219.9638,439.7022, 226.6761,436.7023, 226.6763,435.2021, 224.0784,436.7018, 221.4802,439.7018, 221.4798,441.2021, 224.0775,1305
428456.2383, 246.3703, 206.4485,244.8704, 209.0465,241.8705, 209.0467,240.3703, 206.4488,241.8700, 203.8506,244.8699, 203.8502,307.4013, 209.9258,304.4014, 209.9259,302.9012, 207.3280,304.4009, 204.7299,307.4008, 204.7294,308.9012, 207.3272,380.7035, 222.3822,379.2036, 224.9802,376.2037, 224.9803,374.7035, 222.3825,376.2032, 219.7843,379.2031, 219.7839,440.0990, 226.4955,437.0991, 226.4956,435.5989, 223.8977,437.0986, 221.2995,440.0985, 221.2991,441.5989, 223.8969,1306
428456.2550, 246.7986, 206.2266,245.2987, 208.8246,242.2988, 208.8248,240.7986, 206.2269,242.2983, 203.6287,245.2982, 203.6283,307.6374, 209.6881,304.6374, 209.6882,303.1373, 207.0903,304.6369, 204.4922,307.6369, 204.4917,309.1373, 207.0895,380.9694, 222.2278,379.4695, 224.8259,376.4695, 224.8260,374.9694, 222.2281,376.4690, 219.6300,379.4690, 219.6295,440.1656, 226.5127,437.1656, 226.5129,435.6655, 223.9150,437.1651, 221.3168,440.1651, 221.3164,441.6655, 223.9141,1307
428456.2716, 247.0874, 206.1632,245.5874, 208.7612,242.5875, 208.7614,241.0874, 206.1635,242.5870, 203.5653,245.5870, 203.5649,307.9290, 209.4863,304.9290, 209.4865,303.4289, 206.8886,304.9286, 204.2904,307.9285, 204.2900,309.4289, 206.8877,381.3399, 222.1579,379.8400, 224.7559,376.8401, 224.7560,375.3399, 222.1581,376.8396, 219.5600,379.8395, 219.5596,440.4810, 226.3908,437.4810, 226.3909,435.9809, 223.7930,437.4806, 221.1949,440.4805, 221.1945,441.9809, 223.7922,1308
428456.2883, 247.4414, 206.1725,245.9415, 208.7705,242.9416, 208.7706,241.4414, 206.1727,242.9411, 203.5746,245.9410, 203.5741,308.4280, 209.8074,305.4281, 209.8075,303.9279, 207.2096,305.4276, 204.6114,308.4275, 204.6110,309.9279, 207.2088,381.8683, 222.1930,380.3683, 224.7911,377.3684, 224.7912,375.8683, 222.1933,377.3680, 219.5952,380.3679, 219.5947,440.7704, 226.8728,437.7704, 226.8729,436.2703, 224.2750,437.7700, 221.6768,440.7699, 221.6764,442.2703, 224.2742,1309
428456.3050, 247.9771, 206.1006,246.4772, 208.6987,243.4773, 208.6988,241.9771, 206.1009,243.4768, 203.5028,246.4767, 203.5023,308.7361, 209.9905,305.7362, 209.9906,304.2361, 207.3927,305.7357, 204.7946,308.7357, 204.7941,310.2361, 207.3919,381.8404, 222.3443,380.3405, 224.9424,377.3405, 224.9425,375.8404, 222.3446,377.3400, 219.7465,380.3400, 219.7460,440.9293, 226.4693,437.9294, 226.4695,436.4293, 223.8716,437.9289, 221.2734,440.9288, 221.2730,442.4292, 223.8707,1310
428456.3217, 247.9726, 206.3886,246.4726, 208.9866,243.4727, 208.9868,241.9726, 206.3889,243.4722, 203.7907,246.4722, 203.7903,308.9747, 210.3212,305.9748, 210.3213,304.4746, 207.7234,305.9743, 205.1252,308.9742, 205.1248,310.4746, 207.7226,382.0955, 222.2576,380.5956, 224.8556,377.5956, 224.8557,376.0955, 222.2578,377.5951, 219.6597,380.5951, 219.6592,441.5980, 227.1278,438.5980, 227.1279,437.0979, 224.5300,438.5975, 221.9319,441.5975, 221.9315,443.0979, 224.5292,1311
428456.3383, 248.3310, 206.3659,246.8311, 208.9639,243.8311, 208.9641,242.3310, 206.3662,243.8306, 203.7680,246.8306, 203.7676,309.2896, 210.6466,306.2896, 210.6468,304.7895, 208.0489,306.2892, 205.4507,309.2891, 205.4503,310.7895, 208.0480,382.2376, 222.7037,380.7377, 225.3017,377.7378, 225.3018,376.2376, 222.7039,377.7373, 220.1058,380.7372, 220.1054,441.2622, 226.9389,438.2623, 226.9391,436.7622, 224.3412,438.2618, 221.7430,441.2617, 221.7426,442.7621, 224.3403,1312
428456.3550, 248.7209, 206.3714,247.2210, 208.9694,244.2211, 208.9696,242.7209, 206.3717,244.2206, 203.7735,247.2206, 203.7731,309.6549, 210.9328,306.6550, 210.9330,305.1548, 208.3351,306.6545, 205.7369,309.6544, 205.7365,311.1548, 208.3342,383.1537, 222.6560,381.6538, 225.2540,378.6539, 225.2542,377.1537, 222.6562,378.6534, 220.0581,381.6534, 220.0577,441.8166, 227.4388,438.8167, 227.4390,437.3166, 224.8411,438.8162, 222.2429,441.8161, 222.2425,443.3165, 224.8403,1313
428456.3717, 248.7803, 206.4047,247.2804, 209.0027,244.2805, 209.0029,242.7803, 206.4050,244.2800, 203.8068,247.2799, 203.8064,309.6933, 210.7822,306.6934, 210.7823,305.1932, 208.1844,306.6929, 205.5862,309.6928, 205.5858,311.1932, 208.1836,382.9131, 222.7867,381.4132, 225.3848,378.4132, 225.3849,376.9131, 222.7870,378.4128, 220.1888,381.4127, 220.1884,442.1136, 227.2796,439.1137, 227.2798,437.6136, 224.6819,439.1132, 222.0837,442.1132, 222.0833,443.6136, 224.6811,1314
428456.3883, 248.7370, 206.4087,247.2371, 209.0067,244.2372, 209.0069,242.7370, 206.4090,244.2367, 203.8108,247.2366, 203.8104,309.8166, 210.9506,306.8166, 210.9507,305.3165, 208.3528,306.8161, 205.7547,309.8161, 205.7542,311.3165, 208.3520,382.9262, 222.6191,381.4263, 225.2171,378.4264, 225.2172,376.9262, 222.6194,378.4259, 220.0212,381.4258, 220.0208,441.6038, 227.2646,438.6039, 227.2647,437.1037, 224.6668,438.6034, 222.0687,441.6033, 222.0683,443.1037, 224.6660,1315
428456.4050, 249.0526, 206.2383,247.5527, 208.8363,244.5528, 208.8365,243.0526, 206.2386,244.5523, 203.6404,247.5522, 203.6400,309.7112, 210.6464,306.7113, 210.6466,305.2111, 208.0487,306.7108, 205.4505,309.7107, 205.4501,311.2111, 208.0478,383.3126, 222.4846,381.8127, 225.0827,378.8128, 225.0828,377.3126, 222.4849,378.8123, 219.8867,381.8122, 219.8863,442.1635, 227.0215,439.1636, 227.0216,437.6634, 224.4237,439.1631, 221.8256,442.1630, 221.8251,443.6634, 224.4229,1316
428456.4217, 249.3718, 206.1158,247.8719, 208.7138,244.8720, 208.7140,243.3718, 206.1161,244.8715, 203.5179,247.8714, 203.5175,309.9637, 210.6121,306.9637, 210.6122,305.4636, 208.0143,306.9633, 205.4162,309.9632, 205.4158,311.4636, 208.0135,383.1110, 222.2202,381.6111, 224.8182,378.6112, 224.8183,377.1110, 222.2204,378.6107, 219.6223,381.6106, 219.6219,442.0790, 226.9044,439.0791, 226.9046,437.5789, 224.3067,439.0786, 221.7085,442.0785, 221.7081,443.5789, 224.3058,1317
428456.4384, 249.3333, 206.0400,247.8333, 208.6380,244.8334, 208.6382,243.3333, 206.0403,244.8329, 203.4421,247.8329, 203.4417,309.9383, 210.4291,306.9384, 210.4293,305.4382, 207.8314,306.9379, 205.2332,309.9378, 205.2328,311.4382, 207.8306,383.1668, 222.1995,381.6669, 224.7976,378.6670, 224.7977,377.1668, 222.1998,378.6665, 219.6016,381.6664, 219.6012,442.3407, 227.1799,439.3408, 227.1801,437.8406, 224.5822,439.3403, 221.9840,442.3402, 221.9836,443.8406, 224.5813,1318
428456.4550, 249.4977, 206.0580,247.9978, 208.6561,244.9979, 208.6562,243.4978, 206.0583,244.9974, 203.4601,247.9973, 203.4597,310.1736, 210.6086,307.1737, 210.6087,305.6735, 208.0108,307.1732, 205.4126,310.1731, 205.4122,311.6735, 208.0100,383.2021, 222.1920,381.7021, 224.7900,378.7022, 224.7902,377.2021, 222.1923,378.7017, 219.5941,381.7017, 219.5937,442.4835, 226.9197,439.4836, 226.9199,437.9834, 224.3220,439.4831, 221.7238,442.4830, 221.7234,443.9834, 224.3212,1319
428456.4717, 249.8212, 206.2023,248.3212, 208.8003,245.3213, 208.8005,243.8212, 206.2026,245.3208, 203.6044,248.3208, 203.6040,310.1890, 210.7330,307.1891, 210.7332,305.6889, 208.1353,307.1886, 205.5371,310.1885, 205.5367,311.6889, 208.1344,383.5057, 222.2983,382.0058, 224.8964,379.0058, 224.8965,377.5057, 222.2986,379.0053, 219.7004,382.0053, 219.7000,442.0914, 227.2929,439.0915, 227.2930,437.5913, 224.6951,439.0910, 222.0970,442.0909, 222.0965,443.5913, 224.6943,1320
428456.4884, 249.7549, 206.1667,248.2549, 208.7647,245.2550, 208.7648,243.7549, 206.1669,245.2545, 203.5688,248.2544, 203.5684,310.4846, 210.8659,307.4846, 210.8660,305.9845, 208.2681,307.4841, 205.6700,310.4841, 205.6695,311.9845, 208.2673,383.5498, 222.3914,382.0499, 224.9894,379.0500, 224.9896,377.5498, 222.3917,379.0495, 219.7935,382.0494, 219.7931,442.5190, 227.3358,439.5191, 227.3360,438.0190, 224.7381,439.5186, 222.1399,442.5185, 222.1395,444.0189, 224.7372,1321
428456.5051, 249.5863, 206.1563,248.0864, 208.7543,245.0865, 208.7544,243.5863, 206.1566,245.0860, 203.5584,248.0859, 203.5580,310.2347, 210.6034,307.2348, 210.6035,305.7346, 208.0056,307.2343, 205.4075,310.2342, 205.4070,311.7346, 208.0048,383.6247, 222.3283,382.1248, 224.9263,379.1248, 224.9265,377.6247, 222.3286,379.1244, 219.7304,382.1243, 219.7300,442.4461, 227.3150,439.4462, 227.3151,437.9461, 224.7172,439.4457, 222.1191,442.4456, 222.1187,443.9460, 224.7164,1322
428456.5217, 249.7613, 206.3016,248.2613, 208.8996,245.2614, 208.8997,243.7613, 206.3018,245.2609, 203.7037,248.2608, 203.7033,310.4324, 210.9295,307.4325, 210.9297,305.9323, 208.3318,307.4320, 205.7336,310.4319, 205.7332,311.9323, 208.3309,383.6660, 222.4005,382.1661, 224.9985,379.1662, 224.9986,377.6660, 222.4008,379.1657, 219.8026,382.1656, 219.8022,442.6923, 227.3459,439.6924, 227.3460,438.1922, 224.7481,439.6919, 222.1500,442.6918, 222.1495,444.1922, 224.7473,1323
428456.5384, 249.6899, 206.2417,248.1900, 208.8397,245.1901, 208.8398,243.6899, 206.2419,245.1896, 203.6438,248.1895, 203.6434,310.8946, 210.9079,307.8947, 210.9080,306.3945, 208.3101,307.8942, 205.7119,310.8941, 205.7115,312.3945, 208.3093,383.8010, 222.2355,382.3011, 224.8335,379.3011, 224.8337,377.8010, 222.2358,379.3007, 219.6376,382.3006, 219.6372,442.7412, 227.5704,439.7413, 227.5705,438.2411, 224.9726,439.7408, 222.3745,442.7407, 222.3740,444.2411, 224.9718,1324
428456.5551, 249.9170, 206.0615,248.4171, 208.6596,245.4172, 208.6597,243.9170, 206.0618,245.4167, 203.4637,248.4166, 203.4632,310.7321, 210.8746,307.7322, 210.8748,306.2321, 208.2769,307.7317, 205.6787,310.7317, 205.6783,312.2321, 208.2760,383.7081, 222.4930,382.2082, 225.0911,379.2082, 225.0912,377.7081, 222.4933,379.2077, 219.8952,382.2077, 219.8947,442.8250, 227.0442,439.8250, 227.0443,438.3249, 224.4464,439.8246, 221.8482,442.8245, 221.8478,444.3249, 224.4456,1325
428456.5718, 249.9501, 206.0505,248.4502, 208.6486,245.4503, 208.6487,243.9501, 206.0508,245.4498, 203.4527,248.4497, 203.4522,310.4412, 210.8840,307.4413, 210.8841,305.9411, 208.2862,307.4408, 205.6880,310.4407, 205.6876,311.9411, 208.2854,383.6606, 222.2432,382.1607, 224.8412,379.1608, 224.8413,377.6606, 222.2434,379.1603, 219.6453,382.1602, 219.6449,442.4593, 227.4305,439.4594, 227.4307,437.9592, 224.8328,439.4589, 222.2346,442.4588, 222.2342,443.9592, 224.8320,1326
428456.5886, 249.7073, 206.1036,248.2074, 208.7016,245.2074, 208.7018,243.7073, 206.1039,245.2069, 203.5057,248.2069, 203.5053,310.3964, 210.9333,307.3965, 210.9335,305.8963, 208.3356,307.3960, 205.7374,310.3959, 205.7370,311.8963, 208.3348,383.8069, 222.2396,382.3070, 224.8377,379.3071, 224.8378,377.8069, 222.2399,379.3066, 219.6417,382.3065, 219.6413,442.6461, 227.0699,439.6462, 227.0701,438.1460, 224.4722,439.6457, 221.8740,442.6456, 221.8736,444.1460, 224.4714,1327
428456.6053, 249.9902, 205.9363,248.4902, 208.5343,245.4903, 208.5344,243.9902, 205.9365,245.4898, 203.3384,248.4898, 203.3380,310.6214, 210.6619,307.6214, 210.6620,306.1213, 208.0641,307.6209, 205.4660,310.6209, 205.4656,312.1213, 208.0633,384.1772, 222.2595,382.6772, 224.8575,379.6773, 224.8576,378.1772, 222.2598,379.6768, 219.6616,382.6768, 219.6612,442.7549, 226.9892,439.7550, 226.9893,438.2549, 224.3914,439.7545, 221.7933,442.7545, 221.7928,444.2549, 224.3906,1328
428456.6219, 249.8672, 205.9765,248.3672, 208.5745,245.3673, 208.5746,243.8672, 205.9767,245.3668, 203.3786,248.3668, 203.3782,310.5343, 210.8635,307.5343, 210.8636,306.0342, 208.2658,307.5338, 205.6676,310.5338, 205.6672,312.0342, 208.2649,383.6334, 222.1932,382.1335, 224.7913,379.1336, 224.7914,377.6334, 222.1935,379.1331, 219.5954,382.1330, 219.5949,442.8866, 227.1783,439.8867, 227.1784,438.3865, 224.5805,439.8862, 221.9823,442.8861, 221.9819,444.3865, 224.5797,1329
428456.6386, 250.2614, 206.1326,248.7614, 208.7307,245.7615, 208.7308,244.2614, 206.1329,245.7610, 203.5347,248.7609, 203.5343,310.9460, 210.9603,307.9461, 210.9604,306.4460, 208.3626,307.9456, 205.7644,310.9455, 205.7640,312.4459, 208.3617,383.7945, 222.2066,382.2946, 224.8047,379.2946, 224.8048,377.7945, 222.2069,379.2942, 219.6087,382.2941, 219.6083,442.5965, 227.0640,439.5966, 227.0642,438.0964, 224.4663,439.5961, 221.8681,442.5960, 221.8677,444.0964, 224.4655,1330
428456.6553, 249.8601, 206.1528,248.3602, 208.7508,245.3602, 208.7510,243.8601, 206.1531,245.3598, 203.5549,248.3597, 203.5545,310.3866, 210.9643,307.3867, 210.9645,305.8865, 208.3666,307.3862, 205.7684,310.3861, 205.7680,311.8865, 208.3658,383.9455, 222.5088,382.4456, 225.1068,379.4456, 225.1070,377.9455, 222.5091,379.4452, 219.9109,382.4451, 219.9105,442.5164, 227.5504,439.5164, 227.5505,438.0163, 224.9526,439.5159, 222.3545,442.5159, 222.3540,444.0163, 224.9518,1331
428456.6720, 249.8524, 206.2890,248.3525, 208.8870,245.3526, 208.8871,243.8524, 206.2892,245.3521, 203.6911,248.3520, 203.6907,310.8713, 210.9649,307.8713, 210.9651,306.3712, 208.3672,307.8708, 205.7690,310.8708, 205.7686,312.3712, 208.3663,383.6846, 222.5515,382.1847, 225.1495,379.1848, 225.1497,377.6846, 222.5518,379.1843, 219.9536,382.1842, 219.9532,443.1353, 227.3328,440.1354, 227.3329,438.6353, 224.7351,440.1349, 222.1369,443.1349, 222.1365,444.6353, 224.7342,1332
428456.6887, 250.3683, 206.4844,248.8683, 209.0825,245.8684, 209.0826,244.3683, 206.4847,245.8679, 203.8866,248.8679, 203.8861,310.9043, 211.2331,307.9044, 211.2333,306.4042, 208.6354,307.9039, 206.0372,310.9038, 206.0368,312.4042, 208.6346,383.9215, 222.6868,382.4216, 225.2849,379.4217, 225.2850,377.9215, 222.6871,379.4212, 220.0889,382.4211, 220.0885,442.7986, 227.5205,439.7986, 227.5207,438.2985, 224.9228,439.7982, 222.3246,442.7981, 222.3242,444.2985, 224.9220,1333
428456.7053, 250.1696, 206.3616,248.6697, 208.9596,245.6698, 208.9597,244.1697, 206.3618,245.6693, 203.7637,248.6693, 203.7632,310.9402, 211.0858,307.9403, 211.0860,306.4402, 208.4881,307.9398, 205.8899,310.9398, 205.8895,312.4402, 208.4872,383.8042, 222.6295,382.3043, 225.2276,379.3044, 225.2277,377.8042, 222.6298,379.3039, 220.0316,382.3038, 220.0312,442.6978, 227.5324,439.6979, 227.5325,438.1978, 224.9346,439.6974, 222.3365,442.6974, 222.3360,444.1978, 224.9338,1334
428456.7220, 249.9196, 206.3381,248.4197, 208.9362,245.4198, 208.9363,243.9196, 206.3384,245.4193, 203.7402,248.4192, 203.7398,310.5762, 211.2114,307.5763, 211.2115,306.0762, 208.6137,307.5758, 206.0155,310.5757, 206.0151,312.0761, 208.6128,383.8331, 222.7908,382.3332, 225.3889,379.3333, 225.3890,377.8331, 222.7911,379.3328, 220.1929,382.3327, 220.1925,443.0596, 227.6000,440.0597, 227.6001,438.5595, 225.0022,440.0592, 222.4041,443.0591, 222.4036,444.5595, 225.0014,1335
428456.7387, 250.0360, 206.8513,248.5361, 209.4493,245.5362, 209.4494,244.0360, 206.8515,245.5357, 204.2534,248.5356, 204.2529,310.6178, 211.3008,307.6179, 211.3009,306.1178, 208.7030,307.6174, 206.1049,310.6173, 206.1044,312.1177, 208.7022,383.3499, 223.2847,381.8499, 225.8827,378.8500, 225.8829,377.3499, 223.2850,378.8495, 220.6868,381.8495, 220.6864,442.6890, 227.9125,439.6891, 227.9126,438.1889, 225.3147,439.6886, 222.7166,442.6885, 222.7161,444.1889, 225.3139,1336
428456.7554, 249.8514, 207.4289,248.3515, 210.0269,245.3516, 210.0271,243.8514, 207.4292,245.3511, 204.8310,248.3510, 204.8306,310.3318, 212.2298,307.3318, 212.2299,305.8317, 209.6320,307.3314, 207.0338,310.3313, 207.0334,311.8317, 209.6312,382.6048, 224.0136,381.1049, 226.6117,378.1050, 226.6118,376.6048, 224.0139,378.1045, 221.4157,381.1044, 221.4153,442.5952, 228.8940,439.5953, 228.8941,438.0952, 226.2962,439.5948, 223.6981,442.5948, 223.6976,444.0952, 226.2954,1337
428456.7721, 249.3692, 208.1425,247.8693, 210.7405,244.8693, 210.7406,243.3692, 208.1427,244.8689, 205.5446,247.8688, 205.5441,310.2441, 212.6855,307.2442, 212.6857,305.7440, 210.0878,307.2437, 207.4896,310.2437, 207.4892,311.7440, 210.0869,381.7256, 224.5745,380.2257, 227.1725,377.2258, 227.1727,375.7256, 224.5748,377.2253, 221.9766,380.2252, 221.9762,442.5654, 229.9236,439.5655, 229.9237,438.0653, 227.3258,439.5650, 224.7277,442.5649, 224.7272,444.0653, 227.3250,1338
428456.7887, 248.7349, 208.6402,247.2350, 211.2383,244.2351, 211.2384,242.7349, 208.6405,244.2346, 206.0423,247.2345, 206.0419,310.3041, 213.5672,307.3042, 213.5673,305.8040, 210.9694,307.3037, 208.3712,310.3036, 208.3708,311.8040, 210.9686,382.0758, 224.9942,380.5759, 227.5922,377.5759, 227.5923,376.0758, 224.9945,377.5754, 222.3963,380.5754, 222.3959,442.7570, 230.8846,439.7571, 230.8848,438.2569, 228.2869,439.7566, 225.6887,442.7565, 225.6883,444.2569, 228.2860,1339
428456.8054, 248.8952, 208.8852,247.3953, 211.4832,244.3954, 211.4833,242.8952, 208.8855,244.3949, 206.2873,247.3948, 206.2869,310.5228, 213.9797,307.5229, 213.9799,306.0227, 211.3820,307.5224, 208.7838,310.5223, 208.7834,312.0227, 211.3811,381.5608, 225.3179,380.0609, 227.9159,377.0609, 227.9161,375.5608, 225.3182,377.0605, 222.7200,380.0604, 222.7196,442.5690, 231.4240,439.5690, 231.4242,438.0689, 228.8263,439.5685, 226.2281,442.5685, 226.2277,444.0689, 228.8255,1340
428456.8221, 249.1812, 208.9780,247.6813, 211.5760,244.6814, 211.5762,243.1812, 208.9783,244.6809, 206.3801,247.6808, 206.3797,310.2019, 214.0900,307.2020, 214.0901,305.7019, 211.4922,307.2015, 208.8941,310.2014, 208.8937,311.7018, 211.4914,381.9410, 225.4584,380.4410, 228.0565,377.4411, 228.0566,375.9410, 225.4587,377.4406, 222.8605,380.4406, 222.8601,442.5511, 231.6726,439.5512, 231.6727,438.0510, 229.0748,439.5507, 226.4767,442.5506, 226.4762,444.0510, 229.0740,1341
428456.8388, 248.8784, 209.2448,247.3784, 211.8428,244.3785, 211.8430,242.8784, 209.2451,244.3780, 206.6469,247.3780, 206.6465,310.3648, 214.4711,307.3649, 214.4712,305.8647, 211.8733,307.3644, 209.2752,310.3643, 209.2747,311.8647, 211.8725,381.6491, 225.7553,380.1492, 228.3534,377.1492, 228.3535,375.6491, 225.7556,377.1487, 223.1575,380.1487, 223.1570,442.4507, 231.5864,439.4507, 231.5865,437.9506, 228.9886,439.4502, 226.3905,442.4502, 226.3900,443.9506, 228.9878,1342
428456.8555, 248.4928, 209.3249,246.9929, 211.9230,243.9930, 211.9231,242.4928, 209.3252,243.9925, 206.7271,246.9924, 206.7266,310.1653, 214.4438,307.1654, 214.4439,305.6653, 211.8461,307.1649, 209.2479,310.1648, 209.2475,311.6652, 211.8452,381.5930, 225.9654,380.0931, 228.5634,377.0932, 228.5636,375.5930, 225.9657,377.0927, 223.3675,380.0926, 223.3671,442.8081, 232.0400,439.8082, 232.0401,438.3080, 229.4422,439.8077, 226.8441,442.8076, 226.8436,444.3080, 229.4414,1343
428456.8721, 248.7313, 209.3029,247.2314, 211.9010,244.2315, 211.9011,242.7313, 209.3032,244.2310, 206.7051,247.2309, 206.7046,310.4480, 214.2719,307.4481, 214.2721,305.9479, 211.6742,307.4476, 209.0760,310.4475, 209.0756,311.9479, 211.6734,381.3519, 225.8564,379.8520, 228.4544,376.8521, 228.4546,375.3519, 225.8567,376.8516, 223.2585,379.8515, 223.2581,442.3859, 231.4416,439.3860, 231.4418,437.8858, 228.8439,439.3855, 226.2457,442.3854, 226.2453,443.8858, 228.8430,1344
428456.8888, 248.2481, 209.3023,246.7482, 211.9003,243.7483, 211.9005,242.2481, 209.3026,243.7478, 206.7044,246.7477, 206.7040,309.9203, 214.3322,306.9203, 214.3323,305.4202, 211.7344,306.9198, 209.1362,309.9198, 209.1358,311.4202, 211.7336,381.2570, 225.7727,379.7570, 228.3708,376.7571, 228.3709,375.2570, 225.7730,376.7566, 223.1749,379.7565, 223.1744,442.5816, 231.7906,439.5817, 231.7908,438.0815, 229.1929,439.5812, 226.5947,442.5811, 226.5943,444.0815, 229.1921,1345
428456.9055, 248.4021, 209.2541,246.9021, 211.8521,243.9022, 211.8522,242.4021, 209.2543,243.9017, 206.6562,246.9017, 206.6557,309.9417, 214.1894,306.9418, 214.1896,305.4417, 211.5917,306.9413, 208.9935,309.9413, 208.9931,311.4417, 211.5908,381.3727, 225.6863,379.8728, 228.2843,376.8728, 228.2845,375.3727, 225.6866,376.8723, 223.0884,379.8723, 223.0880,442.3759, 231.6429,439.3760, 231.6431,437.8759, 229.0452,439.3755, 226.4470,442.3754, 226.4466,443.8758, 229.0444,1346
428456.9222, 248.0126, 209.1136,246.5126, 211.7117,243.5127, 211.7118,242.0126, 209.1139,243.5122, 206.5158,246.5122, 206.5154,309.9448, 214.0298,306.9448, 214.0300,305.4447, 211.4321,306.9443, 208.8339,309.9443, 208.8335,311.4447, 211.4312,381.1245, 225.5294,379.6245, 228.1275,376.6246, 228.1276,375.1245, 225.5297,376.6241, 222.9316,379.6241, 222.9311,442.0949, 231.0411,439.0950, 231.0413,437.5948, 228.4434,439.0945, 225.8452,442.0944, 225.8448,443.5948, 228.4426,1347
428456.9389, 247.9263, 209.1667,246.4264, 211.7647,243.4264, 211.7649,241.9263, 209.1670,243.4259, 206.5688,246.4259, 206.5684,309.5519, 213.7069,306.5520, 213.7070,305.0519, 211.1091,306.5515, 208.5110,309.5515, 208.5106,311.0518, 211.1083,381.1248, 225.2789,379.6249, 227.8770,376.6250, 227.8771,375.1248, 225.2792,376.6245, 222.6810,379.6245, 222.6806,442.2996, 231.1665,439.2997, 231.1667,437.7995, 228.5688,439.2992, 225.9706,442.2991, 225.9702,443.7995, 228.5679,1348
428456.9555, 248.0366, 209.0273,246.5367, 211.6253,243.5367, 211.6255,242.0366, 209.0276,243.5363, 206.4294,246.5362, 206.4290,310.0517, 213.8861,307.0518, 213.8863,305.5516, 211.2884,307.0513, 208.6902,310.0512, 208.6898,311.5516, 211.2876,380.7708, 225.2750,379.2709, 227.8730,376.2709, 227.8731,374.7708, 225.2752,376.2704, 222.6771,379.2704, 222.6767,441.9094, 231.1939,438.9095, 231.1941,437.4093, 228.5962,438.9090, 225.9980,441.9089, 225.9976,443.4093, 228.5954,1349
428456.9722, 247.8183, 209.2851,246.3184, 211.8831,243.3185, 211.8833,241.8183, 209.2854,243.3180, 206.6872,246.3179, 206.6868,309.7355, 213.9410,306.7355, 213.9412,305.2354, 211.3433,306.7350, 208.7451,309.7350, 208.7447,311.2354, 211.3424,381.0623, 225.4691,379.5624, 228.0671,376.5625, 228.0673,375.0623, 225.4694,376.5620, 222.8712,379.5620, 222.8708,442.2023, 231.3921,439.2024, 231.3922,437.7022, 228.7943,439.2019, 226.1961,442.2018, 226.1957,443.7022, 228.7935,1350
428456.9887, 247.6983, 209.3511,246.1984, 211.9491,243.1984, 211.9493,241.6983, 209.3514,243.1980, 206.7532,246.1979, 206.7528,309.6971, 214.2548,306.6972, 214.2550,305.1970, 211.6571,306.6967, 209.0589,309.6966, 209.0585,311.1970, 211.6562,380.9534, 225.5737,379.4535, 228.1717,376.4535, 228.1718,374.9534, 225.5739,376.4530, 222.9758,379.4530, 222.9754,442.2190, 231.5224,439.2191, 231.5226,437.7189, 228.9247,439.2186, 226.3265,442.2185, 226.3261,443.7189, 228.9239,1351
428457.0054, 247.9608, 209.4138,246.4608, 212.0119,243.4609, 212.0120,241.9608, 209.4141,243.4604, 206.8160,246.4604, 206.8155,309.4520, 214.4619,306.4520, 214.4621,304.9519, 211.8642,306.4515, 209.2660,309.4515, 209.2656,310.9519, 211.8634,381.3938, 225.8102,379.8939, 228.4082,376.8939, 228.4084,375.3938, 225.8105,376.8934, 223.2123,379.8934, 223.2119,442.1970, 231.8252,439.1971, 231.8254,437.6969, 229.2275,439.1966, 226.6293,442.1965, 226.6289,443.6969, 229.2267,1352
428457.0221, 247.7200, 209.6406,246.2201, 212.2386,243.2202, 212.2388,241.7200, 209.6409,243.2197, 207.0427,246.2196, 207.0423,309.7755, 214.4897,306.7755, 214.4899,305.2754, 211.8920,306.7750, 209.2938,309.7750, 209.2934,311.2754, 211.8912,381.2336, 225.7990,379.7337, 228.3970,376.7338, 228.3971,375.2336, 225.7992,376.7333, 223.2010,379.7332, 223.2006,442.0608, 231.6719,439.0608, 231.6720,437.5607, 229.0742,439.0603, 226.4760,442.0603, 226.4756,443.5607, 229.0733,1353
428457.0388, 247.7642, 209.6834,246.2643, 212.2814,243.2644, 212.2816,241.7642, 209.6837,243.2639, 207.0855,246.2638, 207.0851,309.2746, 214.3617,306.2747, 214.3619,304.7745, 211.7640,306.2742, 209.1658,309.2741, 209.1654,310.7745, 211.7631,381.0818, 225.9064,379.5819, 228.5045,376.5819, 228.5046,375.0818, 225.9067,376.5815, 223.3086,379.5814, 223.3081,442.0367, 231.3348,439.0367, 231.3349,437.5366, 228.7370,439.0362, 226.1389,442.0362, 226.1384,443.5366, 228.7362,1354
428457.0554, 247.6240, 209.4659,246.1241, 212.0639,243.1242, 212.0640,241.6240, 209.4661,243.1237, 206.8680,246.1236, 206.8675,309.6187, 214.3237,306.6188, 214.3238,305.1187, 211.7260,306.6183, 209.1278,309.6183, 209.1274,311.1187, 211.7251,380.5955, 225.6815,379.0956, 228.2795,376.0956, 228.2797,374.5955, 225.6818,376.0952, 223.0836,379.0951, 223.0832,441.8303, 231.5297,438.8303, 231.5298,437.3302, 228.9319,438.8298, 226.3338,441.8298, 226.3334,443.3302, 228.9311,1355
428457.0721, 247.9757, 209.2918,246.4758, 211.8898,243.4759, 211.8900,241.9757, 209.2921,243.4754, 206.6939,246.4753, 206.6935,309.3807, 213.8609,306.3808, 213.8611,304.8807, 211.2632,306.3803, 208.6650,309.3802, 208.6646,310.8806, 211.2623,380.6958, 225.5801,379.1959, 228.1782,376.1960, 228.1783,374.6958, 225.5804,376.1955, 222.9822,379.1954, 222.9818,441.8130, 231.3248,438.8131, 231.3249,437.3130, 228.7270,438.8127, 226.1289,441.8126, 226.1284,443.3130, 228.7262,1356
428457.0888, 248.1923, 208.9909,246.6923, 211.5889,243.6924, 211.5890,242.1923, 208.9911,243.6919, 206.3930,246.6919, 206.3925,309.0649, 213.5510,306.0650, 213.5511,304.5648, 210.9532,306.0645, 208.3551,309.0645, 208.3547,310.5648, 210.9524,380.6647, 225.3681,379.1648, 227.9661,376.1649, 227.9662,374.6648, 225.3684,376.1644, 222.7702,379.1643, 222.7698,441.8112, 230.9315,438.8113, 230.9317,437.3111, 228.3338,438.8108, 225.7356,441.8107, 225.7352,443.3111, 228.3329,1357
428457.1055, 247.4969, 208.8795,245.9970, 211.4775,242.9971, 211.4776,241.4969, 208.8797,242.9966, 206.2816,245.9965, 206.2811,309.2157, 213.7433,306.2158, 213.7435,304.7156, 211.1456,306.2153, 208.5474,309.2152, 208.5470,310.7156, 211.1447,380.5004, 225.2206,379.0005, 227.8186,376.0006, 227.8188,374.5004, 225.2209,376.0001, 222.6227,379.0000, 222.6223,441.8875, 231.0444,438.8876, 231.0445,437.3875, 228.4466,438.8871, 225.8485,441.8871, 225.8480,443.3875, 228.4458,1358
428457.1221, 247.4590, 208.9687,245.9591, 211.5667,242.9592, 211.5669,241.4590, 208.9690,242.9587, 206.3708,245.9586, 206.3704,308.5396, 213.2562,305.5397, 213.2564,304.0396, 210.6585,305.5392, 208.0603,308.5391, 208.0599,310.0395, 210.6577,380.6926, 225.2421,379.1927, 227.8401,376.1928, 227.8403,374.6927, 225.2424,376.1923, 222.6442,379.1922, 222.6438,441.8210, 231.0229,438.8210, 231.0230,437.3209, 228.4252,438.8206, 225.8270,441.8205, 225.8266,443.3209, 228.4243,1359
428457.1388, 247.3699, 209.0373,245.8700, 211.6353,242.8701, 211.6355,241.3699, 209.0376,242.8696, 206.4394,245.8696, 206.4390,309.3827, 213.7581,306.3828, 213.7583,304.8827, 211.1604,306.3823, 208.5622,309.3822, 208.5618,310.8826, 211.1595,380.7546, 225.2456,379.2547, 227.8436,376.2548, 227.8437,374.7547, 225.2458,376.2543, 222.6477,379.2542, 222.6472,441.5280, 230.9352,438.5280, 230.9353,437.0279, 228.3374,438.5276, 225.7393,441.5275, 225.7389,443.0279, 228.3366,1360
428457.1555, 247.1366, 209.2748,245.6367, 211.8729,242.6368, 211.8730,241.1366, 209.2751,242.6363, 206.6769,245.6362, 206.6765,309.0299, 213.8983,306.0300, 213.8984,304.5298, 211.3005,306.0295, 208.7024,309.0294, 208.7020,310.5298, 211.2997,380.7568, 225.4225,379.2569, 228.0205,376.2570, 228.0207,374.7569, 225.4228,376.2565, 222.8246,379.2564, 222.8242,441.7786, 231.0996,438.7787, 231.0997,437.2785, 228.5018,438.7782, 225.9037,441.7781, 225.9032,443.2785, 228.5010,1361
428457.1721, 247.1277, 209.3548,245.6277, 211.9528,242.6278, 211.9529,241.1277, 209.3551,242.6273, 206.7569,245.6273, 206.7565,309.1567, 214.2107,306.1568, 214.2108,304.6566, 211.6129,306.1563, 209.0148,309.1562, 209.0144,310.6566, 211.6121,380.3171, 225.6223,378.8172, 228.2203,375.8173, 228.2204,374.3171, 225.6225,375.8168, 223.0244,378.8167, 223.0240,441.6080, 231.5088,438.6081, 231.5089,437.1080, 228.9110,438.6076, 226.3129,441.6075, 226.3124,443.1079, 228.9102,1362
428457.1888, 247.4440, 209.5025,245.9441, 212.1005,242.9442, 212.1006,241.4440, 209.5027,242.9437, 206.9046,245.9436, 206.9041,308.9796, 214.3630,305.9796, 214.3631,304.4795, 211.7652,305.9792, 209.1670,308.9791, 209.1666,310.4795, 211.7644,380.7808, 225.7941,379.2809, 228.3921,376.2810, 228.3923,374.7808, 225.7944,376.2805, 223.1962,379.2804, 223.1958,441.6584, 231.5304,438.6585, 231.5306,437.1584, 228.9327,438.6580, 226.3345,441.6579, 226.3341,443.1583, 228.9319,1363
428457.2055, 247.1099, 209.5524,245.6100, 212.1504,242.6101, 212.1506,241.1099, 209.5527,242.6096, 206.9545,245.6095, 206.9541,308.8417, 214.4765,305.8417, 214.4766,304.3416, 211.8787,305.8412, 209.2805,308.8412, 209.2801,310.3416, 211.8779,380.4500, 225.9721,378.9500, 228.5701,375.9501, 228.5703,374.4500, 225.9724,375.9496, 223.3742,378.9496, 223.3738,441.7100, 231.5735,438.7101, 231.5737,437.2099, 228.9758,438.7096, 226.3776,441.7095, 226.3772,443.2099, 228.9749,1364
428457.2222, 247.0192, 209.4204,245.5193, 212.0184,242.5193, 212.0186,241.0192, 209.4207,242.5189, 206.8225,245.5188, 206.8221,309.0874, 213.9855,306.0875, 213.9856,304.5873, 211.3877,306.0870, 208.7895,309.0869, 208.7891,310.5873, 211.3869,380.3238, 225.8567,378.8239, 228.4547,375.8239, 228.4548,374.3238, 225.8569,375.8235, 223.2588,378.8234, 223.2583,441.6019, 231.3042,438.6020, 231.3044,437.1018, 228.7065,438.6015, 226.1083,441.6014, 226.1079,443.1018, 228.7056,1365
428457.2388, 247.5555, 209.2047,246.0555, 211.8027,243.0556, 211.8028,241.5555, 209.2049,243.0551, 206.6068,246.0551, 206.6064,309.1634, 213.7460,306.1635, 213.7461,304.6634, 211.1482,306.1630, 208.5500,309.1629, 208.5496,310.6633, 211.1474,380.1377, 225.4662,378.6378, 228.0642,375.6378, 228.0643,374.1377, 225.4664,375.6374, 222.8683,378.6373, 222.8679,441.7095, 231.3702,438.7096, 231.3704,437.2094, 228.7725,438.7091, 226.1743,441.7090, 226.1739,443.2094, 228.7717,1366
428457.2555, 247.6006, 209.0667,246.1007, 211.6647,243.1008, 211.6648,241.6006, 209.0669,243.1003, 206.4688,246.1002, 206.4683,309.2718, 213.8956,306.2719, 213.8958,304.7718, 211.2979,306.2714, 208.6997,309.2713, 208.6993,310.7717, 211.2970,380.2925, 225.4197,378.7926, 228.0178,375.7926, 228.0179,374.2925, 225.4200,375.7921, 222.8219,378.7921, 222.8214,441.4283, 230.9765,438.4283, 230.9767,436.9282, 228.3788,438.4278, 225.7806,441.4278, 225.7802,442.9282, 228.3779,1367
428457.2722, 247.7076, 209.0837,246.2077, 211.6817,243.2078, 211.6819,241.7076, 209.0840,243.2073, 206.4858,246.2072, 206.4854,308.9739, 213.9744,305.9740, 213.9745,304.4739, 211.3766,305.9735, 208.7785,308.9734, 208.7781,310.4738, 211.3758,380.2243, 225.5954,378.7244, 228.1935,375.7244, 228.1936,374.2243, 225.5957,375.7239, 222.9975,378.7239, 222.9971,441.6726, 230.9982,438.6727, 230.9984,437.1725, 228.4005,438.6722, 225.8023,441.6721, 225.8019,443.1725, 228.3996,1368
428457.2889, 247.1145, 209.2955,245.6146, 211.8935,242.6147, 211.8937,241.1145, 209.2958,242.6142, 206.6976,245.6141, 206.6972,308.8557, 213.5112,305.8557, 213.5113,304.3556, 210.9135,305.8553, 208.3153,308.8552, 208.3149,310.3556, 210.9126,380.4838, 225.4866,378.9839, 228.0846,375.9840, 228.0847,374.4838, 225.4869,375.9835, 222.8887,378.9834, 222.8883,441.6261, 231.0875,438.6262, 231.0876,437.1260, 228.4898,438.6257, 225.8916,441.6256, 225.8912,443.1260, 228.4889,1369
428457.3055, 247.5380, 209.2216,246.0381, 211.8197,243.0381, 211.8198,241.5380, 209.2219,243.0377, 206.6237,246.0376, 206.6233,309.2338, 214.0768,306.2339, 214.0769,304.7337, 211.4790,306.2334, 208.8808,309.2333, 208.8804,310.7337, 211.4782,380.6788, 225.4706,379.1789, 228.0686,376.1790, 228.0688,374.6788, 225.4709,376.1785, 222.8727,379.1784, 222.8723,441.5818, 231.1904,438.5819, 231.1906,437.0818, 228.5927,438.5815, 225.9945,441.5814, 225.9941,443.0818, 228.5918,1370
428457.3222, 247.2911, 209.4348,245.7912, 212.0328,242.7912, 212.0330,241.2911, 209.4351,242.7907, 206.8369,245.7907, 206.8365,308.9930, 213.8947,305.9931, 213.8949,304.4930, 211.2970,305.9926, 208.6988,308.9925, 208.6984,310.4929, 211.2961,380.2781, 225.6735,378.7782, 228.2715,375.7783, 228.2717,374.2781, 225.6738,375.7778, 223.0756,378.7777, 223.0752,441.7033, 231.3566,438.7034, 231.3567,437.2032, 228.7588,438.7029, 226.1606,441.7028, 226.1602,443.2032, 228.7580,1371
428457.3389, 247.4691, 209.5320,245.9692, 212.1301,242.9693, 212.1302,241.4692, 209.5323,242.9688, 206.9341,245.9688, 206.9337,309.0113, 214.1947,306.0114, 214.1949,304.5113, 211.5970,306.0109, 208.9988,309.0108, 208.9984,310.5112, 211.5962,380.3484, 225.8873,378.8484, 228.4853,375.8485, 228.4854,374.3484, 225.8875,375.8480, 223.2894,378.8480, 223.2889,441.7060, 231.5080,438.7061, 231.5081,437.2060, 228.9102,438.7056, 226.3121,441.7055, 226.3116,443.2059, 228.9094,1372
428457.3556, 247.4891, 209.4764,245.9892, 212.0744,242.9893, 212.0746,241.4891, 209.4767,242.9888, 206.8785,245.9887, 206.8781,309.3885, 214.0799,306.3886, 214.0800,304.8885, 211.4821,306.3882, 208.8840,309.3881, 208.8835,310.8885, 211.4813,380.3420, 225.7495,378.8420, 228.3476,375.8421, 228.3477,374.3420, 225.7498,375.8416, 223.1517,378.8416, 223.1512,441.8384, 231.3594,438.8384, 231.3595,437.3383, 228.7616,438.8380, 226.1635,441.8379, 226.1630,443.3383, 228.7608,1373
428457.3725, 247.2552, 209.6057,245.7553, 212.2037,242.7554, 212.2038,241.2552, 209.6059,242.7549, 207.0078,245.7549, 207.0074,309.3820, 214.3082,306.3821, 214.3083,304.8819, 211.7104,306.3816, 209.1123,309.3815, 209.1119,310.8819, 211.7096,380.5584, 225.7916,379.0585, 228.3897,376.0586, 228.3898,374.5584, 225.7919,376.0581, 223.1938,379.0580, 223.1933,442.0025, 231.3607,439.0026, 231.3608,437.5024, 228.7629,439.0021, 226.1647,442.0020, 226.1643,443.5024, 228.7621,1374
428457.3892, 247.2607, 209.2794,245.7607, 211.8775,242.7608, 211.8776,241.2607, 209.2797,242.7603, 206.6815,245.7603, 206.6811,308.8375, 214.0149,305.8376, 214.0151,304.3374, 211.4172,305.8371, 208.8190,308.8370, 208.8186,310.3374, 211.4163,380.4117, 225.8011,378.9118, 228.3992,375.9119, 228.3993,374.4117, 225.8014,375.9114, 223.2032,378.9113, 223.2028,441.8710, 231.4614,438.8711, 231.4616,437.3709, 228.8637,438.8706, 226.2655,441.8705, 226.2651,443.3709, 228.8629,1375
428457.4059, 247.8370, 209.3834,246.3371, 211.9814,243.3371, 211.9815,241.8370, 209.3836,243.3367, 206.7855,246.3366, 206.7850,309.1729, 214.0493,306.1730, 214.0494,304.6729, 211.4515,306.1725, 208.8533,309.1724, 208.8529,310.6728, 211.4507,380.4843, 225.7938,378.9844, 228.3918,375.9845, 228.3919,374.4843, 225.7940,375.9840, 223.1959,378.9839, 223.1954,441.8149, 231.3799,438.8150, 231.3800,437.3148, 228.7821,438.8145, 226.1839,441.8144, 226.1835,443.3148, 228.7813,1376
428457.4226, 247.6584, 209.4152,246.1584, 212.0133,243.1585, 212.0134,241.6584, 209.4155,243.1580, 206.8173,246.1580, 206.8169,309.0844, 214.0178,306.0845, 214.0180,304.5844, 211.4201,306.0840, 208.8219,309.0840, 208.8215,310.5844, 211.4193,380.1447, 225.4659,378.6448, 228.0639,375.6449, 228.0640,374.1447, 225.4661,375.6444, 222.8680,378.6443, 222.8676,441.7339, 231.2902,438.7339, 231.2904,437.2338, 228.6925,438.7334, 226.0943,441.7334, 226.0939,443.2338, 228.6917,1377
428457.4393, 247.4466, 209.3221,245.9467, 211.9201,242.9468, 211.9202,241.4466, 209.3223,242.9463, 206.7242,245.9462, 206.7237,308.6451, 213.7962,305.6451, 213.7963,304.1450, 211.1984,305.6447, 208.6003,308.6446, 208.5998,310.1450, 211.1976,380.3473, 225.4348,378.8474, 228.0329,375.8475, 228.0330,374.3473, 225.4351,375.8470, 222.8369,378.8469, 222.8365,441.9075, 231.0400,438.9076, 231.0401,437.4074, 228.4422,438.9071, 225.8441,441.9070, 225.8436,443.4074, 228.4414,1378
428457.4559, 247.5398, 209.1613,246.0399, 211.7593,243.0400, 211.7594,241.5398, 209.1615,243.0395, 206.5634,246.0394, 206.5629,309.2219, 213.9955,306.2220, 213.9957,304.7218, 211.3978,306.2215, 208.7996,309.2214, 208.7992,310.7218, 211.3970,380.5828, 225.3492,379.0829, 227.9473,376.0830, 227.9474,374.5828, 225.3495,376.0825, 222.7513,379.0824, 222.7509,441.5911, 231.0413,438.5912, 231.0414,437.0910, 228.4435,438.5907, 225.8454,441.5906, 225.8449,443.0910, 228.4427,1379
428457.4726, 247.2188, 209.2236,245.7188, 211.8216,242.7189, 211.8218,241.2188, 209.2239,242.7184, 206.6257,245.7184, 206.6253,308.7043, 213.7524,305.7043, 213.7525,304.2042, 211.1546,305.7039, 208.5565,308.7038, 208.5561,310.2042, 211.1538,380.0357, 225.6267,378.5358, 228.2248,375.5359, 228.2249,374.0357, 225.6270,375.5354, 223.0289,378.5353, 223.0284,441.7264, 231.1466,438.7264, 231.1467,437.2263, 228.5488,438.7260, 225.9506,441.7259, 225.9502,443.2263, 228.5480,1380
428457.4893, 247.1812, 209.3736,245.6813, 211.9716,242.6813, 211.9717,241.1812, 209.3738,242.6808, 206.7757,245.6808, 206.7753,308.9989, 213.8943,305.9989, 213.8945,304.4988, 211.2966,305.9984, 208.6984,308.9984, 208.6980,310.4988, 211.2958,380.2774, 225.6248,378.7775, 228.2229,375.7776, 228.2230,374.2774, 225.6251,375.7771, 223.0269,378.7770, 223.0265,441.4929, 231.0935,438.4930, 231.0936,436.9928, 228.4957,438.4925, 225.8976,441.4924, 225.8972,442.9928, 228.4949,1381
428457.5060, 247.4644, 209.3426,245.9644, 211.9406,242.9645, 211.9408,241.4644, 209.3429,242.9640, 206.7447,245.9639, 206.7443,309.0808, 213.8932,306.0809, 213.8933,304.5807, 211.2955,306.0804, 208.6973,309.0803, 208.6969,310.5807, 211.2946,379.6124, 225.6906,378.1125, 228.2886,375.1125, 228.2888,373.6124, 225.6909,375.1121, 223.0927,378.1120, 223.0923,441.5675, 231.3397,438.5676, 231.3398,437.0674, 228.7419,438.5671, 226.1437,441.5670, 226.1433,443.0674, 228.7411,1382
428457.5227, 247.6245, 209.3503,246.1246, 211.9484,243.1247, 211.9485,241.6245, 209.3506,243.1242, 206.7524,246.1241, 206.7520,308.8834, 213.9657,305.8835, 213.9659,304.3833, 211.3680,305.8830, 208.7698,308.8829, 208.7694,310.3833, 211.3671,380.1196, 225.7433,378.6197, 228.3413,375.6197, 228.3415,374.1196, 225.7436,375.6192, 223.1454,378.6192, 223.1450,441.6879, 231.4762,438.6880, 231.4763,437.1878, 228.8785,438.6875, 226.2803,441.6874, 226.2799,443.1878, 228.8776,1383
428457.5393, 247.3234, 209.4942,245.8234, 212.0922,242.8235, 212.0924,241.3234, 209.4945,242.8230, 206.8963,245.8230, 206.8959,309.1404, 213.9035,306.1404, 213.9036,304.6403, 211.3058,306.1399, 208.7076,309.1399, 208.7072,310.6403, 211.3049,380.5285, 225.6710,379.0286, 228.2690,376.0287, 228.2692,374.5285, 225.6713,376.0282, 223.0731,379.0281, 223.0727,441.7305, 231.2364,438.7306, 231.2366,437.2304, 228.6387,438.7301, 226.0405,441.7300, 226.0401,443.2304, 228.6378,1384
428457.5560, 247.5404, 209.2171,246.0405, 211.8151,243.0406, 211.8153,241.5405, 209.2174,243.0401, 206.6192,246.0400, 206.6188,309.1040, 213.9027,306.1040, 213.9028,304.6039, 211.3049,306.1035, 208.7067,309.1035, 208.7063,310.6039, 211.3041,380.4315, 225.5939,378.9315, 228.1920,375.9316, 228.1921,374.4315, 225.5942,375.9311, 222.9960,378.9310, 222.9956,441.8162, 231.2754,438.8162, 231.2756,437.3161, 228.6777,438.8157, 226.0795,441.8157, 226.0791,443.3161, 228.6768,1385
428457.5727, 247.6872, 209.0093,246.1872, 211.6074,243.1873, 211.6075,241.6872, 209.0096,243.1868, 206.4115,246.1868, 206.4110,309.0385, 213.1367,306.0385, 213.1368,304.5384, 210.5389,306.0380, 207.9408,309.0380, 207.9404,310.5384, 210.5381,380.4121, 225.3233,378.9122, 227.9213,375.9122, 227.9214,374.4121, 225.3235,375.9117, 222.7254,378.9117, 222.7250,441.7697, 230.6921,438.7698, 230.6923,437.2697, 228.0944,438.7693, 225.4962,441.7692, 225.4958,443.2696, 228.0936,1386
428457.5894, 248.5699, 207.9724,247.0700, 210.5704,244.0701, 210.5705,242.5699, 207.9726,244.0696, 205.3745,247.0695, 205.3741,309.0320, 212.3035,306.0321, 212.3036,304.5320, 209.7057,306.0316, 207.1075,309.0316, 207.1071,310.5320, 209.7049,381.0479, 224.6883,379.5480, 227.2863,376.5480, 227.2864,375.0479, 224.6886,376.5475, 222.0904,379.5475, 222.0900,441.8692, 229.7178,438.8692, 229.7179,437.3691, 227.1200,438.8687, 224.5219,441.8687, 224.5214,443.3691, 227.1192,1387
428457.6061, 249.0642, 207.6732,247.5643, 210.2712,244.5644, 210.2714,243.0642, 207.6735,244.5639, 205.0753,247.5638, 205.0749,309.1955, 212.0114,306.1956, 212.0116,304.6954, 209.4137,306.1951, 206.8155,309.1950, 206.8151,310.6954, 209.4129,381.8242, 223.8781,380.3242, 226.4761,377.3243, 226.4763,375.8242, 223.8784,377.3239, 221.2802,380.3238, 221.2798,441.9887, 228.9634,438.9888, 228.9636,437.4886, 226.3657,438.9883, 223.7675,441.9882, 223.7671,443.4886, 226.3648,1388
