timeLogged, leftEye.x, leftEye.y, leftEye.z, rightEye.x, rightEye.y, rightEye.z, usedInterpolatedTime, mostRecentObservationTime, resetFilter, sentEyePairCounter, numberOfEyePairs, headPosition.x, headPosition.y, headPosition.z, headDirection.x, headDirection.y, headDirection.z
428451.651566,-7.518958,-1.604124,51.428928,-1.070615,-1.501845,51.958286,428451.691194,428451.593592,0,8726,1,-0.917626,10.741676,60.434624,-0.214155,0.070364,0.019923
428451.655240,-7.522232,-1.590892,51.155083,-1.072430,-1.484110,51.640007,428451.694945,428451.610272,0,8727,1,-0.885977,10.671098,60.130268,-0.208972,0.071091,0.035069
428451.660130,-7.524380,-1.575559,51.155083,-1.074579,-1.468777,51.640007,428451.699877,428451.610272,0,8728,1,-0.885977,10.671098,60.130268,-0.208972,0.071091,0.035069
428451.664215,-7.526194,-1.560586,51.155083,-1.076392,-1.453804,51.640007,428451.703881,428451.610272,0,8729,1,-0.885977,10.671098,60.130268,-0.208972,0.071091,0.035069
428451.668249,-7.527701,-1.545897,51.155083,-1.077899,-1.439115,51.640007,428451.707893,428451.610272,0,8730,1,-0.885977,10.671098,60.130268,-0.208972,0.071091,0.035069
428451.672177,-7.535310,-1.554499,51.316784,-1.084325,-1.447309,51.793854,428451.711928,428451.626953,0,8731,1,-0.936573,10.748545,60.298515,-0.215299,0.067338,0.029766
428451.676121,-7.542021,-1.562116,51.316784,-1.091036,-1.454926,51.793854,428451.715907,428451.626953,0,8732,1,-0.936573,10.748545,60.298515,-0.215299,0.067338,0.029766
428451.681156,-7.548582,-1.569049,51.316784,-1.097597,-1.461859,51.793854,428451.720864,428451.626953,0,8733,1,-0.936573,10.748545,60.298515,-0.215299,0.067338,0.029766
428451.685196,-7.513121,-1.562159,51.126720,-1.062271,-1.454721,51.597393,428451.724893,428451.643633,0,8734,1,-0.952170,10.749166,60.109421,-0.219908,0.068221,0.032887
428451.689129,-7.478664,-1.555198,51.126720,-1.027815,-1.447760,51.597393,428451.728917,428451.643633,0,8735,1,-0.952170,10.749166,60.109421,-0.219908,0.068221,0.032887
428451.693107,-7.444991,-1.548276,51.126720,-0.994141,-1.440838,51.597393,428451.732895,428451.643633,0,8736,1,-0.952170,10.749166,60.109421,-0.219908,0.068221,0.032887
428451.697142,-7.411944,-1.541376,51.126720,-0.961095,-1.433938,51.597393,428451.736858,428451.643633,0,8737,1,-0.952170,10.749166,60.109421,-0.219908,0.068221,0.032887
428451.701113,-7.445391,-1.533189,51.225727,-0.995721,-1.422527,51.666618,428451.740878,428451.660314,0,8738,1,-0.973786,10.559246,60.170879,-0.198592,0.064056,0.032053
428451.706109,-7.478381,-1.523134,51.225727,-1.028712,-1.412472,51.666618,428451.745902,428451.660314,0,8739,1,-0.973786,10.559246,60.170879,-0.198592,0.064056,0.032053
428451.710183,-7.510034,-1.513073,51.225727,-1.060364,-1.402411,51.666618,428451.749896,428451.660314,0,8740,1,-0.973786,10.559246,60.170879,-0.198592,0.064056,0.032053
428451.714169,-7.540557,-1.502980,51.225727,-1.090888,-1.392318,51.666618,428451.753885,428451.660314,0,8741,1,-0.973786,10.559246,60.170879,-0.198592,0.064056,0.032053
428451.718082,-7.528360,-1.518925,51.370106,-1.077851,-1.408632,51.813412,428451.757875,428451.676995,0,8742,1,-0.939498,10.739917,60.334908,-0.216783,0.070420,0.027116
428451.722097,-7.516143,-1.533972,51.370106,-1.065633,-1.423678,51.813412,428451.761895,428451.676995,0,8743,1,-0.939498,10.739917,60.334908,-0.216783,0.070420,0.027116
428451.727126,-7.504039,-1.548204,51.370106,-1.053529,-1.437911,51.813412,428451.766892,428451.676995,0,8744,1,-0.939498,10.739917,60.334908,-0.216783,0.070420,0.027116
428451.730692,-7.492345,-1.561518,51.370106,-1.041835,-1.451224,51.813412,428451.770395,428451.676995,0,8745,1,-0.939498,10.739917,60.334908,-0.216783,0.070420,0.027116
428451.734789,-7.484928,-1.570546,51.319035,-1.031629,-1.460272,51.756821,428451.774380,428451.693675,0,8746,1,-0.970271,10.421273,60.228642,-0.181913,0.066501,0.030723
428451.738657,-7.476145,-1.579094,51.318035,-1.022846,-1.468820,51.755821,428451.778359,428451.693675,0,8747,1,-0.970271,10.421273,60.228642,-0.181913,0.066501,0.030723
428451.743580,-7.467141,-1.587326,51.317135,-1.013842,-1.477052,51.754921,428451.783318,428451.693675,0,8748,1,-0.970271,10.421273,60.228642,-0.181913,0.066501,0.030723
428451.747616,-7.458118,-1.595188,51.316326,-1.004820,-1.484914,51.754108,428451.787336,428451.693675,0,8749,1,-0.970271,10.421273,60.228642,-0.181913,0.066501,0.030723
428451.751829,-7.490878,-1.617517,51.322903,-1.034985,-1.506462,51.744644,428451.791376,428451.710356,0,8750,1,-0.939624,10.526937,60.233704,-0.192211,0.070365,0.027179
428451.755554,-7.521210,-1.638729,51.321602,-1.065317,-1.527674,51.743343,428451.795336,428451.710356,0,8751,1,-0.939624,10.526937,60.233704,-0.192211,0.070365,0.027179
428451.759492,-7.550592,-1.659325,51.320435,-1.094699,-1.548270,51.742176,428451.799273,428451.710356,0,8752,1,-0.939624,10.526937,60.233704,-0.192211,0.070365,0.027179
428451.764515,-7.531259,-1.670544,51.329632,-1.074450,-1.557859,51.741196,428451.804308,428451.727036,0,8753,1,-0.898207,10.626258,60.292095,-0.200610,0.076149,0.029960
428451.768634,-7.512036,-1.680825,51.333332,-1.055227,-1.568140,51.744896,428451.808431,428451.727036,0,8754,1,-0.898207,10.626258,60.292095,-0.200610,0.076149,0.029960
428451.772079,-7.493517,-1.690863,51.336662,-1.036708,-1.578178,51.748226,428451.811877,428451.727036,0,8755,1,-0.898207,10.626258,60.292095,-0.200610,0.076149,0.029960
428451.777271,-7.475012,-1.701070,51.339661,-1.018202,-1.588385,51.751225,428451.816889,428451.727036,0,8756,1,-0.898207,10.626258,60.292095,-0.200610,0.076149,0.029960
428451.780130,-7.457237,-1.710964,51.342358,-1.000427,-1.598279,51.753922,428451.819846,428451.727036,0,8757,1,-0.898207,10.626258,60.292095,-0.200610,0.076149,0.029960
428451.785047,-7.483202,-1.719791,51.345848,-1.028710,-1.605982,51.738880,428451.824841,428451.743717,0,8758,1,-0.934477,10.617872,60.211708,-0.198633,0.070481,0.027364
428451.789091,-7.509171,-1.728156,51.340649,-1.054678,-1.614348,51.733681,428451.828869,428451.743717,0,8759,1,-0.934477,10.617872,60.211708,-0.198633,0.070481,0.027364
428451.793146,-7.534136,-1.736623,51.335972,-1.079644,-1.622815,51.729000,428451.832851,428451.743717,0,8760,1,-0.934477,10.617872,60.211708,-0.198633,0.070481,0.027364
428451.797425,-7.535717,-1.731209,51.340900,-1.082967,-1.613552,51.698982,428451.837173,428451.760397,0,8761,1,-0.936864,10.632279,60.130905,-0.201566,0.071374,0.032722
428451.800815,-7.538201,-1.724632,51.329609,-1.085451,-1.606975,51.687695,428451.840562,428451.760397,0,8762,1,-0.936864,10.632279,60.130905,-0.201566,0.071374,0.032722
428451.805212,-7.540810,-1.718742,51.319450,-1.088060,-1.601085,51.677532,428451.844955,428451.760397,0,8763,1,-0.936864,10.632279,60.130905,-0.201566,0.071374,0.032722
428451.809963,-7.543570,-1.713464,51.310303,-1.090821,-1.595807,51.668388,428451.849613,428451.760397,0,8764,1,-0.936864,10.632279,60.130905,-0.201566,0.071374,0.032722
428451.814198,-7.498006,-1.694691,51.311157,-1.047153,-1.575940,51.654194,428451.853948,428451.777078,0,8765,1,-0.908649,10.624724,60.141449,-0.200481,0.077012,0.030784
428451.817584,-7.455030,-1.676431,51.305153,-1.004176,-1.557680,51.648190,428451.857337,428451.777078,0,8766,1,-0.908649,10.624724,60.141449,-0.200481,0.077012,0.030784
428451.822615,-7.412002,-1.658652,51.299747,-0.961148,-1.539901,51.642788,428451.862361,428451.777078,0,8767,1,-0.908649,10.624724,60.141449,-0.200481,0.077012,0.030784
428451.826641,-7.369697,-1.641541,51.294884,-0.918844,-1.522791,51.637924,428451.866333,428451.777078,0,8768,1,-0.908649,10.624724,60.141449,-0.200481,0.077012,0.030784
428451.830251,-7.356262,-1.629843,51.298866,-0.907948,-1.503856,51.621239,428451.870037,428451.793759,0,8769,1,-0.976615,10.654749,60.130268,-0.204706,0.071413,0.036305
428451.835315,-7.343322,-1.614598,51.293152,-0.895008,-1.488611,51.615520,428451.875106,428451.793759,0,8770,1,-0.976615,10.654749,60.130268,-0.204706,0.071413,0.036305
428451.839316,-7.330151,-1.599749,51.288010,-0.881838,-1.473762,51.610378,428451.878875,428451.793759,0,8771,1,-0.976615,10.654749,60.130268,-0.204706,0.071413,0.036305
428451.843214,-7.316620,-1.585136,51.283379,-0.868306,-1.459149,51.605747,428451.882922,428451.793759,0,8772,1,-0.976615,10.654749,60.130268,-0.204706,0.071413,0.036305
428451.847487,-7.343381,-1.594342,51.142113,-0.897627,-1.470183,51.484238,428451.887240,428451.810439,0,8773,1,-1.000812,10.709384,60.047356,-0.209172,0.070483,0.029848
428451.851459,-7.369960,-1.603736,51.142113,-0.924206,-1.479577,51.484238,428451.891090,428451.810439,0,8774,1,-1.000812,10.709384,60.047356,-0.209172,0.070483,0.029848
428451.855129,-7.395267,-1.612482,51.142113,-0.949514,-1.488322,51.484238,428451.894891,428451.810439,0,8775,1,-1.000812,10.709384,60.047356,-0.209172,0.070483,0.029848
428451.860076,-7.419945,-1.620745,51.142113,-0.974191,-1.496586,51.484238,428451.899849,428451.810439,0,8776,1,-1.000812,10.709384,60.047356,-0.209172,0.070483,0.029848
428451.863668,-7.395085,-1.635553,51.358383,-0.948306,-1.509989,51.694389,428451.903417,428451.827120,0,8777,1,-1.060145,10.656315,60.254917,-0.202728,0.067169,0.029838
428451.869151,-7.369517,-1.649330,51.358383,-0.922738,-1.523766,51.694389,428451.908902,428451.827120,0,8778,1,-1.060145,10.656315,60.254917,-0.202728,0.067169,0.029838
428451.872105,-7.344988,-1.662332,51.358383,-0.898209,-1.536768,51.694389,428451.911858,428451.827120,0,8779,1,-1.060145,10.656315,60.254917,-0.202728,0.067169,0.029838
428451.875518,-7.321122,-1.674747,51.358383,-0.874343,-1.549182,51.694389,428451.915270,428451.827120,0,8780,1,-1.060145,10.656315,60.254917,-0.202728,0.067169,0.029838
428451.880156,-7.297141,-1.686918,51.358383,-0.850362,-1.561354,51.694389,428451.919909,428451.827120,0,8781,1,-1.060145,10.656315,60.254917,-0.202728,0.067169,0.029838
428451.884957,-7.272887,-1.698943,51.358383,-0.826108,-1.573379,51.694389,428451.924714,428451.827120,0,8782,1,-1.060145,10.656315,60.254917,-0.202728,0.067169,0.029838
428451.889030,-7.248776,-1.710683,51.358383,-0.801997,-1.585119,51.694389,428451.928706,428451.827120,0,8783,1,-1.060145,10.656315,60.254917,-0.202728,0.067169,0.029838
428451.892878,-7.224767,-1.722180,51.358383,-0.777988,-1.596616,51.694389,428451.932648,428451.827120,0,8784,1,-1.060145,10.656315,60.254917,-0.202728,0.067169,0.029838
428451.897949,-7.194670,-1.731270,51.369667,-0.748657,-1.604369,51.682701,428451.937514,428451.843800,0,8785,1,-1.072235,10.547019,60.233936,-0.188744,0.068289,0.029676
428451.901545,-7.165074,-1.739615,51.369484,-0.719061,-1.612715,51.682518,428451.941300,428451.843800,0,8786,1,-1.072235,10.547019,60.233936,-0.188744,0.068289,0.029676
428451.905723,-7.135330,-1.747959,51.369320,-0.689317,-1.621058,51.682354,428451.945319,428451.843800,0,8787,1,-1.072235,10.547019,60.233936,-0.188744,0.068289,0.029676
428451.909682,-7.128775,-1.761412,51.244698,-0.679347,-1.631829,51.556232,428451.949458,428451.860309,0,8788,1,-1.159833,10.570002,60.112701,-0.189190,0.064223,0.035789
428451.913407,-7.119925,-1.773327,51.244698,-0.670497,-1.643743,51.556232,428451.953111,428451.860309,0,8789,1,-1.159833,10.570002,60.112701,-0.189190,0.064223,0.035789
428451.918186,-7.110066,-1.785425,51.244698,-0.660638,-1.655842,51.556232,428451.957943,428451.860309,0,8790,1,-1.159833,10.570002,60.112701,-0.189190,0.064223,0.035789
428451.922193,-7.099621,-1.797468,51.244698,-0.650193,-1.667885,51.556232,428451.961895,428451.860309,0,8791,1,-1.159833,10.570002,60.112701,-0.189190,0.064223,0.035789
428451.925514,-7.002215,-1.834597,51.633156,-0.548959,-1.702014,51.940845,428451.965269,428451.876983,0,8792,1,-1.164170,10.782322,60.514488,-0.204934,0.073277,0.031672
428451.930817,-6.892710,-1.869985,51.633156,-0.439453,-1.737402,51.940845,428451.970574,428451.876983,0,8793,1,-1.164170,10.782322,60.514488,-0.204934,0.073277,0.031672
428451.935016,-6.804141,-1.904513,51.633156,-0.350884,-1.771929,51.940845,428451.974729,428451.876983,0,8794,1,-1.164170,10.782322,60.514488,-0.204934,0.073277,0.031672
428451.938993,-6.715601,-1.938253,51.633156,-0.262345,-1.805670,51.940845,428451.978768,428451.876983,0,8795,1,-1.164170,10.782322,60.514488,-0.204934,0.073277,0.031672
428451.942604,-6.621030,-1.942998,51.297443,-0.167766,-1.808948,51.606781,428451.982299,428451.893656,0,8796,1,-1.298524,10.580885,60.156837,-0.185172,0.068439,0.032147
428451.947878,-6.582406,-1.948308,51.297443,-0.129142,-1.814259,51.606781,428451.987610,428451.893656,0,8797,1,-1.298524,10.580885,60.156837,-0.185172,0.068439,0.032147
428451.951994,-6.553187,-1.954383,51.297443,-0.099923,-1.820333,51.606781,428451.991573,428451.893656,0,8798,1,-1.298524,10.580885,60.156837,-0.185172,0.068439,0.032147
428451.955819,-6.523447,-1.961176,51.297443,-0.070182,-1.827127,51.606781,428451.995559,428451.893656,0,8799,1,-1.298524,10.580885,60.156837,-0.185172,0.068439,0.032147
428451.960148,-6.611239,-1.935099,51.357502,-0.158142,-1.795333,51.667946,428451.999898,428451.910330,0,8800,1,-1.330945,10.690405,60.237766,-0.196195,0.074281,0.039204
428451.963829,-6.591990,-1.908293,51.358501,-0.138893,-1.768526,51.668945,428452.003580,428451.910330,0,8801,1,-1.330945,10.690405,60.237766,-0.196195,0.074281,0.039204
428451.967924,-6.570611,-1.883278,51.359402,-0.117514,-1.743512,51.669846,428452.007674,428451.910330,0,8802,1,-1.330945,10.690405,60.237766,-0.196195,0.074281,0.039204
428451.971960,-6.549365,-1.859840,51.360214,-0.096268,-1.720074,51.670654,428452.011745,428451.910330,0,8803,1,-1.330945,10.690405,60.237766,-0.196195,0.074281,0.039204
428451.977309,-5.534268,-1.822522,51.492878,0.922585,-1.676165,51.814369,428452.017060,428451.927004,0,8804,1,-1.485778,10.527746,60.346016,-0.178368,0.071639,0.038999
428451.979705,-5.481747,-1.784666,51.492878,0.975106,-1.638309,51.814369,428452.019455,428451.927004,0,8805,1,-1.485778,10.527746,60.346016,-0.178368,0.071639,0.038999
428451.984415,-5.377567,-1.747987,51.492878,1.079286,-1.601631,51.814369,428452.024105,428451.927004,0,8806,1,-1.485778,10.527746,60.346016,-0.178368,0.071639,0.038999
428451.989697,-5.715827,-1.730035,51.492645,0.743644,-1.574808,51.836617,428452.029450,428451.943677,0,8807,1,-1.541658,10.531548,60.360157,-0.178292,0.080666,0.042221
428451.993669,-5.652626,-1.708229,51.493645,0.806845,-1.553002,51.837616,428452.033419,428451.943677,0,8808,1,-1.541658,10.531548,60.360157,-0.178292,0.080666,0.042221
428451.997131,-5.596619,-1.687114,51.494545,0.862851,-1.531887,51.838516,428452.036879,428451.943677,0,8809,1,-1.541658,10.531548,60.360157,-0.178292,0.080666,0.042221
428452.000875,-5.536996,-1.666506,51.495358,0.922474,-1.511279,51.839325,428452.040506,428451.943677,0,8810,1,-1.541658,10.531548,60.360157,-0.178292,0.080666,0.042221
428452.006177,-6.004494,-1.710248,51.361778,0.457117,-1.548563,51.712784,428452.045889,428451.960351,0,8811,1,-1.672141,10.680727,60.238750,-0.190654,0.083447,0.039208
428452.009531,-5.980008,-1.748359,51.361778,0.481603,-1.586674,51.712784,428452.049288,428451.960351,0,8812,1,-1.672141,10.680727,60.238750,-0.190654,0.083447,0.039208
428452.014444,-5.944815,-1.785117,51.361778,0.516796,-1.623432,51.712784,428452.054205,428451.960351,0,8813,1,-1.672141,10.680727,60.238750,-0.190654,0.083447,0.039208
428452.018464,-5.916491,-1.820255,51.361778,0.545121,-1.658570,51.712784,428452.058190,428451.960351,0,8814,1,-1.672141,10.680727,60.238750,-0.190654,0.083447,0.039208
428452.021892,-5.450399,-1.853939,51.336411,1.015379,-1.682071,51.693932,428452.061615,428451.977024,0,8815,1,-1.812185,10.572640,60.184635,-0.176737,0.085824,0.044084
428452.026713,-5.379367,-1.882013,51.335411,1.086411,-1.710146,51.692928,428452.066474,428451.977024,0,8816,1,-1.812185,10.572640,60.184635,-0.176737,0.085824,0.044084
428452.030532,-5.322596,-1.909177,51.334511,1.143183,-1.737309,51.692028,428452.070299,428451.977024,0,8817,1,-1.812185,10.572640,60.184635,-0.176737,0.085824,0.044084
428452.034660,-5.262722,-1.935647,51.333702,1.203056,-1.763779,51.691219,428452.074280,428451.977024,0,8818,1,-1.812185,10.572640,60.184635,-0.176737,0.085824,0.044084
428452.038474,-4.767695,-1.949277,51.467068,1.701609,-1.767849,51.821865,428452.078250,428451.993698,0,8819,1,-2.017164,10.434735,60.299572,-0.159875,0.083352,0.047517
428452.042887,-4.663892,-1.958511,51.467068,1.805412,-1.777083,51.821865,428452.082693,428451.993698,0,8820,1,-2.017164,10.434735,60.299572,-0.159875,0.083352,0.047517
428452.046426,-4.584305,-1.967795,51.467068,1.884999,-1.786368,51.821865,428452.086035,428451.993698,0,8821,1,-2.017164,10.434735,60.299572,-0.159875,0.083352,0.047517
428452.051334,-4.462530,-1.977645,51.467068,2.006774,-1.796217,51.821865,428452.091045,428451.993698,0,8822,1,-2.017164,10.434735,60.299572,-0.159875,0.083352,0.047517
428452.055666,-4.755412,-1.989338,51.464478,1.719353,-1.794727,51.822662,428452.095403,428452.010372,0,8823,1,-2.178424,10.442698,60.280399,-0.156015,0.088638,0.046820
428452.059060,-4.692225,-1.994647,51.463673,1.782539,-1.800036,51.821857,428452.098823,428452.010372,0,8824,1,-2.178424,10.442698,60.280399,-0.156015,0.088638,0.046820
428452.063733,-4.605227,-2.000414,51.462944,1.869538,-1.805803,51.821129,428452.103470,428452.010372,0,8825,1,-2.178424,10.442698,60.280399,-0.156015,0.088638,0.046820
428452.067804,-4.529989,-2.006459,51.462292,1.944776,-1.811848,51.820477,428452.107433,428452.010372,0,8826,1,-2.178424,10.442698,60.280399,-0.156015,0.088638,0.046820
428452.072475,-4.434286,-2.024738,51.676373,2.045841,-1.815112,52.048302,428452.112234,428452.027045,0,8827,1,-2.210003,10.801856,60.539444,-0.191173,0.110616,0.049708
428452.076107,-4.362937,-2.035375,51.676373,2.117190,-1.825750,52.048302,428452.115871,428452.027045,0,8828,1,-2.210003,10.801856,60.539444,-0.191173,0.110616,0.049708
428452.081221,-4.265171,-2.046241,51.676373,2.214957,-1.836616,52.048302,428452.120791,428452.027045,0,8829,1,-2.210003,10.801856,60.539444,-0.191173,0.110616,0.049708
428452.084890,-4.219909,-2.084448,51.648304,2.266936,-1.857475,52.069641,428452.124684,428452.043719,0,8830,1,-2.304702,10.772717,60.496502,-0.182585,0.126495,0.052590
428452.088361,-4.151144,-2.113049,51.647305,2.335701,-1.886076,52.068642,428452.128123,428452.043719,0,8831,1,-2.304702,10.772717,60.496502,-0.182585,0.126495,0.052590
428452.093408,-4.049963,-2.141799,51.646404,2.436882,-1.914826,52.067741,428452.133122,428452.043719,0,8832,1,-2.304702,10.772717,60.496502,-0.182585,0.126495,0.052590
428452.097383,-3.970588,-2.170064,51.645596,2.516257,-1.943091,52.066929,428452.136995,428452.043719,0,8833,1,-2.304702,10.772717,60.496502,-0.182585,0.126495,0.052590
428452.101230,-4.021720,-2.172905,51.361752,2.464756,-1.928307,51.812424,428452.140994,428452.060393,0,8834,1,-2.608771,10.733399,60.235065,-0.178713,0.120388,0.059558
428452.104602,-3.960331,-2.167998,51.361752,2.526145,-1.923400,51.812424,428452.144363,428452.060393,0,8835,1,-2.608771,10.733399,60.235065,-0.178713,0.120388,0.059558
428452.109329,-3.874477,-2.164223,51.361752,2.611999,-1.919625,51.812424,428452.149040,428452.060393,0,8836,1,-2.608771,10.733399,60.235065,-0.178713,0.120388,0.059558
428452.114209,-3.784353,-2.161486,51.361752,2.702122,-1.916888,51.812424,428452.153905,428452.060393,0,8837,1,-2.608771,10.733399,60.235065,-0.178713,0.120388,0.059558
428452.118528,-3.330879,-2.147943,51.452328,3.159455,-1.884743,51.929253,428452.158287,428452.077066,0,8838,1,-2.837332,10.810513,60.339977,-0.185014,0.128364,0.054246
428452.122164,-3.237789,-2.126553,51.452328,3.252545,-1.863352,51.929253,428452.161927,428452.077066,0,8839,1,-2.837332,10.810513,60.339977,-0.185014,0.128364,0.054246
428452.126360,-3.128869,-2.106290,51.452328,3.361465,-1.843090,51.929253,428452.166125,428452.077066,0,8840,1,-2.837332,10.810513,60.339977,-0.185014,0.128364,0.054246
428452.129893,-3.036868,-2.087169,51.452328,3.453465,-1.823968,51.929253,428452.169624,428452.077066,0,8841,1,-2.837332,10.810513,60.339977,-0.185014,0.128364,0.054246
428452.134235,-3.365917,-2.086664,51.688164,3.129276,-1.801625,52.198208,428452.173994,428452.093740,0,8842,1,-3.101798,10.842473,60.594723,-0.185849,0.126955,0.058749
428452.138899,-3.275671,-2.075482,51.688164,3.219522,-1.790443,52.198208,428452.178661,428452.093740,0,8843,1,-3.101798,10.842473,60.594723,-0.185849,0.126955,0.058749
428452.143246,-3.192254,-2.064542,51.688164,3.302939,-1.779503,52.198208,428452.182947,428452.093740,0,8844,1,-3.101798,10.842473,60.594723,-0.185849,0.126955,0.058749
428452.147275,-3.114479,-2.053841,51.688164,3.380714,-1.768802,52.198208,428452.186922,428452.093740,0,8845,1,-3.101798,10.842473,60.594723,-0.185849,0.126955,0.058749
428452.151138,-2.853946,-2.063761,51.583019,3.644579,-1.757647,52.129284,428452.190914,428452.110413,0,8846,1,-3.421105,10.886030,60.513359,-0.189276,0.125335,0.065885
428452.155532,-2.754652,-2.062884,51.583019,3.743873,-1.756770,52.129284,428452.195286,428452.110413,0,8847,1,-3.421105,10.886030,60.513359,-0.189276,0.125335,0.065885
428452.159275,-2.671062,-2.061805,51.583019,3.827463,-1.755692,52.129284,428452.198935,428452.110413,0,8848,1,-3.421105,10.886030,60.513359,-0.189276,0.125335,0.065885
428452.164119,-2.556261,-2.060413,51.583019,3.942265,-1.754299,52.129284,428452.203901,428452.110413,0,8849,1,-3.421105,10.886030,60.513359,-0.189276,0.125335,0.065885
428452.168373,-2.488635,-2.080578,51.551296,4.007001,-1.752898,52.125366,428452.208030,428452.127087,0,8850,1,-3.681868,10.843389,60.472424,-0.183233,0.129294,0.067682
428452.171807,-2.407617,-2.089352,51.550293,4.088020,-1.761672,52.124367,428452.211494,428452.127087,0,8851,1,-3.681868,10.843389,60.472424,-0.183233,0.129294,0.067682
428452.176821,-2.289738,-2.097727,51.549393,4.205899,-1.770047,52.123466,428452.216487,428452.127087,0,8852,1,-3.681868,10.843389,60.472424,-0.183233,0.129294,0.067682
428452.180858,-2.555452,-2.130555,51.534557,3.936895,-1.784752,52.130783,428452.220634,428452.143761,0,8853,1,-3.976718,10.902589,60.442646,-0.184367,0.131677,0.065057
428452.184519,-2.494041,-2.153167,51.531170,3.998307,-1.807364,52.127396,428452.224269,428452.143761,0,8854,1,-3.976718,10.902589,60.442646,-0.184367,0.131677,0.065057
428452.189376,-2.412134,-2.175193,51.528122,4.080214,-1.829390,52.124348,428452.229134,428452.143761,0,8855,1,-3.976718,10.902589,60.442646,-0.184367,0.131677,0.065057
428452.193472,-2.344620,-2.196435,51.525379,4.147728,-1.850632,52.121605,428452.233161,428452.143761,0,8856,1,-3.976718,10.902589,60.442646,-0.184367,0.131677,0.065057
428452.197742,-1.843457,-2.228282,51.666843,4.647776,-1.861681,52.308426,428452.237496,428452.160434,0,8857,1,-4.203789,10.806109,60.597115,-0.170475,0.142300,0.068695
428452.201377,-1.753613,-2.248999,51.666843,4.737619,-1.882399,52.308426,428452.241136,428452.160434,0,8858,1,-4.203789,10.806109,60.597115,-0.170475,0.142300,0.068695
428452.204956,-1.665609,-2.269046,51.666843,4.825624,-1.902446,52.308426,428452.244672,428452.160434,0,8859,1,-4.203789,10.806109,60.597115,-0.170475,0.142300,0.068695
428452.209658,-1.549057,-2.288969,51.666843,4.942176,-1.922369,52.308426,428452.249312,428452.160434,0,8860,1,-4.203789,10.806109,60.597115,-0.170475,0.142300,0.068695
428452.213945,-1.935786,-2.310120,51.379070,4.549439,-1.926590,52.067776,428452.253700,428452.177108,0,8861,1,-4.535589,10.853882,60.343121,-0.173662,0.138796,0.067271
428452.217348,-1.879730,-2.322665,51.379070,4.605495,-1.939135,52.067776,428452.257104,428452.177108,0,8862,1,-4.535589,10.853882,60.343121,-0.173662,0.138796,0.067271
428452.221847,-1.806018,-2.335474,51.379070,4.679207,-1.951943,52.067776,428452.261606,428452.177108,0,8863,1,-4.535589,10.853882,60.343121,-0.173662,0.138796,0.067271
428452.226869,-1.724840,-2.348719,51.379070,4.760385,-1.965188,52.067776,428452.266595,428452.177108,0,8864,1,-4.535589,10.853882,60.343121,-0.173662,0.138796,0.067271
428452.230482,-1.573068,-2.348026,51.320648,4.909433,-1.952805,52.079796,428452.270258,428452.193781,0,8865,1,-4.824330,11.032578,60.331669,-0.192870,0.143648,0.064970
428452.233938,-1.512257,-2.342258,51.319645,4.970243,-1.947037,52.078796,428452.273744,428452.193781,0,8866,1,-4.824330,11.032578,60.331669,-0.192870,0.143648,0.064970
428452.238718,-1.433049,-2.337200,51.318745,5.049452,-1.941979,52.077896,428452.278300,428452.193781,0,8867,1,-4.824330,11.032578,60.331669,-0.192870,0.143648,0.064970
428452.242531,-1.364631,-2.332747,51.317936,5.117870,-1.937526,52.077087,428452.282247,428452.193781,0,8868,1,-4.824330,11.032578,60.331669,-0.192870,0.143648,0.064970
428452.247076,-1.289080,-2.309426,50.915371,5.182780,-1.897801,51.708714,428452.286835,428452.210455,0,8869,1,-5.132702,10.799726,59.924545,-0.169003,0.137944,0.076334
428452.250509,-1.228757,-2.279612,50.915371,5.243102,-1.867987,51.708714,428452.290270,428452.210455,0,8870,1,-5.132702,10.799726,59.924545,-0.169003,0.137944,0.076334
428452.255620,-1.140290,-2.250563,50.915371,5.331569,-1.838938,51.708714,428452.295314,428452.210455,0,8871,1,-5.132702,10.799726,59.924545,-0.169003,0.137944,0.076334
428452.259613,-1.069768,-2.222569,50.915371,5.402091,-1.810943,51.708714,428452.299342,428452.210455,0,8872,1,-5.132702,10.799726,59.924545,-0.169003,0.137944,0.076334
428452.262947,-0.793226,-2.206469,51.151890,5.664639,-1.782726,51.993198,428452.302707,428452.227129,0,8873,1,-5.362611,10.793542,60.167286,-0.168402,0.151323,0.072222
428452.268236,-0.684072,-2.184266,51.151890,5.773792,-1.760523,51.993198,428452.307919,428452.227129,0,8874,1,-5.362611,10.793542,60.167286,-0.168402,0.151323,0.072222
428452.272376,-0.595332,-2.162376,51.151890,5.862532,-1.738633,51.993198,428452.312137,428452.227129,0,8875,1,-5.362611,10.793542,60.167286,-0.168402,0.151323,0.072222
428452.276001,-0.518715,-2.140978,51.151890,5.939149,-1.717235,51.993198,428452.315765,428452.227129,0,8876,1,-5.362611,10.793542,60.167286,-0.168402,0.151323,0.072222
428452.280728,-0.418526,-2.119431,51.151890,6.039339,-1.695688,51.993198,428452.320489,428452.227129,0,8877,1,-5.362611,10.793542,60.167286,-0.168402,0.151323,0.072222
428452.284231,-0.343960,-2.098286,51.151890,6.113904,-1.674543,51.993198,428452.323990,428452.227129,0,8878,1,-5.362611,10.793542,60.167286,-0.168402,0.151323,0.072222
428452.289101,-0.243966,-2.076837,51.151890,6.213898,-1.653094,51.993198,428452.328667,428452.227129,0,8879,1,-5.362611,10.793542,60.167286,-0.168402,0.151323,0.072222
428452.292804,-0.339486,-2.066500,50.997074,6.104303,-1.628387,51.852806,428452.332584,428452.244220,0,8880,1,-5.672813,10.804100,60.026661,-0.171255,0.149126,0.075810
428452.298044,-0.240558,-2.048105,50.997074,6.203232,-1.609992,51.852806,428452.337798,428452.244220,0,8881,1,-5.672813,10.804100,60.026661,-0.171255,0.149126,0.075810
428452.300470,-0.194283,-2.030288,50.997074,6.249506,-1.592174,51.852806,428452.340235,428452.244220,0,8882,1,-5.672813,10.804100,60.026661,-0.171255,0.149126,0.075810
428452.305161,-0.106606,-2.011802,50.997074,6.337183,-1.573689,51.852806,428452.344848,428452.244220,0,8883,1,-5.672813,10.804100,60.026661,-0.171255,0.149126,0.075810
428452.310467,-0.849979,-2.037488,50.680164,5.584599,-1.585477,51.578453,428452.350216,428452.260901,0,8884,1,-5.860321,10.739909,59.707211,-0.162862,0.155746,0.082420
428452.314114,-0.832655,-2.054412,50.680164,5.601923,-1.602401,51.578453,428452.353865,428452.260901,0,8885,1,-5.860321,10.739909,59.707211,-0.162862,0.155746,0.082420
428452.318220,-0.814927,-2.069718,50.680164,5.619651,-1.617707,51.578453,428452.357976,428452.260901,0,8886,1,-5.860321,10.739909,59.707211,-0.162862,0.155746,0.082420
428452.322257,-0.799400,-2.083572,50.680164,5.635179,-1.631561,51.578453,428452.362001,428452.260901,0,8887,1,-5.860321,10.739909,59.707211,-0.162862,0.155746,0.082420
428452.325619,0.224104,-2.131228,50.878117,6.641536,-1.662292,51.784031,428452.365375,428452.277581,0,8888,1,-6.143806,10.764826,59.904377,-0.162504,0.158365,0.084973
428452.330774,0.325943,-2.168691,50.878117,6.743376,-1.699755,51.784031,428452.370534,428452.277581,0,8889,1,-6.143806,10.764826,59.904377,-0.162504,0.158365,0.084973
428452.334490,0.399709,-2.204041,50.878117,6.817142,-1.735105,51.784031,428452.374253,428452.277581,0,8890,1,-6.143806,10.764826,59.904377,-0.162504,0.158365,0.084973
428452.339720,0.503715,-2.238223,50.878117,6.921147,-1.769287,51.784031,428452.379471,428452.277581,0,8891,1,-6.143806,10.764826,59.904377,-0.162504,0.158365,0.084973
428452.342815,0.477344,-2.275419,50.708702,6.883239,-1.788018,51.641399,428452.382566,428452.294262,0,8892,1,-6.375839,10.636476,59.716232,-0.145958,0.160021,0.094449
428452.347584,0.567421,-2.302648,50.708702,6.973315,-1.815246,51.641399,428452.387294,428452.294262,0,8893,1,-6.375839,10.636476,59.716232,-0.145958,0.160021,0.094449
428452.351311,0.639806,-2.328852,50.708702,7.045701,-1.841451,51.641399,428452.391079,428452.294262,0,8894,1,-6.375839,10.636476,59.716232,-0.145958,0.160021,0.094449
428452.355671,0.715629,-2.354257,50.708702,7.121523,-1.866855,51.641399,428452.395031,428452.294262,0,8895,1,-6.375839,10.636476,59.716232,-0.145958,0.160021,0.094449
428452.359448,0.397752,-2.398789,51.075592,6.792712,-1.896869,52.029076,428452.399220,428452.310942,0,8896,1,-6.573885,10.754373,60.085224,-0.152256,0.173850,0.086334
428452.365102,0.464145,-2.435964,51.075592,6.859104,-1.934045,52.029076,428452.404849,428452.310942,0,8897,1,-6.573885,10.754373,60.085224,-0.152256,0.173850,0.086334
428452.367954,0.494512,-2.471155,51.075592,6.889471,-1.969235,52.029076,428452.407467,428452.310942,0,8898,1,-6.573885,10.754373,60.085224,-0.152256,0.173850,0.086334
428452.371757,0.540047,-2.505514,51.075592,6.935006,-2.003594,52.029076,428452.411446,428452.310942,0,8899,1,-6.573885,10.754373,60.085224,-0.152256,0.173850,0.086334
428452.377041,0.465529,-2.532429,50.901043,6.853051,-2.017060,51.874699,428452.416792,428452.327623,0,8900,1,-6.871617,10.987782,59.969746,-0.176454,0.167357,0.086373
428452.380441,0.496441,-2.552339,50.901043,6.883963,-2.036970,51.874699,428452.420194,428452.327623,0,8901,1,-6.871617,10.987782,59.969746,-0.176454,0.167357,0.086373
428452.384459,0.532105,-2.572356,50.901043,6.919627,-2.056988,51.874699,428452.424218,428452.327623,0,8902,1,-6.871617,10.987782,59.969746,-0.176454,0.167357,0.086373
428452.389793,-0.110297,-2.563508,50.664383,6.261749,-2.026047,51.607578,428452.429542,428452.344303,0,8903,1,-7.248151,10.750220,59.716293,-0.152414,0.141213,0.095138
428452.392761,-0.120658,-2.545492,50.664383,6.251389,-2.008031,51.607578,428452.432516,428452.344303,0,8904,1,-7.248151,10.750220,59.716293,-0.152414,0.141213,0.095138
428452.397233,-0.138873,-2.529085,50.664383,6.233173,-1.991624,51.607578,428452.436985,428452.344303,0,8905,1,-7.248151,10.750220,59.716293,-0.152414,0.141213,0.095138
428452.401137,-0.156227,-2.514141,50.664383,6.215820,-1.976680,51.607578,428452.440660,428452.344303,0,8906,1,-7.248151,10.750220,59.716293,-0.152414,0.141213,0.095138
428452.406219,0.712315,-2.487473,51.016979,7.073572,-1.929607,51.943745,428452.445973,428452.360984,0,8907,1,-7.425145,10.666610,60.031517,-0.140749,0.147124,0.099595
428452.410271,0.747326,-2.452443,51.016979,7.108582,-1.894578,51.943745,428452.450034,428452.360984,0,8908,1,-7.425145,10.666610,60.031517,-0.140749,0.147124,0.099595
428452.414302,0.781480,-2.419012,51.016979,7.142736,-1.861146,51.943745,428452.454070,428452.360984,0,8909,1,-7.425145,10.666610,60.031517,-0.140749,0.147124,0.099595
428452.418519,0.814929,-2.386951,51.016979,7.176186,-1.829085,51.943745,428452.458098,428452.360984,0,8910,1,-7.425145,10.666610,60.031517,-0.140749,0.147124,0.099595
428452.422687,1.313240,-2.363634,51.060944,7.665113,-1.779926,51.947433,428452.462445,428452.377665,0,8911,1,-7.631833,10.637470,60.060337,-0.137805,0.146225,0.104944
428452.426212,1.369328,-2.328833,51.061943,7.721201,-1.745126,51.948433,428452.465882,428452.377665,0,8912,1,-7.631833,10.637470,60.060337,-0.137805,0.146225,0.104944
428452.429734,1.428103,-2.295171,51.062843,7.779977,-1.711463,51.949333,428452.469459,428452.377665,0,8913,1,-7.631833,10.637470,60.060337,-0.137805,0.146225,0.104944
428452.434742,1.510307,-2.261514,51.063652,7.862181,-1.677806,51.950146,428452.474418,428452.377665,0,8914,1,-7.631833,10.637470,60.060337,-0.137805,0.146225,0.104944
428452.438798,0.472434,-2.272494,50.921837,6.813997,-1.661518,51.781239,428452.478594,428452.394345,0,8915,1,-7.748109,10.720653,59.911564,-0.148628,0.150632,0.101054
428452.442781,0.462864,-2.269169,50.921837,6.804426,-1.658193,51.781239,428452.482583,428452.394345,0,8916,1,-7.748109,10.720653,59.911564,-0.148628,0.150632,0.101054
428452.447664,0.448597,-2.265008,50.921837,6.790160,-1.654032,51.781239,428452.487403,428452.394345,0,8917,1,-7.748109,10.720653,59.911564,-0.148628,0.150632,0.101054
428452.451669,0.434412,-2.260256,50.921837,6.775974,-1.649280,51.781239,428452.491429,428452.394345,0,8918,1,-7.748109,10.720653,59.911564,-0.148628,0.150632,0.101054
428452.455370,0.520274,-2.278744,50.887104,6.858973,-1.641043,51.734825,428452.495090,428452.411026,0,8919,1,-8.004469,10.597330,59.860336,-0.136478,0.134129,0.110592
428452.459004,0.509306,-2.283058,50.886105,6.848004,-1.645357,51.733826,428452.498767,428452.411026,0,8920,1,-8.004469,10.597330,59.860336,-0.136478,0.134129,0.110592
428452.463788,0.493018,-2.286555,50.885204,6.831717,-1.648854,51.732925,428452.503456,428452.411026,0,8921,1,-8.004469,10.597330,59.860336,-0.136478,0.134129,0.110592
428452.467749,0.476957,-2.289366,50.884396,6.815656,-1.651665,51.732117,428452.507488,428452.411026,0,8922,1,-8.004469,10.597330,59.860336,-0.136478,0.134129,0.110592
428452.472077,0.974717,-2.304793,50.897434,7.310285,-1.641725,51.716160,428452.511833,428452.427706,0,8923,1,-8.113013,10.743113,59.877876,-0.153417,0.138773,0.104996
428452.475483,0.989311,-2.306962,50.896122,7.324879,-1.643895,51.714844,428452.515242,428452.427706,0,8924,1,-8.113013,10.743113,59.877876,-0.153417,0.138773,0.104996
428452.480125,1.008444,-2.308499,50.894939,7.344012,-1.645431,51.713665,428452.519878,428452.427706,0,8925,1,-8.113013,10.743113,59.877876,-0.153417,0.138773,0.104996
428452.485347,1.010201,-2.331466,51.073914,7.347683,-1.643434,51.894382,428452.524999,428452.444387,0,8926,1,-8.101972,10.771019,60.047241,-0.154824,0.154793,0.108467
428452.489514,1.023702,-2.341112,51.073914,7.361185,-1.653080,51.894382,428452.529302,428452.444387,0,8927,1,-8.101972,10.771019,60.047241,-0.154824,0.154793,0.108467
428452.492996,1.033939,-2.349971,51.073914,7.371421,-1.661940,51.894382,428452.532753,428452.444387,0,8928,1,-8.101972,10.771019,60.047241,-0.154824,0.154793,0.108467
428452.497000,1.044895,-2.358156,51.073914,7.382378,-1.670124,51.894382,428452.536661,428452.444387,0,8929,1,-8.101972,10.771019,60.047241,-0.154824,0.154793,0.108467
428452.501151,0.803122,-2.369359,51.003281,7.146540,-1.656625,51.824100,428452.540818,428452.461067,0,8930,1,-8.161235,10.647743,59.944187,-0.142012,0.153134,0.121117
428452.505479,0.801197,-2.368033,51.002281,7.144615,-1.655299,51.823101,428452.545232,428452.461067,0,8931,1,-8.161235,10.647743,59.944187,-0.142012,0.153134,0.121117
428452.509333,0.798523,-2.366581,51.001381,7.141941,-1.653848,51.822201,428452.549092,428452.461067,0,8932,1,-8.161235,10.647743,59.944187,-0.142012,0.153134,0.121117
428452.514416,0.794714,-2.364936,51.000568,7.138133,-1.652202,51.821392,428452.554090,428452.461067,0,8933,1,-8.161235,10.647743,59.944187,-0.142012,0.153134,0.121117
428452.518727,0.229058,-2.392125,51.006207,6.577110,-1.656512,51.824474,428452.558483,428452.477748,0,8934,1,-8.301454,10.732876,60.026173,-0.149763,0.142053,0.115145
428452.522138,0.191633,-2.406963,51.010132,6.539685,-1.671349,51.828400,428452.561894,428452.477748,0,8935,1,-8.301454,10.732876,60.026173,-0.149763,0.142053,0.115145
428452.525597,0.151325,-2.421011,51.013664,6.499377,-1.685398,51.831932,428452.565359,428452.477748,0,8936,1,-8.301454,10.732876,60.026173,-0.149763,0.142053,0.115145
428452.530146,0.092542,-2.434594,51.016842,6.440594,-1.698980,51.835110,428452.569889,428452.477748,0,8937,1,-8.301454,10.732876,60.026173,-0.149763,0.142053,0.115145
428452.534529,-0.192186,-2.445870,50.860310,6.149833,-1.692568,51.664009,428452.574285,428452.494429,0,8938,1,-8.192872,10.629725,59.806213,-0.139724,0.148708,0.116534
428452.538514,-0.264657,-2.448330,50.860310,6.077363,-1.695028,51.664009,428452.578271,428452.494429,0,8939,1,-8.192872,10.629725,59.806213,-0.139724,0.148708,0.116534
428452.543025,-0.349682,-2.450856,50.860310,5.992338,-1.697553,51.664009,428452.582680,428452.494429,0,8940,1,-8.192872,10.629725,59.806213,-0.139724,0.148708,0.116534
428452.546959,-0.430148,-2.453422,50.860310,5.911872,-1.700120,51.664009,428452.586706,428452.494429,0,8941,1,-8.192872,10.629725,59.806213,-0.139724,0.148708,0.116534
428452.551635,-1.386898,-2.453712,50.592068,4.943172,-1.680987,51.359028,428452.591386,428452.511109,0,8942,1,-7.966067,10.372519,59.460243,-0.112899,0.153760,0.117615
428452.555066,-1.513240,-2.444944,50.592068,4.816830,-1.672218,51.359028,428452.594824,428452.511109,0,8943,1,-7.966067,10.372519,59.460243,-0.112899,0.153760,0.117615
428452.560128,-1.706453,-2.436613,50.592068,4.623618,-1.663887,51.359028,428452.599897,428452.511109,0,8944,1,-7.966067,10.372519,59.460243,-0.112899,0.153760,0.117615
428452.564130,-1.864916,-2.428759,50.592068,4.465154,-1.656033,51.359028,428452.603906,428452.511109,0,8945,1,-7.966067,10.372519,59.460243,-0.112899,0.153760,0.117615
428452.568248,-0.087779,-2.422093,50.606808,6.233735,-1.631419,51.342758,428452.607968,428452.527790,0,8946,1,-7.958368,10.369181,59.461262,-0.113924,0.149001,0.119206
428452.572538,-0.090792,-2.407024,50.606121,6.230721,-1.616350,51.342072,428452.612297,428452.527790,0,8947,1,-7.958368,10.369181,59.461262,-0.113924,0.149001,0.119206
428452.576629,-0.112203,-2.392504,50.605503,6.209311,-1.601831,51.341450,428452.616347,428452.527790,0,8948,1,-7.958368,10.369181,59.461262,-0.113924,0.149001,0.119206
428452.580727,0.196347,-2.398738,50.509304,6.518263,-1.595601,51.254494,428452.620496,428452.544470,0,8949,1,-7.869270,10.472987,59.399872,-0.123825,0.145316,0.120000
428452.584774,0.198304,-2.398567,50.509304,6.520220,-1.595431,51.254494,428452.624452,428452.544470,0,8950,1,-7.869270,10.472987,59.399872,-0.123825,0.145316,0.120000
428452.589059,0.201612,-2.398219,50.509304,6.523529,-1.595082,51.254494,428452.628851,428452.544470,0,8951,1,-7.869270,10.472987,59.399872,-0.123825,0.145316,0.120000
428452.593155,0.205529,-2.397728,50.509304,6.527445,-1.594592,51.254494,428452.632739,428452.544470,0,8952,1,-7.869270,10.472987,59.399872,-0.123825,0.145316,0.120000
428452.596921,-1.088197,-2.423988,50.534920,5.224804,-1.606791,51.248848,428452.636687,428452.561151,0,8953,1,-7.717758,10.446750,59.411366,-0.120501,0.146608,0.119865
428452.602081,-1.212146,-2.442887,50.535919,5.100855,-1.625690,51.249847,428452.641835,428452.561151,0,8954,1,-7.717758,10.446750,59.411366,-0.120501,0.146608,0.119865
428452.606193,-1.314761,-2.461224,50.536819,4.998240,-1.644027,51.250748,428452.645960,428452.561151,0,8955,1,-7.717758,10.446750,59.411366,-0.120501,0.146608,0.119865
428452.610240,-1.416361,-2.479049,50.537632,4.896640,-1.661852,51.251556,428452.649930,428452.561151,0,8956,1,-7.717758,10.446750,59.411366,-0.120501,0.146608,0.119865
428452.614517,-0.975999,-2.487084,50.529533,5.327668,-1.660406,51.218410,428452.654267,428452.577831,0,8957,1,-7.574644,10.390016,59.327801,-0.114885,0.142573,0.124229
428452.618190,-1.036672,-2.490569,50.524632,5.266995,-1.663891,51.213512,428452.657953,428452.577831,0,8958,1,-7.574644,10.390016,59.327801,-0.114885,0.142573,0.124229
428452.622396,-1.105878,-2.494305,50.520222,5.197789,-1.667627,51.209099,428452.662079,428452.577831,0,8959,1,-7.574644,10.390016,59.327801,-0.114885,0.142573,0.124229
428452.626441,-1.173948,-2.498266,50.516251,5.129719,-1.671589,51.205132,428452.666063,428452.577831,0,8960,1,-7.574644,10.390016,59.327801,-0.114885,0.142573,0.124229
428452.629945,-1.484625,-2.504848,50.266407,4.802577,-1.667064,50.884048,428452.669725,428452.594512,0,8961,1,-7.529115,10.460073,59.120026,-0.122659,0.122444,0.123824
428452.634397,-1.583980,-2.506257,50.266407,4.703221,-1.668473,50.884048,428452.674200,428452.594512,0,8962,1,-7.529115,10.460073,59.120026,-0.122659,0.122444,0.123824
428452.638882,-1.682616,-2.508006,50.266407,4.604586,-1.670222,50.884048,428452.678540,428452.594512,0,8963,1,-7.529115,10.460073,59.120026,-0.122659,0.122444,0.123824
428452.642793,-1.774965,-2.510032,50.266407,4.512237,-1.672248,50.884048,428452.682518,428452.594512,0,8964,1,-7.529115,10.460073,59.120026,-0.122659,0.122444,0.123824
428452.646354,-1.858296,-2.520714,50.251442,4.410842,-1.680509,50.795906,428452.686106,428452.611193,0,8965,1,-7.324569,10.494088,59.064243,-0.124727,0.122509,0.113165
428452.651558,-1.985737,-2.530431,50.250443,4.283401,-1.690226,50.794907,428452.691319,428452.611193,0,8966,1,-7.324569,10.494088,59.064243,-0.124727,0.122509,0.113165
428452.655142,-2.072539,-2.539993,50.249542,4.196599,-1.699788,50.794006,428452.694794,428452.611193,0,8967,1,-7.324569,10.494088,59.064243,-0.124727,0.122509,0.113165
428452.659615,-2.188782,-2.549696,50.248730,4.080355,-1.709491,50.793198,428452.699357,428452.611193,0,8968,1,-7.324569,10.494088,59.064243,-0.124727,0.122509,0.113165
428452.663020,-2.278833,-2.559282,50.248001,3.990305,-1.719077,50.792469,428452.702825,428452.611193,0,8969,1,-7.324569,10.494088,59.064243,-0.124727,0.122509,0.113165
428452.667635,-2.399778,-2.569061,50.247345,3.869359,-1.728856,50.791813,428452.707396,428452.611193,0,8970,1,-7.324569,10.494088,59.064243,-0.124727,0.122509,0.113165
428452.672281,-2.525571,-2.579064,50.246754,3.743567,-1.738859,50.791222,428452.712051,428452.611193,0,8971,1,-7.324569,10.494088,59.064243,-0.124727,0.122509,0.113165
428452.676266,-2.635479,-2.589121,50.246223,3.633658,-1.748916,50.790691,428452.716040,428452.611193,0,8972,1,-7.324569,10.494088,59.064243,-0.124727,0.122509,0.113165
428452.679860,-2.616395,-2.634896,50.491104,3.636721,-1.792552,50.946125,428452.719607,428452.627873,0,8973,1,-7.102614,10.539139,59.270943,-0.124176,0.121908,0.101459
428452.685218,-2.758180,-2.679284,50.491104,3.494935,-1.836941,50.946125,428452.724911,428452.627873,0,8974,1,-7.102614,10.539139,59.270943,-0.124176,0.121908,0.101459
428452.688949,-2.858253,-2.722196,50.491104,3.394862,-1.879853,50.946125,428452.728588,428452.627873,0,8975,1,-7.102614,10.539139,59.270943,-0.124176,0.121908,0.101459
428452.692950,-3.127851,-2.724343,50.405014,3.107308,-1.886037,50.758923,428452.732727,428452.644565,0,8976,1,-6.797879,10.596917,59.149227,-0.132262,0.121773,0.102273
428452.696785,-3.245529,-2.729306,50.405014,2.989630,-1.891001,50.758923,428452.736545,428452.644565,0,8977,1,-6.797879,10.596917,59.149227,-0.132262,0.121773,0.102273
428452.701503,-3.383109,-2.735194,50.405014,2.852051,-1.896889,50.758923,428452.740934,428452.644565,0,8978,1,-6.797879,10.596917,59.149227,-0.132262,0.121773,0.102273
428452.705075,-3.507042,-2.741776,50.405014,2.728118,-1.903471,50.758923,428452.744820,428452.644565,0,8979,1,-6.797879,10.596917,59.149227,-0.132262,0.121773,0.102273
428452.710001,-3.774874,-2.716170,50.418339,2.441880,-1.886194,50.636368,428452.749783,428452.661253,0,8980,1,-6.604112,10.492057,59.079647,-0.119371,0.104645,0.097312
428452.713674,-3.902144,-2.696488,50.417336,2.314610,-1.866512,50.635368,428452.753430,428452.661253,0,8981,1,-6.604112,10.492057,59.079647,-0.119371,0.104645,0.097312
428452.717599,-4.029286,-2.678371,50.416435,2.187468,-1.848395,50.634468,428452.757020,428452.661253,0,8982,1,-6.604112,10.492057,59.079647,-0.119371,0.104645,0.097312
428452.722890,-4.229102,-2.661398,50.415627,1.987653,-1.831421,50.633659,428452.762558,428452.661253,0,8983,1,-6.604112,10.492057,59.079647,-0.119371,0.104645,0.097312
428452.726305,-3.596214,-2.656005,50.469425,2.606512,-1.839926,50.586334,428452.766055,428452.677940,0,8984,1,-6.225178,10.803401,59.165871,-0.149760,0.114505,0.088736
428452.729980,-3.687435,-2.657749,50.472340,2.515291,-1.841670,50.589245,428452.769738,428452.677940,0,8985,1,-6.225178,10.803401,59.165871,-0.149760,0.114505,0.088736
428452.735128,-3.814866,-2.659787,50.474960,2.387861,-1.843708,50.591869,428452.774841,428452.677940,0,8986,1,-6.225178,10.803401,59.165871,-0.149760,0.114505,0.088736
428452.739080,-3.915187,-2.661979,50.477318,2.287539,-1.845900,50.594227,428452.778826,428452.677940,0,8987,1,-6.225178,10.803401,59.165871,-0.149760,0.114505,0.088736
428452.742784,-4.384325,-2.648966,50.535694,1.813809,-1.847689,50.538700,428452.782541,428452.694628,0,8988,1,-5.907992,10.706840,59.151520,-0.140237,0.105941,0.085370
428452.746459,-4.499848,-2.643861,50.536980,1.698285,-1.842583,50.539986,428452.786220,428452.694628,0,8989,1,-5.907992,10.706840,59.151520,-0.140237,0.105941,0.085370
428452.751175,-4.650078,-2.639175,50.538132,1.548055,-1.837898,50.541138,428452.790947,428452.694628,0,8990,1,-5.907992,10.706840,59.151520,-0.140237,0.105941,0.085370
428452.755226,-4.779566,-2.634863,50.539173,1.418568,-1.833585,50.542179,428452.794972,428452.694628,0,8991,1,-5.907992,10.706840,59.151520,-0.140237,0.105941,0.085370
428452.759871,-5.036880,-2.652335,50.761261,1.169342,-1.873656,50.693962,428452.799624,428452.711315,0,8992,1,-5.532038,11.000736,59.373379,-0.167692,0.109735,0.070372
428452.764067,-5.182010,-2.680103,50.761261,1.024212,-1.901425,50.693962,428452.803744,428452.711315,0,8993,1,-5.532038,11.000736,59.373379,-0.167692,0.109735,0.070372
428452.767736,-5.314226,-2.706817,50.761261,0.891996,-1.928138,50.693962,428452.807451,428452.711315,0,8994,1,-5.532038,11.000736,59.373379,-0.167692,0.109735,0.070372
428452.772662,-5.351133,-2.705210,50.475597,0.856965,-1.951638,50.311871,428452.812441,428452.728003,0,8995,1,-5.245460,10.883954,59.034496,-0.153790,0.091893,0.066756
428452.776330,-5.473960,-2.716007,50.475597,0.734138,-1.962435,50.311871,428452.816087,428452.728003,0,8996,1,-5.245460,10.883954,59.034496,-0.153790,0.091893,0.066756
428452.779730,-5.587479,-2.726597,50.475597,0.620620,-1.973025,50.311871,428452.819428,428452.728003,0,8997,1,-5.245460,10.883954,59.034496,-0.153790,0.091893,0.066756
428452.784825,-5.757139,-2.737437,50.475597,0.450959,-1.983865,50.311871,428452.824370,428452.728003,0,8998,1,-5.245460,10.883954,59.034496,-0.153790,0.091893,0.066756
428452.788668,-5.895600,-2.748263,50.475597,0.312499,-1.994690,50.311871,428452.828360,428452.728003,0,8999,1,-5.245460,10.883954,59.034496,-0.153790,0.091893,0.066756
428452.792575,-6.369317,-2.752526,50.762268,-0.153957,-2.030580,50.514481,428452.832372,428452.744691,0,9000,1,-4.828897,11.128866,59.317078,-0.176344,0.091316,0.051271
428452.797600,-6.575340,-2.772578,50.762268,-0.359981,-2.050632,50.514481,428452.837360,428452.744691,0,9001,1,-4.828897,11.128866,59.317078,-0.176344,0.091316,0.051271
428452.801912,-6.743674,-2.792251,50.762268,-0.528315,-2.070306,50.514481,428452.841377,428452.744691,0,9002,1,-4.828897,11.128866,59.317078,-0.176344,0.091316,0.051271
428452.805504,-6.627235,-2.776202,50.798641,-0.399175,-2.091838,50.514797,428452.845287,428452.761378,0,9003,1,-4.259982,11.148822,59.339138,-0.178135,0.101033,0.047454
428452.809182,-6.764829,-2.779363,50.799641,-0.536768,-2.095000,50.515797,428452.848937,428452.761378,0,9004,1,-4.259982,11.148822,59.339138,-0.178135,0.101033,0.047454
428452.814322,-6.960885,-2.783191,50.800541,-0.732824,-2.098828,50.516697,428452.854084,428452.761378,0,9005,1,-4.259982,11.148822,59.339138,-0.178135,0.101033,0.047454
428452.818472,-7.115801,-2.787408,50.801350,-0.887740,-2.103045,50.517509,428452.858108,428452.761378,0,9006,1,-4.259982,11.148822,59.339138,-0.178135,0.101033,0.047454
428452.822685,-7.852177,-2.741272,50.653481,-1.611537,-2.098509,50.350353,428452.862436,428452.778066,0,9007,1,-3.700064,11.152536,59.171886,-0.177671,0.102843,0.043286
428452.826200,-8.023890,-2.717470,50.653481,-1.783249,-2.074707,50.350353,428452.865936,428452.778066,0,9008,1,-3.700064,11.152536,59.171886,-0.177671,0.102843,0.043286
428452.829794,-8.203637,-2.694967,50.653481,-1.962997,-2.052204,50.350353,428452.869555,428452.778066,0,9009,1,-3.700064,11.152536,59.171886,-0.177671,0.102843,0.043286
428452.834860,-8.456790,-2.673139,50.653481,-2.216149,-2.030376,50.350353,428452.874577,428452.778066,0,9010,1,-3.700064,11.152536,59.171886,-0.177671,0.102843,0.043286
428452.838894,-8.231467,-2.631207,50.464764,-1.973761,-2.036106,50.174908,428452.878691,428452.794753,0,9011,1,-3.234206,11.210327,59.008499,-0.185503,0.094876,0.037640
428452.842217,-8.379601,-2.613976,50.464764,-2.121895,-2.018875,50.174908,428452.882018,428452.794753,0,9012,1,-3.234206,11.210327,59.008499,-0.185503,0.094876,0.037640
428452.847097,-8.597537,-2.597039,50.464764,-2.339831,-2.001937,50.174908,428452.886864,428452.794753,0,9013,1,-3.234206,11.210327,59.008499,-0.185503,0.094876,0.037640
428452.851056,-8.777143,-2.580576,50.464764,-2.519437,-1.985475,50.174908,428452.890813,428452.794753,0,9014,1,-3.234206,11.210327,59.008499,-0.185503,0.094876,0.037640
428452.855732,-7.908425,-2.537719,50.689789,-1.630764,-1.993190,50.428337,428452.895481,428452.811441,0,9015,1,-2.797752,11.061176,59.231632,-0.169003,0.085938,0.027468
428452.859151,-8.000652,-2.520614,50.689789,-1.722991,-1.976086,50.428337,428452.898909,428452.811441,0,9016,1,-2.797752,11.061176,59.231632,-0.169003,0.085938,0.027468
428452.864204,-8.135637,-2.503244,50.689789,-1.857977,-1.958715,50.428337,428452.903969,428452.811441,0,9017,1,-2.797752,11.061176,59.231632,-0.169003,0.085938,0.027468
428452.868205,-8.241777,-2.485980,50.689789,-1.964116,-1.941451,50.428337,428452.907983,428452.811441,0,9018,1,-2.797752,11.061176,59.231632,-0.169003,0.085938,0.027468
428452.871817,-9.044391,-2.455389,50.360310,-2.750298,-1.966514,50.162056,428452.911569,428452.828128,0,9019,1,-2.375525,11.010511,58.938721,-0.165304,0.070957,0.021394
428452.876214,-9.213481,-2.452098,50.360310,-2.919388,-1.963223,50.162056,428452.915970,428452.828128,0,9020,1,-2.375525,11.010511,58.938721,-0.165304,0.070957,0.021394
428452.879853,-9.354246,-2.448448,50.360310,-3.060153,-1.959573,50.162056,428452.919614,428452.828128,0,9021,1,-2.375525,11.010511,58.938721,-0.165304,0.070957,0.021394
428452.884846,-9.608773,-2.421177,50.354008,-3.297202,-1.992610,50.201607,428452.924571,428452.844816,0,9022,1,-1.878780,11.343123,59.021317,-0.202615,0.067303,0.006142
428452.888874,-9.771950,-2.423365,50.355007,-3.460379,-1.994798,50.202606,428452.928600,428452.844816,0,9023,1,-1.878780,11.343123,59.021317,-0.202615,0.067303,0.006142
428452.892213,-9.909246,-2.424983,50.355907,-3.597675,-1.996415,50.203506,428452.931969,428452.844816,0,9024,1,-1.878780,11.343123,59.021317,-0.202615,0.067303,0.006142
428452.896996,-10.098445,-2.425942,50.356716,-3.786874,-1.997375,50.204319,428452.936582,428452.844816,0,9025,1,-1.878780,11.343123,59.021317,-0.202615,0.067303,0.006142
428452.900958,-10.263837,-2.426359,50.357445,-3.952266,-1.997792,50.205048,428452.940587,428452.844816,0,9026,1,-1.878780,11.343123,59.021317,-0.202615,0.067303,0.006142
428452.905938,-9.805747,-2.388009,50.313877,-3.477207,-2.019583,50.248310,428452.945721,428452.861503,0,9027,1,-1.279755,11.274673,59.004436,-0.198502,0.071284,0.008875
428452.909281,-9.903957,-2.379824,50.313740,-3.575417,-2.011398,50.248173,428452.949024,428452.861503,0,9028,1,-1.279755,11.274673,59.004436,-0.198502,0.071284,0.008875
428452.914315,-10.050563,-2.371328,50.313618,-3.722023,-2.002901,50.248051,428452.953982,428452.861503,0,9029,1,-1.279755,11.274673,59.004436,-0.198502,0.071284,0.008875
428452.918570,-10.945357,-2.324085,50.276226,-4.604790,-2.018848,50.271019,428452.958325,428452.878191,0,9030,1,-0.644492,11.187607,58.920258,-0.191696,0.078756,-0.004677
428452.921983,-11.092587,-2.308802,50.269737,-4.752020,-2.003565,50.264530,428452.961743,428452.878191,0,9031,1,-0.644492,11.187607,58.920258,-0.191696,0.078756,-0.004677
428452.925423,-11.241785,-2.293813,50.263897,-4.901218,-1.988576,50.258690,428452.965184,428452.878191,0,9032,1,-0.644492,11.187607,58.920258,-0.191696,0.078756,-0.004677
428452.929971,-11.439763,-2.278654,50.258640,-5.099196,-1.973418,50.253433,428452.969716,428452.878191,0,9033,1,-0.644492,11.187607,58.920258,-0.191696,0.078756,-0.004677
428452.934322,-10.855235,-2.224383,50.221725,-4.500434,-1.986597,50.274784,428452.974074,428452.894878,0,9034,1,-0.202288,11.038117,58.877151,-0.178781,0.070494,-0.014059
428452.938744,-10.990825,-2.203756,50.214725,-4.636024,-1.965970,50.267780,428452.978504,428452.894878,0,9035,1,-0.202288,11.038117,58.877151,-0.178781,0.070494,-0.014059
428452.942178,-11.095728,-2.183490,50.208420,-4.740928,-1.945705,50.261478,428452.981946,428452.894878,0,9036,1,-0.202288,11.038117,58.877151,-0.178781,0.070494,-0.014059
428452.947133,-11.245727,-2.162743,50.202747,-4.890926,-1.924957,50.255806,428452.986891,428452.894878,0,9037,1,-0.202288,11.038117,58.877151,-0.178781,0.070494,-0.014059
428452.950628,-11.120654,-2.117149,49.863827,-4.757278,-1.947217,49.947941,428452.990259,428452.911566,0,9038,1,0.271071,10.953698,58.599937,-0.173837,0.066854,-0.025726
428452.954940,-11.235257,-2.104980,49.863827,-4.871881,-1.935047,49.947941,428452.994701,428452.911566,0,9039,1,0.271071,10.953698,58.599937,-0.173837,0.066854,-0.025726
428452.959607,-11.353043,-2.092246,49.863827,-4.989667,-1.922314,49.947941,428452.999327,428452.911566,0,9040,1,0.271071,10.953698,58.599937,-0.173837,0.066854,-0.025726
428452.963557,-11.453448,-2.079215,49.863827,-5.090073,-1.909283,49.947941,428453.003321,428452.911566,0,9041,1,0.271071,10.953698,58.599937,-0.173837,0.066854,-0.025726
428452.968872,-11.403725,-2.047858,50.069221,-5.026250,-1.950767,50.221592,428453.008629,428452.928253,0,9042,1,0.759103,11.059802,58.859226,-0.187358,0.067646,-0.039818
428452.972016,-11.470973,-2.052041,50.069221,-5.093498,-1.954951,50.221592,428453.011820,428452.928253,0,9043,1,0.759103,11.059802,58.859226,-0.187358,0.067646,-0.039818
428452.975936,-11.551103,-2.055358,50.069221,-5.173628,-1.958267,50.221592,428453.015687,428452.928253,0,9044,1,0.759103,11.059802,58.859226,-0.187358,0.067646,-0.039818
428452.981048,-11.758107,-2.018494,49.822838,-5.373127,-1.996129,50.034859,428453.020818,428452.944941,0,9045,1,1.213082,11.182329,58.666672,-0.205222,0.068226,-0.058099
428452.985021,-11.843726,-2.018421,49.822838,-5.458746,-1.996055,50.034859,428453.024781,428452.944941,0,9046,1,1.213082,11.182329,58.666672,-0.205222,0.068226,-0.058099
428452.989111,-11.928576,-2.017830,49.822838,-5.543597,-1.995465,50.034859,428453.028774,428452.944941,0,9047,1,1.213082,11.182329,58.666672,-0.205222,0.068226,-0.058099
428452.993250,-12.013234,-2.016769,49.822838,-5.628255,-1.994404,50.034859,428453.032827,428452.944941,0,9048,1,1.213082,11.182329,58.666672,-0.205222,0.068226,-0.058099
428452.996989,-11.831804,-1.967836,49.811073,-5.438566,-2.023065,50.078651,428453.036782,428452.961628,0,9049,1,1.511564,11.111877,58.693886,-0.201936,0.056067,-0.062981
428453.001291,-11.897514,-1.957622,49.812073,-5.504277,-2.012851,50.079651,428453.040946,428452.961628,0,9050,1,1.511564,11.111877,58.693886,-0.201936,0.056067,-0.062981
428453.005032,-11.955679,-1.947421,49.812973,-5.562441,-2.002650,50.080551,428453.044751,428452.961628,0,9051,1,1.511564,11.111877,58.693886,-0.201936,0.056067,-0.062981
428453.010106,-12.029296,-1.936901,49.813786,-5.636058,-1.992130,50.081360,428453.049741,428452.961628,0,9052,1,1.511564,11.111877,58.693886,-0.201936,0.056067,-0.062981
428453.014399,-11.973476,-1.887668,49.669502,-5.570457,-2.016920,49.948811,428453.054081,428452.978316,0,9053,1,1.871701,11.021914,58.540554,-0.195172,0.052854,-0.069359
428453.018680,-12.021447,-1.875344,49.669502,-5.618428,-2.004596,49.948811,428453.058438,428452.978316,0,9054,1,1.871701,11.021914,58.540554,-0.195172,0.052854,-0.069359
428453.022883,-12.063832,-1.862990,49.669502,-5.660813,-1.992243,49.948811,428453.062526,428452.978316,0,9055,1,1.871701,11.021914,58.540554,-0.195172,0.052854,-0.069359
428453.026779,-12.102677,-1.850625,49.669502,-5.699657,-1.979877,49.948811,428453.066508,428452.978316,0,9056,1,1.871701,11.021914,58.540554,-0.195172,0.052854,-0.069359
428453.030507,-12.391133,-1.809549,49.596745,-5.980999,-2.014436,49.907753,428453.070248,428452.995003,0,9057,1,2.215767,11.129303,58.491760,-0.209975,0.054232,-0.078928
428453.034253,-12.445176,-1.805948,49.595745,-6.035042,-2.010835,49.906750,428453.074057,428452.995003,0,9058,1,2.215767,11.129303,58.491760,-0.209975,0.054232,-0.078928
428453.039316,-12.514152,-1.801827,49.594845,-6.104018,-2.006714,49.905853,428453.079068,428452.995003,0,9059,1,2.215767,11.129303,58.491760,-0.209975,0.054232,-0.078928
428453.043309,-12.567378,-1.797416,49.594036,-6.157244,-2.002304,49.905041,428453.083059,428452.995003,0,9060,1,2.215767,11.129303,58.491760,-0.209975,0.054232,-0.078928
428453.046641,-12.181121,-1.759212,49.585358,-5.765293,-2.035014,49.908245,428453.086394,428453.011691,0,9061,1,2.585116,11.123901,58.449200,-0.213939,0.060468,-0.081613
428453.051065,-12.199292,-1.756167,49.580456,-5.783464,-2.031969,49.903343,428453.090824,428453.011691,0,9062,1,2.585116,11.123901,58.449200,-0.213939,0.060468,-0.081613
428453.054501,-12.211016,-1.752986,49.576046,-5.795187,-2.028788,49.898933,428453.094261,428453.011691,0,9063,1,2.585116,11.123901,58.449200,-0.213939,0.060468,-0.081613
428453.058903,-12.222993,-1.749569,49.572075,-5.807166,-2.025370,49.894962,428453.098664,428453.011691,0,9064,1,2.585116,11.123901,58.449200,-0.213939,0.060468,-0.081613
428453.063464,-12.231803,-1.745927,49.568501,-5.815975,-2.021729,49.891388,428453.103225,428453.011691,0,9065,1,2.585116,11.123901,58.449200,-0.213939,0.060468,-0.081613
428453.068702,-12.237405,-1.742010,49.565285,-5.821577,-2.017812,49.888172,428453.108462,428453.011691,0,9066,1,2.585116,11.123901,58.449200,-0.213939,0.060468,-0.081613
428453.072391,-12.238456,-1.738049,49.562393,-5.822628,-2.013850,49.885281,428453.112100,428453.011691,0,9067,1,2.585116,11.123901,58.449200,-0.213939,0.060468,-0.081613
428453.076541,-12.638463,-1.685202,49.569923,-6.214490,-2.028649,49.880856,428453.116292,428453.028516,0,9068,1,2.771079,11.014336,58.486172,-0.206760,0.049730,-0.089563
428453.080257,-12.659450,-1.666850,49.571320,-6.235477,-2.010298,49.882256,428453.120015,428453.028516,0,9069,1,2.771079,11.014336,58.486172,-0.206760,0.049730,-0.089563
428453.083945,-12.678607,-1.649102,49.572578,-6.254634,-1.992549,49.883514,428453.123705,428453.028516,0,9070,1,2.771079,11.014336,58.486172,-0.206760,0.049730,-0.089563
428453.089149,-12.702256,-1.631414,49.573711,-6.278284,-1.974861,49.884647,428453.128775,428453.028516,0,9071,1,2.771079,11.014336,58.486172,-0.206760,0.049730,-0.089563
428453.093490,-12.147746,-1.569444,49.578274,-5.718609,-1.975554,49.885849,428453.133244,428453.045211,0,9072,1,2.891673,10.839927,58.487511,-0.191423,0.039319,-0.090045
428453.096953,-12.126778,-1.539920,49.580868,-5.697640,-1.946030,49.888443,428453.136705,428453.045211,0,9073,1,2.891673,10.839927,58.487511,-0.191423,0.039319,-0.090045
428453.101040,-12.099181,-1.511022,49.583202,-5.670044,-1.917132,49.890778,428453.140760,428453.045211,0,9074,1,2.891673,10.839927,58.487511,-0.191423,0.039319,-0.090045
428453.106027,-12.060819,-1.482095,49.585304,-5.631681,-1.888205,49.892879,428453.145742,428453.045211,0,9075,1,2.891673,10.839927,58.487511,-0.191423,0.039319,-0.090045
428453.109985,-12.494517,-1.441319,49.592865,-6.061310,-1.914198,49.883617,428453.149747,428453.061905,0,9076,1,3.179998,10.850638,58.463570,-0.196077,0.050006,-0.096883
428453.113768,-12.487980,-1.433517,49.592098,-6.054773,-1.906396,49.882851,428453.153529,428453.061905,0,9077,1,3.179998,10.850638,58.463570,-0.196077,0.050006,-0.096883
428453.117925,-12.478821,-1.425261,49.591408,-6.045614,-1.898140,49.882164,428453.157563,428453.061905,0,9078,1,3.179998,10.850638,58.463570,-0.196077,0.050006,-0.096883
428453.121862,-12.467582,-1.416605,49.590790,-6.034375,-1.889484,49.881542,428453.161539,428453.061905,0,9079,1,3.179998,10.850638,58.463570,-0.196077,0.050006,-0.096883
428453.127164,-12.261046,-1.431118,49.585014,-5.821579,-1.966424,49.892982,428453.166917,428453.078600,0,9080,1,3.259553,10.873978,58.498318,-0.195595,0.045706,-0.104420
428453.131098,-12.233603,-1.474257,49.587563,-5.794136,-2.009564,49.895531,428453.170855,428453.078600,0,9081,1,3.259553,10.873978,58.498318,-0.195595,0.045706,-0.104420
428453.134539,-12.207569,-1.514887,49.589859,-5.768101,-2.050194,49.897827,428453.174302,428453.078600,0,9082,1,3.259553,10.873978,58.498318,-0.195595,0.045706,-0.104420
428453.138581,-12.175097,-1.553618,49.591923,-5.735629,-2.088925,49.899891,428453.178290,428453.078600,0,9083,1,3.259553,10.873978,58.498318,-0.195595,0.045706,-0.104420
428453.142904,-12.138665,-1.568999,49.451790,-5.700915,-2.160452,49.788052,428453.182660,428453.095294,0,9084,1,3.261691,10.726803,58.333660,-0.179687,0.035547,-0.103306
428453.146359,-12.106090,-1.610580,49.451790,-5.668340,-2.202033,49.788052,428453.186120,428453.095294,0,9085,1,3.261691,10.726803,58.333660,-0.179687,0.035547,-0.103306
428453.151522,-12.053837,-1.651837,49.451790,-5.616086,-2.243290,49.788052,428453.191285,428453.095294,0,9086,1,3.261691,10.726803,58.333660,-0.179687,0.035547,-0.103306
428453.155562,-12.010147,-1.692071,49.451790,-5.572397,-2.283523,49.788052,428453.195309,428453.095294,0,9087,1,3.261691,10.726803,58.333660,-0.179687,0.035547,-0.103306
428453.158991,-12.417426,-1.685737,49.533905,-5.981170,-2.327190,49.896286,428453.198705,428453.111989,0,9088,1,3.328446,10.734566,58.428513,-0.179244,0.033287,-0.105576
428453.163425,-12.397972,-1.704857,49.533905,-5.961715,-2.346310,49.896286,428453.203182,428453.111989,0,9089,1,3.328446,10.734566,58.428513,-0.179244,0.033287,-0.105576
428453.168505,-12.373545,-1.724803,49.533905,-5.937288,-2.366256,49.896286,428453.208268,428453.111989,0,9090,1,3.328446,10.734566,58.428513,-0.179244,0.033287,-0.105576
428453.172472,-12.352709,-1.744973,49.533905,-5.916452,-2.386426,49.896286,428453.212247,428453.111989,0,9091,1,3.328446,10.734566,58.428513,-0.179244,0.033287,-0.105576
428453.175832,-11.496314,-1.726575,49.639343,-5.063441,-2.413464,50.031475,428453.215587,428453.128683,0,9092,1,3.421286,10.863041,58.564075,-0.191012,0.042649,-0.113720
428453.180508,-11.408273,-1.732000,49.639343,-4.975400,-2.418889,50.031475,428453.220266,428453.128683,0,9093,1,3.421286,10.863041,58.564075,-0.191012,0.042649,-0.113720
428453.184352,-11.335549,-1.738159,49.639343,-4.902677,-2.425048,50.031475,428453.224043,428453.128683,0,9094,1,3.421286,10.863041,58.564075,-0.191012,0.042649,-0.113720
428453.189677,-11.848643,-1.694628,49.604473,-5.417624,-2.416304,50.012951,428453.229431,428453.145378,0,9095,1,3.333268,10.720492,58.509262,-0.177110,0.031454,-0.106835
428453.192774,-11.849086,-1.670633,49.603474,-5.418067,-2.392309,50.011951,428453.232435,428453.145378,0,9096,1,3.333268,10.720492,58.509262,-0.177110,0.031454,-0.106835
428453.196811,-11.844641,-1.648385,49.602573,-5.413622,-2.370061,50.011051,428453.236450,428453.145378,0,9097,1,3.333268,10.720492,58.509262,-0.177110,0.031454,-0.106835
428453.201742,-11.810161,-1.627523,49.601765,-5.379142,-2.349199,50.010242,428453.241404,428453.145378,0,9098,1,3.333268,10.720492,58.509262,-0.177110,0.031454,-0.106835
428453.205788,-11.805469,-1.597507,49.602707,-5.378768,-2.347308,50.005787,428453.245446,428453.162072,0,9099,1,3.294986,10.848510,58.519096,-0.191422,0.033289,-0.109793
428453.209770,-11.798476,-1.582642,49.601128,-5.371776,-2.332443,50.004208,428453.249571,428453.162072,0,9100,1,3.294986,10.848510,58.519096,-0.191422,0.033289,-0.109793
428453.213835,-11.783105,-1.568748,49.599705,-5.356405,-2.318549,50.002785,428453.253636,428453.162072,0,9101,1,3.294986,10.848510,58.519096,-0.191422,0.033289,-0.109793
428453.218240,-11.742447,-1.555709,49.598423,-5.315746,-2.305511,50.001503,428453.257705,428453.162072,0,9102,1,3.294986,10.848510,58.519096,-0.191422,0.033289,-0.109793
428453.221848,-10.634018,-1.515058,49.586151,-4.209256,-2.288629,50.023724,428453.261617,428453.178767,0,9103,1,3.229641,10.769516,58.571205,-0.185361,0.037312,-0.101057
428453.227028,-10.477043,-1.487039,49.590626,-4.052281,-2.260609,50.028202,428453.266782,428453.178767,0,9104,1,3.229641,10.769516,58.571205,-0.185361,0.037312,-0.101057
428453.231059,-10.349573,-1.460096,49.594658,-3.924811,-2.233667,50.032230,428453.270826,428453.178767,0,9105,1,3.229641,10.769516,58.571205,-0.185361,0.037312,-0.101057
428453.234650,-10.234787,-1.434296,49.598282,-3.810025,-2.207867,50.035858,428453.274365,428453.178767,0,9106,1,3.229641,10.769516,58.571205,-0.185361,0.037312,-0.101057
428453.238054,-10.736337,-1.412271,49.594494,-4.311109,-2.204985,50.051514,428453.277791,428453.195461,0,9107,1,3.069383,10.825764,58.607590,-0.191929,0.036537,-0.110972
428453.242691,-10.626349,-1.399749,49.599834,-4.201122,-2.192463,50.056854,428453.282447,428453.195461,0,9108,1,3.069383,10.825764,58.607590,-0.191929,0.036537,-0.110972
428453.247909,-10.499783,-1.386968,49.604641,-4.074554,-2.179682,50.061661,428453.287637,428453.195461,0,9109,1,3.069383,10.825764,58.607590,-0.191929,0.036537,-0.110972
428453.250879,-10.425234,-1.374574,49.608967,-4.000006,-2.167288,50.065987,428453.290615,428453.195461,0,9110,1,3.069383,10.825764,58.607590,-0.191929,0.036537,-0.110972
428453.256464,-10.273718,-1.378829,49.842735,-3.843956,-2.182580,50.339729,428453.296219,428453.212156,0,9111,1,2.961241,10.772592,58.813202,-0.186098,0.041519,-0.098177
428453.258865,-10.209562,-1.387707,49.842735,-3.779800,-2.191458,50.339729,428453.298619,428453.212156,0,9112,1,2.961241,10.772592,58.813202,-0.186098,0.041519,-0.098177
428453.263923,-10.071015,-1.395884,49.842735,-3.641254,-2.199635,50.339729,428453.303691,428453.212156,0,9113,1,2.961241,10.772592,58.813202,-0.186098,0.041519,-0.098177
428453.267923,-9.958639,-1.403405,49.842731,-3.528877,-2.207156,50.339725,428453.307701,428453.212156,0,9114,1,2.961241,10.772592,58.813202,-0.186098,0.041519,-0.098177
428453.271330,-10.334044,-1.413811,49.689232,-3.903221,-2.220481,50.211575,428453.311080,428453.228850,0,9115,1,2.744233,10.831942,58.681599,-0.192526,0.040131,-0.095049
428453.276007,-10.236193,-1.425074,49.689232,-3.805369,-2.231744,50.211575,428453.315761,428453.228850,0,9116,1,2.744233,10.831942,58.681599,-0.192526,0.040131,-0.095049
428453.281074,-10.132540,-1.435846,49.689232,-3.701717,-2.242516,50.211575,428453.320620,428453.228850,0,9117,1,2.744233,10.831942,58.681599,-0.192526,0.040131,-0.095049
428453.284768,-10.214290,-1.476534,49.584820,-3.781522,-2.282744,50.104588,428453.324541,428453.245545,0,9118,1,2.506914,11.065488,58.602749,-0.214100,0.041810,-0.095275
428453.288204,-10.152308,-1.515115,49.584820,-3.719541,-2.321326,50.104588,428453.327957,428453.245545,0,9119,1,2.506914,11.065488,58.602749,-0.214100,0.041810,-0.095275
428453.293215,-10.060348,-1.553127,49.584820,-3.627579,-2.359337,50.104588,428453.332967,428453.245545,0,9120,1,2.506914,11.065488,58.602749,-0.214100,0.041810,-0.095275
428453.297225,-9.989140,-1.589939,49.584820,-3.556372,-2.396149,50.104588,428453.336799,428453.245545,0,9121,1,2.506914,11.065488,58.602749,-0.214100,0.041810,-0.095275
428453.301035,-9.334597,-1.638170,49.450642,-2.901283,-2.433611,49.954342,428453.340816,428453.262239,0,9122,1,2.274378,11.206663,58.471638,-0.225186,0.045377,-0.082533
428453.304709,-9.226684,-1.679803,49.450642,-2.793370,-2.475244,49.954342,428453.344467,428453.262239,0,9123,1,2.274378,11.206663,58.471638,-0.225186,0.045377,-0.082533
428453.309966,-9.069117,-1.721800,49.450642,-2.635803,-2.517241,49.954342,428453.349683,428453.262239,0,9124,1,2.274378,11.206663,58.471638,-0.225186,0.045377,-0.082533
428453.313997,-8.945008,-1.763196,49.450642,-2.511695,-2.558637,49.954342,428453.353702,428453.262239,0,9125,1,2.274378,11.206663,58.471638,-0.225186,0.045377,-0.082533
428453.318115,-9.033237,-1.792970,49.439087,-2.598172,-2.570588,49.895023,428453.357797,428453.278934,0,9126,1,1.994613,11.246998,58.428062,-0.227391,0.046925,-0.074562
428453.321801,-8.928391,-1.814185,49.438084,-2.493326,-2.591804,49.894024,428453.361558,428453.278934,0,9127,1,1.994613,11.246998,58.428062,-0.227391,0.046925,-0.074562
428453.327013,-8.784338,-1.836664,49.437183,-2.349273,-2.614282,49.893124,428453.366638,428453.278934,0,9128,1,1.994613,11.246998,58.428062,-0.227391,0.046925,-0.074562
428453.331346,-8.655690,-1.859947,49.436375,-2.220625,-2.637565,49.892315,428453.371092,428453.278934,0,9129,1,1.994613,11.246998,58.428062,-0.227391,0.046925,-0.074562
428453.333751,-7.980956,-1.850544,49.440826,-1.542700,-2.605698,49.887360,428453.373506,428453.295628,0,9130,1,1.699149,11.194647,58.423576,-0.221403,0.055506,-0.066505
428453.338992,-7.766855,-1.832025,49.440601,-1.328600,-2.587178,49.887135,428453.378749,428453.295628,0,9131,1,1.699149,11.194647,58.423576,-0.221403,0.055506,-0.066505
428453.343500,-7.579228,-1.815372,49.440395,-1.140973,-2.570525,49.886932,428453.383234,428453.295628,0,9132,1,1.699149,11.194647,58.423576,-0.221403,0.055506,-0.066505
428453.347064,-7.426042,-1.800376,49.440212,-0.987787,-2.555530,49.886749,428453.386823,428453.295628,0,9133,1,1.699149,11.194647,58.423576,-0.221403,0.055506,-0.066505
428453.350418,-8.011940,-1.790081,49.452557,-1.571161,-2.521632,49.862228,428453.390172,428453.312323,0,9134,1,1.374469,11.131280,58.350933,-0.210909,0.061880,-0.072503
428453.355631,-7.850165,-1.769215,49.447079,-1.409386,-2.500766,49.856750,428453.395385,428453.312323,0,9135,1,1.374469,11.131280,58.350933,-0.210909,0.061880,-0.072503
428453.359452,-7.732886,-1.749685,49.442150,-1.292107,-2.481237,49.851822,428453.399112,428453.312323,0,9136,1,1.374469,11.131280,58.350933,-0.210909,0.061880,-0.072503
428453.363275,-7.608312,-1.731277,49.437710,-1.167533,-2.462829,49.847382,428453.403027,428453.312323,0,9137,1,1.374469,11.131280,58.350933,-0.210909,0.061880,-0.072503
428453.367683,-7.492020,-1.745460,49.444637,-1.051640,-2.446634,49.829872,428453.407440,428453.329017,0,9138,1,1.017343,11.038068,58.318733,-0.197900,0.067533,-0.059104
428453.371374,-7.375978,-1.744658,49.439873,-0.935598,-2.445832,49.825108,428453.411135,428453.329017,0,9139,1,1.017343,11.038068,58.318733,-0.197900,0.067533,-0.059104
428453.376097,-7.227315,-1.744050,49.435585,-0.786934,-2.445223,49.820820,428453.415820,428453.329017,0,9140,1,1.017343,11.038068,58.318733,-0.197900,0.067533,-0.059104
428453.380081,-7.098033,-1.743581,49.431725,-0.657653,-2.444755,49.816959,428453.419850,428453.329017,0,9141,1,1.017343,11.038068,58.318733,-0.197900,0.067533,-0.059104
428453.384767,-6.621767,-1.750886,49.572048,-0.177277,-2.418702,49.936687,428453.424524,428453.345712,0,9142,1,0.743069,10.742375,58.429485,-0.166484,0.083132,-0.052842
428453.388276,-6.482662,-1.742054,49.572048,-0.038173,-2.409871,49.936687,428453.428035,428453.345712,0,9143,1,0.743069,10.742375,58.429485,-0.166484,0.083132,-0.052842
428453.393120,-6.295689,-1.733551,49.572048,0.148801,-2.401368,49.936687,428453.432686,428453.345712,0,9144,1,0.743069,10.742375,58.429485,-0.166484,0.083132,-0.052842
428453.396896,-6.002683,-1.745157,49.704639,0.444567,-2.370769,50.038235,428453.436666,428453.362406,0,9145,1,0.347459,10.922864,58.566483,-0.184447,0.091301,-0.037783
428453.400353,-5.852160,-1.736005,49.704639,0.595090,-2.361616,50.038235,428453.440116,428453.362406,0,9146,1,0.347459,10.922864,58.566483,-0.184447,0.091301,-0.037783
428453.405501,-5.626250,-1.726828,49.704639,0.821000,-2.352440,50.038235,428453.445213,428453.362406,0,9147,1,0.347459,10.922864,58.566483,-0.184447,0.091301,-0.037783
428453.409433,-5.456842,-1.717839,49.704639,0.990408,-2.343451,50.038235,428453.448976,428453.362406,0,9148,1,0.347459,10.922864,58.566483,-0.184447,0.091301,-0.037783
428453.413236,-5.015106,-1.727891,49.950493,1.435231,-2.308494,50.282364,428453.452996,428453.379101,0,9149,1,-0.020543,10.889464,58.791176,-0.180023,0.107325,-0.026565
428453.417777,-4.778214,-1.715283,49.950493,1.672124,-2.295886,50.282364,428453.457538,428453.379101,0,9150,1,-0.020543,10.889464,58.791176,-0.180023,0.107325,-0.026565
428453.421887,-4.562259,-1.702629,49.950493,1.888078,-2.283231,50.282364,428453.461606,428453.379101,0,9151,1,-0.020543,10.889464,58.791176,-0.180023,0.107325,-0.026565
428453.425877,-4.348296,-1.689917,49.950493,2.102042,-2.270520,50.282364,428453.465572,428453.379101,0,9152,1,-0.020543,10.889464,58.791176,-0.180023,0.107325,-0.026565
428453.430322,-5.540549,-1.733733,49.956455,0.914270,-2.261521,50.277042,428453.470081,428453.395795,0,9153,1,-0.532913,10.690798,58.755783,-0.154117,0.104406,-0.017486
428453.434564,-5.420249,-1.750043,49.956745,1.034570,-2.277831,50.277328,428453.474329,428453.395795,0,9154,1,-0.532913,10.690798,58.755783,-0.154117,0.104406,-0.017486
428453.438562,-5.307598,-1.765344,49.957005,1.147220,-2.293132,50.277588,428453.478327,428453.395795,0,9155,1,-0.532913,10.690798,58.755783,-0.154117,0.104406,-0.017486
428453.441999,-5.210110,-1.779667,49.957237,1.244708,-2.307455,50.277824,428453.481803,428453.395795,0,9156,1,-0.532913,10.690798,58.755783,-0.154117,0.104406,-0.017486
428453.446531,-5.083595,-1.793297,49.957447,1.371224,-2.321085,50.278034,428453.486336,428453.395795,0,9157,1,-0.532913,10.690798,58.755783,-0.154117,0.104406,-0.017486
428453.451236,-4.958354,-1.806320,49.957638,1.496465,-2.334108,50.278221,428453.490849,428453.395795,0,9158,1,-0.532913,10.690798,58.755783,-0.154117,0.104406,-0.017486
428453.454506,-4.863788,-1.818628,49.957809,1.591030,-2.346416,50.278393,428453.494273,428453.395795,0,9159,1,-0.532913,10.690798,58.755783,-0.154117,0.104406,-0.017486
428453.459501,-4.726986,-1.830580,49.957962,1.727832,-2.358369,50.278545,428453.499253,428453.395795,0,9160,1,-0.532913,10.690798,58.755783,-0.154117,0.104406,-0.017486
428453.462879,-4.943662,-1.899106,49.961205,1.508543,-2.376616,50.280258,428453.502634,428453.412490,0,9161,1,-0.977780,10.773226,58.781067,-0.158795,0.111298,-0.015231
428453.468351,-4.825976,-1.941827,49.963436,1.626230,-2.419336,50.282486,428453.508107,428453.412490,0,9162,1,-0.977780,10.773226,58.781067,-0.158795,0.111298,-0.015231
428453.472484,-4.740406,-1.983082,49.965443,1.711800,-2.460592,50.284496,428453.512161,428453.412490,0,9163,1,-0.977780,10.773226,58.781067,-0.158795,0.111298,-0.015231
428453.476529,-3.488519,-2.019826,49.959530,2.965714,-2.441751,50.283413,428453.516316,428453.428628,0,9164,1,-1.383298,10.567461,58.673851,-0.135529,0.124011,-0.005692
428453.480208,-3.341144,-2.028887,49.956383,3.113090,-2.450811,50.280266,428453.519965,428453.428628,0,9165,1,-1.383298,10.567461,58.673851,-0.135529,0.124011,-0.005692
428453.484367,-3.171760,-2.038208,49.953552,3.282474,-2.460133,50.277435,428453.524126,428453.428628,0,9166,1,-1.383298,10.567461,58.673851,-0.135529,0.124011,-0.005692
428453.488050,-3.022435,-2.047637,49.951004,3.431798,-2.469562,50.274887,428453.527766,428453.428628,0,9167,1,-1.383298,10.567461,58.673851,-0.135529,0.124011,-0.005692
428453.493357,-3.096423,-2.087507,49.820538,3.353944,-2.448486,50.164185,428453.533109,428453.445316,0,9168,1,-1.799769,10.743368,58.589825,-0.151206,0.135672,0.003817
428453.497000,-2.961819,-2.097030,49.820538,3.488548,-2.458009,50.164185,428453.536759,428453.445316,0,9169,1,-1.799769,10.743368,58.589825,-0.151206,0.135672,0.003817
428453.500517,-2.831404,-2.106645,49.820538,3.618963,-2.467623,50.164185,428453.540281,428453.445316,0,9170,1,-1.799769,10.743368,58.589825,-0.151206,0.135672,0.003817
428453.505247,-2.658168,-2.116703,49.820538,3.792199,-2.477681,50.164185,428453.544936,428453.445316,0,9171,1,-1.799769,10.743368,58.589825,-0.151206,0.135672,0.003817
428453.509122,-3.141028,-2.157181,49.792946,3.303155,-2.458868,50.156929,428453.548905,428453.462003,0,9172,1,-2.350310,10.868047,58.582493,-0.159876,0.130155,0.011498
428453.513624,-3.022743,-2.168265,49.791946,3.421440,-2.469952,50.155930,428453.553363,428453.462003,0,9173,1,-2.350310,10.868047,58.582493,-0.159876,0.130155,0.011498
428453.517608,-2.917393,-2.179455,49.791046,3.526791,-2.481143,50.155029,428453.557365,428453.462003,0,9174,1,-2.350310,10.868047,58.582493,-0.159876,0.130155,0.011498
428453.522684,-2.786572,-2.191071,49.790237,3.657612,-2.492758,50.154217,428453.562375,428453.462003,0,9175,1,-2.350310,10.868047,58.582493,-0.159876,0.130155,0.011498
428453.526097,-1.775743,-2.208290,49.911755,4.660602,-2.443721,50.308159,428453.565856,428453.478691,0,9176,1,-2.851358,10.886111,58.724880,-0.162836,0.134940,0.023878
428453.529490,-1.636022,-2.193701,49.911755,4.800323,-2.429132,50.308159,428453.569250,428453.478691,0,9177,1,-2.851358,10.886111,58.724880,-0.162836,0.134940,0.023878
428453.534819,-1.423610,-2.180127,49.911755,5.012734,-2.415558,50.308159,428453.574370,428453.478691,0,9178,1,-2.851358,10.886111,58.724880,-0.162836,0.134940,0.023878
428453.538644,-1.257723,-2.167537,49.911755,5.178622,-2.402968,50.308159,428453.578335,428453.478691,0,9179,1,-2.851358,10.886111,58.724880,-0.162836,0.134940,0.023878
428453.542907,-1.552183,-2.172995,50.191917,4.884718,-2.350595,50.605373,428453.582664,428453.495378,0,9180,1,-3.332522,10.970490,59.021046,-0.171361,0.141246,0.018319
428453.546900,-1.412644,-2.150687,50.191917,5.024258,-2.328287,50.605373,428453.586659,428453.495378,0,9181,1,-3.332522,10.970490,59.021046,-0.171361,0.141246,0.018319
428453.551148,-1.269380,-2.129336,50.191917,5.167521,-2.306936,50.605373,428453.590753,428453.495378,0,9182,1,-3.332522,10.970490,59.021046,-0.171361,0.141246,0.018319
428453.554998,-1.129302,-2.108828,50.191917,5.307600,-2.286428,50.605373,428453.594747,428453.495378,0,9183,1,-3.332522,10.970490,59.021046,-0.171361,0.141246,0.018319
428453.559611,-1.949638,-2.090688,50.184452,4.482237,-2.204202,50.638664,428453.599329,428453.512066,0,9184,1,-3.877423,10.985600,59.057106,-0.175883,0.135234,0.026164
428453.563045,-1.886959,-2.042638,50.185455,4.544917,-2.156152,50.639664,428453.602799,428453.512066,0,9185,1,-3.877423,10.985600,59.057106,-0.175883,0.135234,0.026164
428453.567464,-1.808977,-1.995583,50.186356,4.622899,-2.109098,50.640564,428453.607239,428453.512066,0,9186,1,-3.877423,10.985600,59.057106,-0.175883,0.135234,0.026164
428453.572431,-1.075381,-1.992608,50.456215,5.356568,-2.044991,50.929043,428453.612206,428453.528754,0,9187,1,-4.239841,10.764933,59.269901,-0.152947,0.152489,0.027981
428453.576840,-0.953366,-1.959176,50.456215,5.478583,-2.011559,50.929043,428453.616598,428453.528754,0,9188,1,-4.239841,10.764933,59.269901,-0.152947,0.152489,0.027981
428453.580241,-0.859220,-1.926500,50.456215,5.572729,-1.978883,50.929043,428453.620003,428453.528754,0,9189,1,-4.239841,10.764933,59.269901,-0.152947,0.152489,0.027981
428453.584253,-0.748560,-1.893959,50.456215,5.683389,-1.946342,50.929043,428453.624021,428453.528754,0,9190,1,-4.239841,10.764933,59.269901,-0.152947,0.152489,0.027981
428453.589391,-1.476848,-1.930538,50.230511,4.943228,-1.922482,50.726810,428453.629169,428453.545441,0,9191,1,-4.653801,10.693025,59.043064,-0.146094,0.152909,0.032620
428453.593629,-1.425420,-1.935464,50.230511,4.994656,-1.927407,50.726810,428453.633347,428453.545441,0,9192,1,-4.653801,10.693025,59.043064,-0.146094,0.152909,0.032620
428453.597121,-1.384520,-1.939223,50.230511,5.035556,-1.931166,50.726810,428453.636836,428453.545441,0,9193,1,-4.653801,10.693025,59.043064,-0.146094,0.152909,0.032620
428453.600851,-1.343517,-1.941888,50.230511,5.076559,-1.933832,50.726810,428453.640505,428453.545441,0,9194,1,-4.653801,10.693025,59.043064,-0.146094,0.152909,0.032620
428453.606169,-0.838255,-1.983440,50.335960,5.574024,-1.921944,50.875729,428453.645886,428453.562129,0,9195,1,-4.931024,10.550755,59.109749,-0.129354,0.172856,0.039063
428453.609064,-0.788684,-1.996764,50.335960,5.623596,-1.935268,50.875729,428453.648823,428453.562129,0,9196,1,-4.931024,10.550755,59.109749,-0.129354,0.172856,0.039063
428453.613611,-0.713565,-2.008730,50.335960,5.698715,-1.947233,50.875729,428453.653375,428453.562129,0,9197,1,-4.931024,10.550755,59.109749,-0.129354,0.172856,0.039063
428453.617726,-0.648974,-2.019489,50.335960,5.763305,-1.957993,50.875729,428453.657393,428453.562129,0,9198,1,-4.931024,10.550755,59.109749,-0.129354,0.172856,0.039063
428453.621653,-0.103920,-2.077950,50.183666,6.293281,-1.965283,50.726776,428453.661382,428453.578816,0,9199,1,-5.390763,10.572301,58.971676,-0.131069,0.166163,0.044576
428453.626360,0.011726,-2.109401,50.183666,6.408927,-1.996735,50.726776,428453.666112,428453.578816,0,9200,1,-5.390763,10.572301,58.971676,-0.131069,0.166163,0.044576
428453.630406,0.110635,-2.139374,50.183666,6.507835,-2.026708,50.726776,428453.670169,428453.578816,0,9201,1,-5.390763,10.572301,58.971676,-0.131069,0.166163,0.044576
428453.634229,0.197418,-2.167866,50.183666,6.594619,-2.055199,50.726776,428453.673738,428453.578816,0,9202,1,-5.390763,10.572301,58.971676,-0.131069,0.166163,0.044576
428453.639113,-0.430429,-2.213706,50.303604,5.948376,-2.048305,50.839348,428453.678864,428453.595504,0,9203,1,-5.753093,10.515821,59.070099,-0.123283,0.167287,0.051629
428453.642670,-0.393408,-2.232394,50.303604,5.985397,-2.066994,50.839348,428453.682427,428453.595504,0,9204,1,-5.753093,10.515821,59.070099,-0.123283,0.167287,0.051629
428453.646758,-0.353395,-2.250580,50.303604,6.025410,-2.085180,50.839348,428453.686478,428453.595504,0,9205,1,-5.753093,10.515821,59.070099,-0.123283,0.167287,0.051629
428453.651709,-0.307277,-2.268690,50.303604,6.071528,-2.103289,50.839348,428453.691456,428453.595504,0,9206,1,-5.753093,10.515821,59.070099,-0.123283,0.167287,0.051629
428453.655032,0.017982,-2.285799,50.358303,6.383684,-2.067622,50.883442,428453.694791,428453.612191,0,9207,1,-6.130825,10.240933,59.069973,-0.092711,0.163475,0.060413
428453.659692,0.079856,-2.277218,50.359303,6.445558,-2.059041,50.884441,428453.699453,428453.612191,0,9208,1,-6.130825,10.240933,59.069973,-0.092711,0.163475,0.060413
428453.664057,0.134436,-2.269282,50.360203,6.500138,-2.051105,50.885342,428453.703696,428453.612191,0,9209,1,-6.130825,10.240933,59.069973,-0.092711,0.163475,0.060413
428453.667840,0.183372,-2.261938,50.361015,6.549075,-2.043761,50.886150,428453.707616,428453.612191,0,9210,1,-6.130825,10.240933,59.069973,-0.092711,0.163475,0.060413
428453.671261,0.834719,-2.279752,50.543362,7.187718,-2.017992,51.076317,428453.711019,428453.628879,0,9211,1,-6.474336,10.518353,59.302074,-0.122824,0.170822,0.055861
428453.675949,0.939426,-2.276013,50.543362,7.292425,-2.014253,51.076317,428453.715712,428453.628879,0,9212,1,-6.474336,10.518353,59.302074,-0.122824,0.170822,0.055861
428453.680736,1.044431,-2.272483,50.543362,7.397429,-2.010723,51.076317,428453.720422,428453.628879,0,9213,1,-6.474336,10.518353,59.302074,-0.122824,0.170822,0.055861
428453.685208,-0.026830,-2.263027,50.504955,6.312266,-1.958973,51.028042,428453.724851,428453.645566,0,9214,1,-6.787910,10.488300,59.263065,-0.125026,0.163301,0.062224
428453.689293,-0.021389,-2.233564,50.503956,6.317707,-1.929511,51.027039,428453.729002,428453.645566,0,9215,1,-6.787910,10.488300,59.263065,-0.125026,0.163301,0.062224
428453.693239,-0.019119,-2.205153,50.503056,6.319977,-1.901099,51.026138,428453.732982,428453.645566,0,9216,1,-6.787910,10.488300,59.263065,-0.125026,0.163301,0.062224
428453.697332,-0.019709,-2.177655,50.502247,6.319386,-1.873602,51.025330,428453.736916,428453.645566,0,9217,1,-6.787910,10.488300,59.263065,-0.125026,0.163301,0.062224
428453.701141,-0.177971,-2.161260,50.396763,6.150044,-1.814739,50.920063,428453.740895,428453.662254,0,9218,1,-7.103935,10.372066,59.160450,-0.116946,0.154766,0.067936
428453.705137,-0.199084,-2.124631,50.396763,6.128931,-1.778110,50.920063,428453.744924,428453.662254,0,9219,1,-7.103935,10.372066,59.160450,-0.116946,0.154766,0.067936
428453.709124,-0.223505,-2.088855,50.396763,6.104510,-1.742335,50.920063,428453.748913,428453.662254,0,9220,1,-7.103935,10.372066,59.160450,-0.116946,0.154766,0.067936
428453.714204,-0.259344,-2.053004,50.396763,6.068671,-1.706483,50.920063,428453.753949,428453.662254,0,9221,1,-7.103935,10.372066,59.160450,-0.116946,0.154766,0.067936
428453.717586,0.813885,-2.048159,50.733242,7.133355,-1.670596,51.259491,428453.757290,428453.678941,0,9222,1,-7.296146,10.453088,59.506641,-0.127775,0.164389,0.064083
428453.722923,0.874926,-2.026749,50.733242,7.194396,-1.649185,51.259491,428453.762661,428453.678941,0,9223,1,-7.296146,10.453088,59.506641,-0.127775,0.164389,0.064083
428453.725884,0.908480,-2.005718,50.733242,7.227950,-1.628154,51.259491,428453.765657,428453.678941,0,9224,1,-7.296146,10.453088,59.506641,-0.127775,0.164389,0.064083
428453.731400,0.969081,-1.983482,50.733242,7.288551,-1.605919,51.259491,428453.771151,428453.678941,0,9225,1,-7.296146,10.453088,59.506641,-0.127775,0.164389,0.064083
428453.734657,0.476755,-2.004816,50.699291,6.780091,-1.589683,51.213840,428453.774312,428453.695629,0,9226,1,-7.488926,10.426133,59.455738,-0.126860,0.163813,0.065785
428453.738935,0.480993,-2.006045,50.698292,6.784329,-1.590911,51.212841,428453.778688,428453.695629,0,9227,1,-7.488926,10.426133,59.455738,-0.126860,0.163813,0.065785
428453.743017,0.482800,-2.006147,50.697392,6.786136,-1.591014,51.211941,428453.782775,428453.695629,0,9228,1,-7.488926,10.426133,59.455738,-0.126860,0.163813,0.065785
428453.747026,0.482557,-2.005250,50.696579,6.785893,-1.590116,51.211132,428453.786769,428453.695629,0,9229,1,-7.488926,10.426133,59.455738,-0.126860,0.163813,0.065785
428453.750567,0.706782,-2.040515,50.867821,7.010464,-1.590812,51.415215,428453.790315,428453.712316,0,9230,1,-7.582101,10.294616,59.606480,-0.113828,0.174438,0.074230
428453.755209,0.719031,-2.057141,50.867821,7.022713,-1.607438,51.415215,428453.794957,428453.712316,0,9231,1,-7.582101,10.294616,59.606480,-0.113828,0.174438,0.074230
428453.759408,0.728367,-2.072551,50.867821,7.032049,-1.622848,51.415215,428453.799163,428453.712316,0,9232,1,-7.582101,10.294616,59.606480,-0.113828,0.174438,0.074230
428453.763399,0.735649,-2.086881,50.867821,7.039330,-1.637178,51.415215,428453.803138,428453.712316,0,9233,1,-7.582101,10.294616,59.606480,-0.113828,0.174438,0.074230
428453.767778,0.445769,-2.107046,50.749207,6.739058,-1.621088,51.277176,428453.807524,428453.729004,0,9234,1,-7.848610,10.228484,59.498047,-0.109406,0.154823,0.078800
428453.771452,0.431327,-2.108715,50.749207,6.724616,-1.622757,51.277176,428453.811198,428453.729004,0,9235,1,-7.848610,10.228484,59.498047,-0.109406,0.154823,0.078800
428453.776614,0.407936,-2.110008,50.749207,6.701225,-1.624049,51.277176,428453.816364,428453.729004,0,9236,1,-7.848610,10.228484,59.498047,-0.109406,0.154823,0.078800
428453.780590,0.387566,-2.111028,50.749207,6.680855,-1.625070,51.277176,428453.820324,428453.729004,0,9237,1,-7.848610,10.228484,59.498047,-0.109406,0.154823,0.078800
428453.784558,0.009142,-2.124993,51.036442,6.304376,-1.603181,51.559505,428453.824347,428453.745691,0,9238,1,-7.940627,10.103590,59.753937,-0.095777,0.153949,0.084368
428453.788568,-0.044719,-2.120894,51.036442,6.250515,-1.599082,51.559505,428453.828338,428453.745691,0,9239,1,-7.940627,10.103590,59.753937,-0.095777,0.153949,0.084368
428453.792625,-0.101560,-2.116678,51.036442,6.193674,-1.594866,51.559505,428453.832313,428453.745691,0,9240,1,-7.940627,10.103590,59.753937,-0.095777,0.153949,0.084368
428453.796728,0.332418,-2.139992,50.982677,6.635506,-1.588069,51.535088,428453.836474,428453.762379,0,9241,1,-7.935688,10.159189,59.708382,-0.102584,0.161848,0.082243
428453.801909,0.330921,-2.147835,50.981678,6.634009,-1.595913,51.534088,428453.841661,428453.762379,0,9242,1,-7.935688,10.159189,59.708382,-0.102584,0.161848,0.082243
428453.806008,0.313721,-2.155254,50.980778,6.616809,-1.603332,51.533188,428453.845773,428453.762379,0,9243,1,-7.935688,10.159189,59.708382,-0.102584,0.161848,0.082243
428453.810042,0.295555,-2.162306,50.979969,6.598643,-1.610384,51.532379,428453.849747,428453.762379,0,9244,1,-7.935688,10.159189,59.708382,-0.102584,0.161848,0.082243
428453.813440,-0.398978,-2.198229,50.822956,5.905449,-1.616083,51.345512,428453.853201,428453.779066,0,9245,1,-7.997629,10.138311,59.558559,-0.100035,0.147417,0.085023
428453.817253,-0.466948,-2.218337,50.822960,5.837480,-1.636192,51.345512,428453.857015,428453.779066,0,9246,1,-7.997629,10.138311,59.558559,-0.100035,0.147417,0.085023
428453.822115,-0.561091,-2.238275,50.822960,5.743336,-1.656130,51.345512,428453.861881,428453.779066,0,9247,1,-7.997629,10.138311,59.558559,-0.100035,0.147417,0.085023
428453.826150,-0.639680,-2.257779,50.822960,5.664747,-1.675633,51.345512,428453.865831,428453.779066,0,9248,1,-7.997629,10.138311,59.558559,-0.100035,0.147417,0.085023
428453.830049,-0.014770,-2.266389,51.005238,6.299750,-1.661740,51.560181,428453.869816,428453.795754,0,9249,1,-7.852400,10.095205,59.720253,-0.096236,0.165703,0.091317
428453.835088,-0.010072,-2.264324,51.005238,6.304449,-1.659675,51.560181,428453.874731,428453.795754,0,9250,1,-7.852400,10.095205,59.720253,-0.096236,0.165703,0.091317
428453.838633,-0.008917,-2.262714,51.005238,6.305604,-1.658065,51.560181,428453.878396,428453.795754,0,9251,1,-7.852400,10.095205,59.720253,-0.096236,0.165703,0.091317
428453.842617,-0.011344,-2.261552,51.005238,6.303177,-1.656903,51.560181,428453.882379,428453.795754,0,9252,1,-7.852400,10.095205,59.720253,-0.096236,0.165703,0.091317
428453.846256,-0.016808,-2.260784,51.005238,6.297713,-1.656135,51.560181,428453.886018,428453.795754,0,9253,1,-7.852400,10.095205,59.720253,-0.096236,0.165703,0.091317
428453.850889,-0.026059,-2.260466,51.005238,6.288461,-1.655817,51.560181,428453.890651,428453.795754,0,9254,1,-7.852400,10.095205,59.720253,-0.096236,0.165703,0.091317
428453.856008,-0.039356,-2.260617,51.005238,6.275164,-1.655968,51.560181,428453.895749,428453.795754,0,9255,1,-7.852400,10.095205,59.720253,-0.096236,0.165703,0.091317
428453.859981,-0.050975,-2.261116,51.005238,6.263546,-1.656467,51.560181,428453.899748,428453.795754,0,9256,1,-7.852400,10.095205,59.720253,-0.096236,0.165703,0.091317
428453.863557,-0.827375,-2.254114,50.643337,5.492088,-1.632982,51.196514,428453.903310,428453.812441,0,9257,1,-7.800820,10.170342,59.397545,-0.108028,0.156367,0.087003
428453.867003,-0.892709,-2.239972,50.643337,5.426754,-1.618839,51.196514,428453.906761,428453.812441,0,9258,1,-7.800820,10.170342,59.397545,-0.108028,0.156367,0.087003
428453.872142,-0.992963,-2.226603,50.643337,5.326500,-1.605470,51.196514,428453.911895,428453.812441,0,9259,1,-7.800820,10.170342,59.397545,-0.108028,0.156367,0.087003
428453.876116,-1.073534,-2.214061,50.643337,5.245929,-1.592929,51.196514,428453.915890,428453.812441,0,9260,1,-7.800820,10.170342,59.397545,-0.108028,0.156367,0.087003
428453.879795,-1.544988,-2.188859,50.622650,4.771807,-1.550900,51.150475,428453.919549,428453.828774,0,9261,1,-7.637044,10.180016,59.352615,-0.112888,0.163983,0.086387
428453.884636,-1.685156,-2.156369,50.621651,4.631639,-1.518409,51.149475,428453.924394,428453.828774,0,9262,1,-7.637044,10.180016,59.352615,-0.112888,0.163983,0.086387
428453.888482,-1.799024,-2.125318,50.620750,4.517770,-1.487359,51.148575,428453.928211,428453.828774,0,9263,1,-7.637044,10.180016,59.352615,-0.112888,0.163983,0.086387
428453.892624,-1.164534,-2.081367,50.736275,5.148459,-1.430137,51.250122,428453.932408,428453.845455,0,9264,1,-7.448132,9.956298,59.424873,-0.093900,0.166069,0.088829
428453.896302,-1.229756,-2.032883,50.736275,5.083237,-1.381653,51.250122,428453.936064,428453.845455,0,9265,1,-7.448132,9.956298,59.424873,-0.093900,0.166069,0.088829
428453.901072,-1.314551,-1.985382,50.736275,4.998442,-1.334152,51.250122,428453.940718,428453.845455,0,9266,1,-7.448132,9.956298,59.424873,-0.093900,0.166069,0.088829
428453.904513,-1.381095,-1.939585,50.736275,4.931899,-1.288355,51.250122,428453.944298,428453.845455,0,9267,1,-7.448132,9.956298,59.424873,-0.093900,0.166069,0.088829
428453.909675,-1.882555,-1.190316,50.757908,4.431008,-0.528375,51.265240,428453.949430,428453.862135,0,9268,1,-7.345104,9.595452,59.401207,-0.065187,0.156351,0.087068
428453.913351,-1.980885,-1.141303,50.758907,4.332679,-0.479362,51.266243,428453.953110,428453.862135,0,9269,1,-7.345104,9.595452,59.401207,-0.065187,0.156351,0.087068
428453.917899,-2.104496,-1.079601,50.759808,4.209068,-0.417660,51.267139,428453.957630,428453.862135,0,9270,1,-7.345104,9.595452,59.401207,-0.065187,0.156351,0.087068
428453.921873,-2.215708,-1.024009,50.760616,4.097856,-0.362068,51.267952,428453.961602,428453.862135,0,9271,1,-7.345104,9.595452,59.401207,-0.065187,0.156351,0.087068
428453.926173,-1.420247,-1.106322,50.734505,4.897966,-0.436651,51.254417,428453.965933,428453.878816,0,9272,1,-7.233880,9.429985,59.308319,-0.053576,0.147803,0.085395
428453.930344,-1.474136,-1.084556,50.729603,4.844077,-0.414884,51.249519,428453.969961,428453.878816,0,9273,1,-7.233880,9.429985,59.308319,-0.053576,0.147803,0.085395
428453.933727,-1.521664,-1.048134,50.725193,4.796550,-0.378463,51.245106,428453.973490,428453.878816,0,9274,1,-7.233880,9.429985,59.308319,-0.053576,0.147803,0.085395
428453.938792,-1.589824,-0.990500,50.721222,4.728389,-0.320828,51.241138,428453.978515,428453.878816,0,9275,1,-7.233880,9.429985,59.308319,-0.053576,0.147803,0.085395
428453.943105,-3.039330,-1.585979,50.320255,3.289030,-0.912911,50.873711,428453.982863,428453.895496,0,9276,1,-6.853682,9.187241,58.885315,-0.028910,0.153084,0.090052
428453.946504,-3.163713,-1.589924,50.320255,3.164647,-0.916856,50.873711,428453.986264,428453.895496,0,9277,1,-6.853682,9.187241,58.885315,-0.028910,0.153084,0.090052
428453.951838,-3.351703,-1.592081,50.320255,2.976657,-0.919013,50.873711,428453.991286,428453.895496,0,9278,1,-6.853682,9.187241,58.885315,-0.028910,0.153084,0.090052
428453.955592,-3.506024,-1.592920,50.320255,2.822336,-0.919852,50.873711,428453.995307,428453.895496,0,9279,1,-6.853682,9.187241,58.885315,-0.028910,0.153084,0.090052
428453.959290,-3.534817,-2.206678,50.462440,2.799427,-1.537560,50.983181,428453.999044,428453.912177,0,9280,1,-6.784721,9.254214,59.066185,-0.038065,0.133311,0.072271
428453.963250,-3.688414,-2.229804,50.462440,2.645829,-1.560686,50.983181,428454.003005,428453.912177,0,9281,1,-6.784721,9.254214,59.066185,-0.038065,0.133311,0.072271
428453.967937,-3.873190,-2.260470,50.462440,2.461053,-1.591352,50.983181,428454.007666,428453.912177,0,9282,1,-6.784721,9.254214,59.066185,-0.038065,0.133311,0.072271
428453.971878,-4.034228,-2.286877,50.462440,2.300015,-1.617759,50.983181,428454.011640,428453.912177,0,9283,1,-6.784721,9.254214,59.066185,-0.038065,0.133311,0.072271
428453.976214,-3.466736,-2.479732,50.269196,2.882184,-1.819728,50.798481,428454.016012,428453.928857,0,9284,1,-6.435056,9.210665,58.861446,-0.031883,0.131829,0.074239
428453.979580,-3.562107,-2.512812,50.269196,2.786814,-1.852808,50.798481,428454.019347,428453.928857,0,9285,1,-6.435056,9.210665,58.861446,-0.031883,0.131829,0.074239
428453.984892,-3.712650,-2.571803,50.269196,2.636271,-1.911799,50.798481,428454.024543,428453.928857,0,9286,1,-6.435056,9.210665,58.861446,-0.031883,0.131829,0.074239
428453.989169,-3.477701,-2.297485,50.241463,2.882141,-1.655631,50.763786,428454.028925,428453.945538,0,9287,1,-6.148617,9.133045,58.807671,-0.026703,0.131665,0.064134
428453.992580,-3.558638,-2.284208,50.240463,2.801204,-1.642354,50.762787,428454.032340,428453.945538,0,9288,1,-6.148617,9.133045,58.807671,-0.026703,0.131665,0.064134
428453.995990,-3.640008,-2.273885,50.239563,2.719834,-1.632031,50.761887,428454.035753,428453.945538,0,9289,1,-6.148617,9.133045,58.807671,-0.026703,0.131665,0.064134
428454.001176,-3.760609,-2.267079,50.238750,2.599233,-1.625224,50.761078,428454.040777,428453.945538,0,9290,1,-6.148617,9.133045,58.807671,-0.026703,0.131665,0.064134
428454.005388,-3.435345,-2.191346,50.252552,2.931899,-1.571456,50.742958,428454.045145,428453.962219,0,9291,1,-5.931792,9.157508,58.810951,-0.028205,0.121436,0.054804
428454.008829,-3.491268,-2.173765,50.250610,2.875976,-1.553876,50.741016,428454.048589,428453.962219,0,9292,1,-5.931792,9.157508,58.810951,-0.028205,0.121436,0.054804
428454.013297,-3.562514,-2.158776,50.248863,2.804729,-1.538886,50.739269,428454.053011,428453.962219,0,9293,1,-5.931792,9.157508,58.810951,-0.028205,0.121436,0.054804
428454.018135,-3.638789,-2.146219,50.247292,2.728455,-1.526330,50.737698,428454.057787,428453.962219,0,9294,1,-5.931792,9.157508,58.810951,-0.028205,0.121436,0.054804
428454.022385,-4.979659,-1.995267,49.955399,1.402172,-1.402233,50.463387,428454.062144,428453.978899,0,9295,1,-5.553474,9.166787,58.557140,-0.032766,0.118922,0.052649
428454.026189,-5.117895,-1.973213,49.955399,1.263936,-1.380179,50.463387,428454.065788,428453.978899,0,9296,1,-5.553474,9.166787,58.557140,-0.032766,0.118922,0.052649
428454.030485,-5.281465,-1.952618,49.955399,1.100365,-1.359583,50.463387,428454.070031,428453.978899,0,9297,1,-5.553474,9.166787,58.557140,-0.032766,0.118922,0.052649
428454.033922,-5.419703,-1.933443,49.955399,0.962127,-1.340408,50.463387,428454.073560,428453.978899,0,9298,1,-5.553474,9.166787,58.557140,-0.032766,0.118922,0.052649
428454.039187,-4.181189,-1.904791,50.408825,2.216502,-1.337759,50.870770,428454.078944,428453.995580,0,9299,1,-5.331244,9.074774,58.965801,-0.021959,0.111426,0.048618
428454.042523,-4.233098,-1.890132,50.408825,2.164593,-1.323101,50.870770,428454.082282,428453.995580,0,9300,1,-5.331244,9.074774,58.965801,-0.021959,0.111426,0.048618
428454.047192,-4.304932,-1.876113,50.408825,2.092759,-1.309081,50.870770,428454.086964,428453.995580,0,9301,1,-5.331244,9.074774,58.965801,-0.021959,0.111426,0.048618
428454.051539,-4.366804,-1.862753,50.408825,2.030887,-1.295721,50.870770,428454.091055,428453.995580,0,9302,1,-5.331244,9.074774,58.965801,-0.021959,0.111426,0.048618
428454.055625,-4.535746,-1.843071,50.336632,1.876780,-1.301792,50.745533,428454.095380,428454.012260,0,9303,1,-4.994114,9.111022,58.886272,-0.027520,0.107564,0.047326
428454.058988,-4.587422,-1.836647,50.336632,1.825103,-1.295369,50.745533,428454.098744,428454.012260,0,9304,1,-4.994114,9.111022,58.886272,-0.027520,0.107564,0.047326
428454.063652,-4.657887,-1.830448,50.336632,1.754639,-1.289169,50.745533,428454.103397,428454.012260,0,9305,1,-4.994114,9.111022,58.886272,-0.027520,0.107564,0.047326
428454.067618,-4.717332,-1.824502,50.336632,1.695193,-1.283223,50.745533,428454.107382,428454.012260,0,9306,1,-4.994114,9.111022,58.886272,-0.027520,0.107564,0.047326
428454.071191,-6.561460,-1.797929,50.208382,-0.127150,-1.286410,50.562954,428454.110946,428454.028941,0,9307,1,-4.699401,9.051881,58.730930,-0.022845,0.093759,0.041386
428454.075662,-6.771826,-1.786520,50.208382,-0.337516,-1.275000,50.562954,428454.115422,428454.028941,0,9308,1,-4.699401,9.051881,58.730930,-0.022845,0.093759,0.041386
428454.080824,-7.014835,-1.775221,50.208382,-0.580525,-1.263701,50.562954,428454.120475,428454.028941,0,9309,1,-4.699401,9.051881,58.730930,-0.022845,0.093759,0.041386
428454.085144,-5.821271,-1.763861,50.071362,0.638921,-1.286923,50.389511,428454.124900,428454.045621,0,9310,1,-4.360100,9.183618,58.623146,-0.039304,0.091367,0.036756
428454.088564,-5.904940,-1.769476,50.071362,0.555252,-1.292538,50.389511,428454.128326,428454.045621,0,9311,1,-4.360100,9.183618,58.623146,-0.039304,0.091367,0.036756
428454.092240,-5.994887,-1.774840,50.071362,0.465304,-1.297902,50.389511,428454.132004,428454.045621,0,9312,1,-4.360100,9.183618,58.623146,-0.039304,0.091367,0.036756
428454.097243,-6.112650,-1.780098,50.071362,0.347542,-1.303160,50.389511,428454.136813,428454.045621,0,9313,1,-4.360100,9.183618,58.623146,-0.039304,0.091367,0.036756
428454.101006,-5.592941,-1.765310,50.106499,0.890405,-1.324958,50.374630,428454.140793,428454.062302,0,9314,1,-4.015768,9.135778,58.629868,-0.033671,0.088836,0.035164
428454.104395,-5.634849,-1.768687,50.107498,0.848498,-1.328335,50.375629,428454.144153,428454.062302,0,9315,1,-4.015768,9.135778,58.629868,-0.033671,0.088836,0.035164
428454.109125,-5.691353,-1.772052,50.108398,0.791993,-1.331700,50.376530,428454.148840,428454.062302,0,9316,1,-4.015768,9.135778,58.629868,-0.033671,0.088836,0.035164
428454.113956,-5.747273,-1.775435,50.109211,0.736073,-1.335082,50.377338,428454.153676,428454.062302,0,9317,1,-4.015768,9.135778,58.629868,-0.033671,0.088836,0.035164
428454.117289,-6.589601,-1.762266,50.144241,-0.084426,-1.359321,50.334114,428454.157048,428454.078983,0,9318,1,-3.709644,9.139354,58.589722,-0.034386,0.081445,0.028125
428454.122507,-6.723139,-1.767879,50.140553,-0.217964,-1.364935,50.330425,428454.162268,428454.078983,0,9319,1,-3.709644,9.139354,58.589722,-0.034386,0.081445,0.028125
428454.126691,-6.828527,-1.773449,50.137234,-0.323352,-1.370504,50.327106,428454.166367,428454.078983,0,9320,1,-3.709644,9.139354,58.589722,-0.034386,0.081445,0.028125
428454.130634,-6.931118,-1.778981,50.134247,-0.425943,-1.376037,50.324120,428454.170339,428454.078983,0,9321,1,-3.709644,9.139354,58.589722,-0.034386,0.081445,0.028125
428454.134253,-7.298041,-1.768051,49.956970,-0.778992,-1.406910,50.034706,428454.173930,428454.095663,0,9322,1,-3.332230,9.170076,58.392014,-0.037233,0.080331,0.022253
428454.138469,-7.432391,-1.777982,49.956970,-0.913341,-1.416842,50.034706,428454.178230,428454.095663,0,9323,1,-3.332230,9.170076,58.392014,-0.037233,0.080331,0.022253
428454.142667,-7.561553,-1.787862,49.956970,-1.042503,-1.426721,50.034706,428454.182323,428454.095663,0,9324,1,-3.332230,9.170076,58.392014,-0.037233,0.080331,0.022253
428454.146561,-7.688398,-1.797697,49.956970,-1.169349,-1.436557,50.034706,428454.186304,428454.095663,0,9325,1,-3.332230,9.170076,58.392014,-0.037233,0.080331,0.022253
428454.151787,-6.926877,-1.770443,50.141865,-0.394670,-1.450914,50.153057,428454.191433,428454.112344,0,9326,1,-3.087488,9.123787,58.541191,-0.033575,0.069688,0.015213
428454.155308,-6.983435,-1.764600,50.141865,-0.451228,-1.445071,50.153057,428454.195070,428454.112344,0,9327,1,-3.087488,9.123787,58.541191,-0.033575,0.069688,0.015213
428454.159381,-7.045739,-1.759295,50.141865,-0.513533,-1.439766,50.153057,428454.199150,428454.112344,0,9328,1,-3.087488,9.123787,58.541191,-0.033575,0.069688,0.015213
428454.163397,-7.105569,-1.754473,50.141865,-0.573363,-1.434943,50.153057,428454.203143,428454.112344,0,9329,1,-3.087488,9.123787,58.541191,-0.033575,0.069688,0.015213
428454.166757,-7.259132,-1.706930,50.057049,-0.721344,-1.426528,50.002861,428454.206514,428454.129024,0,9330,1,-2.596540,9.094520,58.414688,-0.033979,0.083283,0.017040
428454.171201,-7.329275,-1.680034,50.057049,-0.791486,-1.399633,50.002861,428454.210921,428454.129024,0,9331,1,-2.596540,9.094520,58.414688,-0.033979,0.083283,0.017040
428454.176330,-7.409990,-1.653743,50.057049,-0.872201,-1.373341,50.002861,428454.216089,428454.129024,0,9332,1,-2.596540,9.094520,58.414688,-0.033979,0.083283,0.017040
428454.180385,-7.471732,-1.628398,50.057049,-0.933944,-1.347997,50.002861,428454.220117,428454.129024,0,9333,1,-2.596540,9.094520,58.414688,-0.033979,0.083283,0.017040
428454.184079,-8.012054,-1.565342,50.084339,-1.466569,-1.322509,49.975033,428454.223839,428454.145705,0,9334,1,-2.329432,9.037066,58.416389,-0.033254,0.074540,0.010128
428454.188477,-8.118304,-1.522094,50.084099,-1.572819,-1.279261,49.974792,428454.228239,428454.145705,0,9335,1,-2.329432,9.037066,58.416389,-0.033254,0.074540,0.010128
428454.192157,-8.205644,-1.480301,50.083881,-1.660158,-1.237468,49.974575,428454.231843,428454.145705,0,9336,1,-2.329432,9.037066,58.416389,-0.033254,0.074540,0.010128
428454.197539,-7.951161,-1.428164,50.098831,-1.398810,-1.220620,49.964855,428454.237255,428454.162385,0,9337,1,-1.964499,9.104019,58.474926,-0.045489,0.078421,0.003291
428454.200911,-8.008707,-1.394586,50.101181,-1.456356,-1.187041,49.967209,428454.240671,428454.162385,0,9338,1,-1.964499,9.104019,58.474926,-0.045489,0.078421,0.003291
428454.204752,-8.072070,-1.361476,50.103302,-1.519718,-1.153931,49.969326,428454.244470,428454.162385,0,9339,1,-1.964499,9.104019,58.474926,-0.045489,0.078421,0.003291
428454.209436,-8.148766,-1.328040,50.105206,-1.596414,-1.120495,49.971230,428454.249126,428454.162385,0,9340,1,-1.964499,9.104019,58.474926,-0.045489,0.078421,0.003291
428454.212918,-8.590844,-1.305167,50.119015,-2.030764,-1.135006,49.951954,428454.252634,428454.179066,0,9341,1,-1.661299,8.992241,58.409172,-0.035958,0.071425,0.001452
428454.218081,-8.712956,-1.299672,50.116554,-2.152876,-1.129511,49.949490,428454.257844,428454.179066,0,9342,1,-1.661299,8.992241,58.409172,-0.035958,0.071425,0.001452
428454.221713,-8.798436,-1.293502,50.114338,-2.238355,-1.123341,49.947277,428454.261478,428454.179066,0,9343,1,-1.661299,8.992241,58.409172,-0.035958,0.071425,0.001452
428454.225275,-8.882460,-1.286734,50.112343,-2.322379,-1.116573,49.945282,428454.265041,428454.179066,0,9344,1,-1.661299,8.992241,58.409172,-0.035958,0.071425,0.001452
428454.230268,-9.000566,-1.278918,50.110550,-2.440485,-1.108757,49.943489,428454.270031,428454.179066,0,9345,1,-1.661299,8.992241,58.409172,-0.035958,0.071425,0.001452
428454.233725,-9.082672,-1.270673,50.108936,-2.522592,-1.100512,49.941872,428454.273488,428454.179066,0,9346,1,-1.661299,8.992241,58.409172,-0.035958,0.071425,0.001452
428454.237991,-9.185238,-1.261727,50.107479,-2.625158,-1.091566,49.940418,428454.277794,428454.179066,0,9347,1,-1.661299,8.992241,58.409172,-0.035958,0.071425,0.001452
428454.243024,-9.304444,-1.251883,50.106174,-2.744364,-1.081722,49.939110,428454.282781,428454.179066,0,9348,1,-1.661299,8.992241,58.409172,-0.035958,0.071425,0.001452
428454.247061,-9.279593,-1.238212,50.118099,-2.718572,-1.107118,49.928211,428454.286825,428454.195747,0,9349,1,-1.292771,8.959720,58.425232,-0.036352,0.073998,-0.000947
428454.251159,-9.371699,-1.242994,50.118561,-2.810679,-1.111901,49.928669,428454.290960,428454.195747,0,9350,1,-1.292771,8.959720,58.425232,-0.036352,0.073998,-0.000947
428454.255194,-9.461637,-1.246828,50.118977,-2.900616,-1.115735,49.929085,428454.294994,428454.195747,0,9351,1,-1.292771,8.959720,58.425232,-0.036352,0.073998,-0.000947
428454.259245,-9.551218,-1.249823,50.119350,-2.990197,-1.118730,49.929459,428454.299007,428454.195747,0,9352,1,-1.292771,8.959720,58.425232,-0.036352,0.073998,-0.000947
428454.262593,-9.160471,-1.258627,50.111195,-2.599867,-1.169543,49.921833,428454.302349,428454.212334,0,9353,1,-0.914416,9.199168,58.409557,-0.063856,0.081610,-0.008441
428454.267535,-9.231061,-1.286905,50.104095,-2.670457,-1.197821,49.914734,428454.307195,428454.212334,0,9354,1,-0.914416,9.199168,58.409557,-0.063856,0.081610,-0.008441
428454.271658,-9.290826,-1.313673,50.097706,-2.730222,-1.224589,49.908340,428454.311372,428454.212334,0,9355,1,-0.914416,9.199168,58.409557,-0.063856,0.081610,-0.008441
428454.276752,-9.306125,-1.311824,50.069004,-2.745550,-1.263417,49.933216,428454.316494,428454.229008,0,9356,1,-0.580937,9.171260,58.443634,-0.063144,0.086132,-0.017376
428454.280425,-9.353467,-1.329369,50.067280,-2.792893,-1.280962,49.931496,428454.320184,428454.229008,0,9357,1,-0.580937,9.171260,58.443634,-0.063144,0.086132,-0.017376
428454.283911,-9.397391,-1.346050,50.065731,-2.836816,-1.297642,49.929943,428454.323671,428454.229008,0,9358,1,-0.580937,9.171260,58.443634,-0.063144,0.086132,-0.017376
428454.288561,-9.454807,-1.362306,50.064335,-2.894233,-1.313899,49.928551,428454.328325,428454.229008,0,9359,1,-0.580937,9.171260,58.443634,-0.063144,0.086132,-0.017376
428454.292502,-9.308347,-1.354513,50.038761,-2.744860,-1.345837,49.942543,428454.332287,428454.245682,0,9360,1,-0.288836,9.141423,58.389339,-0.060123,0.088265,-0.021078
428454.297790,-9.352777,-1.366652,50.033554,-2.789290,-1.357977,49.937336,428454.337547,428454.245682,0,9361,1,-0.288836,9.141423,58.389339,-0.060123,0.088265,-0.021078
428454.300311,-9.373218,-1.378216,50.028866,-2.809731,-1.369541,49.932648,428454.340074,428454.245682,0,9362,1,-0.288836,9.141423,58.389339,-0.060123,0.088265,-0.021078
428454.305434,-9.412273,-1.389943,50.024643,-2.848787,-1.381268,49.928425,428454.345117,428454.245682,0,9363,1,-0.288836,9.141423,58.389339,-0.060123,0.088265,-0.021078
428454.309324,-9.394773,-1.374007,50.094402,-2.826476,-1.406065,50.061115,428454.349094,428454.262355,0,9364,1,-0.048626,9.246857,58.560650,-0.072421,0.086316,-0.028434
428454.312992,-9.416223,-1.378610,50.094402,-2.847926,-1.410669,50.061115,428454.352750,428454.262355,0,9365,1,-0.048626,9.246857,58.560650,-0.072421,0.086316,-0.028434
428454.317318,-9.439868,-1.383512,50.094402,-2.871571,-1.415571,50.061115,428454.357076,428454.262355,0,9366,1,-0.048626,9.246857,58.560650,-0.072421,0.086316,-0.028434
428454.322406,-9.464851,-1.388843,50.094402,-2.896555,-1.420902,50.061115,428454.362079,428454.262355,0,9367,1,-0.048626,9.246857,58.560650,-0.072421,0.086316,-0.028434
428454.326670,-9.788775,-1.363958,49.814861,-3.223543,-1.433058,49.861694,428454.366428,428454.279029,0,9368,1,0.338812,9.329081,58.331791,-0.082913,0.103513,-0.026394
428454.330106,-9.822113,-1.358284,49.814861,-3.256880,-1.427383,49.861694,428454.369859,428454.279029,0,9369,1,0.338812,9.329081,58.331791,-0.082913,0.103513,-0.026394
428454.334064,-9.859820,-1.353245,49.814861,-3.294588,-1.422344,49.861694,428454.373823,428454.279029,0,9370,1,0.338812,9.329081,58.331791,-0.082913,0.103513,-0.026394
428454.339070,-9.905946,-1.348802,49.814861,-3.340714,-1.417901,49.861694,428454.378802,428454.279029,0,9371,1,0.338812,9.329081,58.331791,-0.082913,0.103513,-0.026394
428454.342385,-10.142702,-1.319627,49.817417,-3.575056,-1.420687,49.936604,428454.382139,428454.295702,0,9372,1,0.455140,9.223345,58.369892,-0.073396,0.088385,-0.027410
428454.347286,-10.203416,-1.307249,49.818417,-3.635770,-1.408309,49.937603,428454.387050,428454.295702,0,9373,1,0.455140,9.223345,58.369892,-0.073396,0.088385,-0.027410
428454.351071,-10.248227,-1.295727,49.819317,-3.680580,-1.396788,49.938503,428454.390706,428454.295702,0,9374,1,0.455140,9.223345,58.369892,-0.073396,0.088385,-0.027410
428454.355002,-10.296968,-1.284933,49.820126,-3.729322,-1.385994,49.939312,428454.394716,428454.295702,0,9375,1,0.455140,9.223345,58.369892,-0.073396,0.088385,-0.027410
428454.359684,-9.947958,-1.246922,49.784336,-3.386883,-1.377145,49.972679,428454.399440,428454.312376,0,9376,1,0.741620,9.434902,58.403309,-0.099656,0.097530,-0.030609
428454.363658,-9.968353,-1.224553,49.783245,-3.407278,-1.354777,49.971588,428454.403416,428454.312376,0,9377,1,0.741620,9.434902,58.403309,-0.099656,0.097530,-0.030609
428454.367437,-9.985877,-1.203222,49.782265,-3.424802,-1.333445,49.970608,428454.407050,428454.312376,0,9378,1,0.741620,9.434902,58.403309,-0.099656,0.097530,-0.030609
428454.372365,-10.008215,-1.182330,49.781380,-3.447140,-1.312554,49.969723,428454.412043,428454.312376,0,9379,1,0.741620,9.434902,58.403309,-0.099656,0.097530,-0.030609
428454.376368,-10.432740,-1.147005,49.755810,-3.869305,-1.308238,49.986298,428454.416161,428454.329050,0,9380,1,0.886847,9.190952,58.315208,-0.074471,0.089585,-0.032961
428454.379786,-10.468025,-1.127991,49.751759,-3.904590,-1.289224,49.982250,428454.419494,428454.329050,0,9381,1,0.886847,9.190952,58.315208,-0.074471,0.089585,-0.032961
428454.385042,-10.522389,-1.109003,49.748116,-3.958954,-1.270235,49.978607,428454.424685,428454.329050,0,9382,1,0.886847,9.190952,58.315208,-0.074471,0.089585,-0.032961
428454.389278,-9.975915,-1.082665,49.730396,-3.409963,-1.271914,50.000095,428454.429039,428454.345723,0,9383,1,1.076949,9.266689,58.390533,-0.085720,0.092112,-0.030371
428454.392955,-9.976373,-1.070529,49.732090,-3.410421,-1.259778,50.001793,428454.432719,428454.345723,0,9384,1,1.076949,9.266689,58.390533,-0.085720,0.092112,-0.030371
428454.396491,-9.975427,-1.058592,49.733616,-3.409475,-1.247840,50.003319,428454.436253,428454.345723,0,9385,1,1.076949,9.266689,58.390533,-0.085720,0.092112,-0.030371
428454.401233,-9.972154,-1.046499,49.734989,-3.406202,-1.235748,50.004692,428454.440862,428454.345723,0,9386,1,1.076949,9.266689,58.390533,-0.085720,0.092112,-0.030371
428454.405486,-10.136116,-1.036375,49.555607,-3.575775,-1.249628,49.824989,428454.445243,428454.362397,0,9387,1,1.257328,9.167059,58.173969,-0.076235,0.095250,-0.030281
428454.409152,-10.140640,-1.037792,49.555607,-3.580299,-1.251045,49.824989,428454.448909,428454.362397,0,9388,1,1.257328,9.167059,58.173969,-0.076235,0.095250,-0.030281
428454.414318,-10.144984,-1.038692,49.555607,-3.584643,-1.251944,49.824989,428454.454082,428454.362397,0,9389,1,1.257328,9.167059,58.173969,-0.076235,0.095250,-0.030281
428454.418447,-10.146727,-1.039212,49.555607,-3.586385,-1.252465,49.824989,428454.458150,428454.362397,0,9390,1,1.257328,9.167059,58.173969,-0.076235,0.095250,-0.030281
428454.422785,-10.576058,-1.026938,49.559601,-4.016707,-1.261443,49.869892,428454.462501,428454.379071,0,9391,1,1.368848,9.101793,58.198769,-0.071022,0.091272,-0.030303
428454.425504,-10.597404,-1.025184,49.560600,-4.038053,-1.259689,49.870892,428454.465262,428454.379071,0,9392,1,1.368848,9.101793,58.198769,-0.071022,0.091272,-0.030303
428454.430260,-10.633894,-1.023142,49.561501,-4.074543,-1.257648,49.871792,428454.470023,428454.379071,0,9393,1,1.368848,9.101793,58.198769,-0.071022,0.091272,-0.030303
428454.434534,-10.664841,-1.020911,49.562309,-4.105490,-1.255416,49.872604,428454.474101,428454.379071,0,9394,1,1.368848,9.101793,58.198769,-0.071022,0.091272,-0.030303
428454.438294,-10.333097,-1.012187,49.563015,-3.773385,-1.266463,49.893917,428454.478052,428454.395744,0,9395,1,1.513525,9.115643,58.259216,-0.074442,0.092008,-0.032607
428454.442941,-10.335610,-1.013065,49.567913,-3.775898,-1.267341,49.898819,428454.482697,428454.395744,0,9396,1,1.513525,9.115643,58.259216,-0.074442,0.092008,-0.032607
428454.446842,-10.336411,-1.013729,49.572327,-3.776698,-1.268005,49.903229,428454.486479,428454.395744,0,9397,1,1.513525,9.115643,58.259216,-0.074442,0.092008,-0.032607
428454.450919,-10.336038,-1.014202,49.576294,-3.776325,-1.268478,49.907200,428454.490481,428454.395744,0,9398,1,1.513525,9.115643,58.259216,-0.074442,0.092008,-0.032607
428454.454722,-10.332411,-1.027221,49.562328,-3.770492,-1.295955,49.925083,428454.494455,428454.412418,0,9399,1,1.637168,9.249721,58.271053,-0.087253,0.093717,-0.029829
428454.460024,-10.329301,-1.046913,49.564091,-3.767382,-1.315647,49.926846,428454.499782,428454.412418,0,9400,1,1.637168,9.249721,58.271053,-0.087253,0.093717,-0.029829
428454.463685,-10.325940,-1.065688,49.565678,-3.764021,-1.334422,49.928429,428454.503431,428454.412418,0,9401,1,1.637168,9.249721,58.271053,-0.087253,0.093717,-0.029829
428454.467685,-10.321131,-1.083776,49.567104,-3.759212,-1.352510,49.929855,428454.507414,428454.412418,0,9402,1,1.637168,9.249721,58.271053,-0.087253,0.093717,-0.029829
428454.471017,-10.123850,-1.091585,49.564438,-3.564273,-1.372243,49.933327,428454.510744,428454.429091,0,9403,1,1.758586,9.276326,58.267124,-0.091376,0.099291,-0.030893
428454.475641,-10.108117,-1.105268,49.564800,-3.548540,-1.385926,49.933689,428454.515397,428454.429091,0,9404,1,1.758586,9.276326,58.267124,-0.091376,0.099291,-0.030893
428454.480537,-10.088667,-1.118989,49.565125,-3.529090,-1.399647,49.934017,428454.520254,428454.429091,0,9405,1,1.758586,9.276326,58.267124,-0.091376,0.099291,-0.030893
428454.484703,-10.072231,-1.132547,49.565418,-3.512654,-1.413204,49.934311,428454.524275,428454.429091,0,9406,1,1.758586,9.276326,58.267124,-0.091376,0.099291,-0.030893
428454.489015,-10.618707,-1.138508,49.414772,-4.060569,-1.430153,49.791786,428454.528766,428454.445765,0,9407,1,1.824945,9.279058,58.117527,-0.090970,0.099019,-0.033572
428454.492692,-10.626371,-1.149934,49.414772,-4.068233,-1.441578,49.791786,428454.532448,428454.445765,0,9408,1,1.824945,9.279058,58.117527,-0.090970,0.099019,-0.033572
428454.496483,-10.634365,-1.161389,49.414772,-4.076227,-1.453033,49.791786,428454.536199,428454.445765,0,9409,1,1.824945,9.279058,58.117527,-0.090970,0.099019,-0.033572
428454.501793,-10.635098,-1.150117,49.450916,-4.081009,-1.450791,49.804264,428454.541546,428454.462439,0,9410,1,1.839103,9.386731,58.185020,-0.103853,0.093229,-0.038846
428454.505218,-10.638828,-1.144136,49.451916,-4.084738,-1.444810,49.805264,428454.545017,428454.462439,0,9411,1,1.839103,9.386731,58.185020,-0.103853,0.093229,-0.038846
428454.508837,-10.643452,-1.138856,49.452816,-4.089362,-1.439530,49.806164,428454.548589,428454.462439,0,9412,1,1.839103,9.386731,58.185020,-0.103853,0.093229,-0.038846
428454.513538,-10.649234,-1.134241,49.453629,-4.095143,-1.434915,49.806973,428454.553223,428454.462439,0,9413,1,1.839103,9.386731,58.185020,-0.103853,0.093229,-0.038846
428454.517806,-10.399800,-1.104734,49.470676,-3.844978,-1.412502,49.796875,428454.557562,428454.479112,0,9414,1,1.947187,9.356749,58.205647,-0.102896,0.098634,-0.035360
428454.521467,-10.391110,-1.080151,49.473804,-3.836288,-1.387919,49.800003,428454.561225,428454.479112,0,9415,1,1.947187,9.356749,58.205647,-0.102896,0.098634,-0.035360
428454.526662,-10.373275,-1.056254,49.476620,-3.818453,-1.364022,49.802818,428454.566370,428454.479112,0,9416,1,1.947187,9.356749,58.205647,-0.102896,0.098634,-0.035360
428454.530632,-10.359853,-1.033330,49.479153,-3.805030,-1.341098,49.805351,428454.570343,428454.479112,0,9417,1,1.947187,9.356749,58.205647,-0.102896,0.098634,-0.035360
428454.534843,-10.346558,-1.006782,49.481434,-3.793742,-1.320155,49.812267,428454.574599,428454.495786,0,9418,1,2.027933,9.309037,58.218399,-0.100377,0.104335,-0.033884
428454.538246,-10.333619,-0.984052,49.485573,-3.780803,-1.297426,49.816402,428454.578006,428454.495786,0,9419,1,2.027933,9.309037,58.218399,-0.100377,0.104335,-0.033884
428454.543292,-10.319019,-0.961517,49.489296,-3.766203,-1.274891,49.820129,428454.583065,428454.495786,0,9420,1,2.027933,9.309037,58.218399,-0.100377,0.104335,-0.033884
428454.547320,-10.303405,-0.939545,49.492649,-3.750589,-1.252919,49.823479,428454.587055,428454.495786,0,9421,1,2.027933,9.309037,58.218399,-0.100377,0.104335,-0.033884
428454.551635,-10.662028,-0.914788,49.300648,-4.110769,-1.234302,49.625805,428454.591434,428454.512459,0,9422,1,2.066159,9.335329,58.005707,-0.106242,0.104372,-0.033849
428454.555090,-10.676503,-0.893692,49.300648,-4.125243,-1.213206,49.625805,428454.594892,428454.512459,0,9423,1,2.066159,9.335329,58.005707,-0.106242,0.104372,-0.033849
428454.559114,-10.693871,-0.872925,49.300648,-4.142610,-1.192439,49.625805,428454.598702,428454.512459,0,9424,1,2.066159,9.335329,58.005707,-0.106242,0.104372,-0.033849
428454.564000,-10.720424,-0.851806,49.300648,-4.169163,-1.171320,49.625805,428454.603753,428454.512459,0,9425,1,2.066159,9.335329,58.005707,-0.106242,0.104372,-0.033849
428454.568205,-10.618413,-0.843866,49.579166,-4.067113,-1.164673,49.909603,428454.607844,428454.529133,0,9426,1,2.045361,9.213475,58.267258,-0.094723,0.098354,-0.035759
428454.572318,-10.612827,-0.836076,49.579166,-4.061527,-1.156883,49.909603,428454.612071,428454.529133,0,9427,1,2.045361,9.213475,58.267258,-0.094723,0.098354,-0.035759
428454.576366,-10.606946,-0.827873,49.579166,-4.055646,-1.148680,49.909603,428454.616106,428454.529133,0,9428,1,2.045361,9.213475,58.267258,-0.094723,0.098354,-0.035759
428454.580501,-10.415222,-0.835050,49.510014,-3.867549,-1.156473,49.846741,428454.620275,428454.545807,0,9429,1,2.072623,9.323683,58.219139,-0.108302,0.099013,-0.031563
428454.583915,-10.396658,-0.841676,49.509014,-3.848985,-1.163099,49.845737,428454.623669,428454.545807,0,9430,1,2.072623,9.323683,58.219139,-0.108302,0.099013,-0.031563
428454.588317,-10.368635,-0.847510,49.508114,-3.820963,-1.168933,49.844841,428454.628076,428454.545807,0,9431,1,2.072623,9.323683,58.219139,-0.108302,0.099013,-0.031563
428454.592031,-10.345236,-0.852665,49.507305,-3.797563,-1.174089,49.844028,428454.631733,428454.545807,0,9432,1,2.072623,9.323683,58.219139,-0.108302,0.099013,-0.031563
428454.597294,-10.624658,-0.869935,49.405941,-4.075574,-1.191442,49.724121,428454.637047,428454.562480,0,9433,1,1.983076,9.208717,58.096024,-0.094853,0.087617,-0.034389
428454.600717,-10.643536,-0.886189,49.405941,-4.094451,-1.207696,49.724121,428454.640469,428454.562480,0,9434,1,1.983076,9.208717,58.096024,-0.094853,0.087617,-0.034389
428454.605763,-10.676184,-0.901861,49.405941,-4.127100,-1.223368,49.724121,428454.645499,428454.562480,0,9435,1,1.983076,9.208717,58.096024,-0.094853,0.087617,-0.034389
428454.609766,-10.701661,-0.916834,49.405941,-4.152577,-1.238341,49.724121,428454.649468,428454.562480,0,9436,1,1.983076,9.208717,58.096024,-0.094853,0.087617,-0.034389
428454.613048,-10.685497,-0.936293,49.430046,-4.136695,-1.256059,49.706150,428454.652798,428454.579154,0,9437,1,2.029541,9.298055,58.127262,-0.104420,0.090279,-0.030261
428454.618045,-10.670849,-0.954614,49.431049,-4.122047,-1.274380,49.707150,428454.657795,428454.579154,0,9438,1,2.029541,9.298055,58.127262,-0.104420,0.090279,-0.030261
428454.622404,-10.657430,-0.972558,49.431950,-4.108628,-1.292323,49.708050,428454.662156,428454.579154,0,9439,1,2.029541,9.298055,58.127262,-0.104420,0.090279,-0.030261
428454.625809,-10.645147,-0.989884,49.432758,-4.096345,-1.309649,49.708858,428454.665560,428454.579154,0,9440,1,2.029541,9.298055,58.127262,-0.104420,0.090279,-0.030261
428454.629460,-10.633848,-1.006781,49.433487,-4.085046,-1.326547,49.709587,428454.669210,428454.579154,0,9441,1,2.029541,9.298055,58.127262,-0.104420,0.090279,-0.030261
428454.635143,-10.623260,-1.024075,49.434143,-4.074458,-1.343840,49.710243,428454.674817,428454.579154,0,9442,1,2.029541,9.298055,58.127262,-0.104420,0.090279,-0.030261
428454.637661,-10.613517,-1.040640,49.434734,-4.064715,-1.360405,49.710835,428454.677417,428454.579154,0,9443,1,2.029541,9.298055,58.127262,-0.104420,0.090279,-0.030261
428454.642735,-10.604303,-1.057546,49.435265,-4.055501,-1.377311,49.711365,428454.682444,428454.579154,0,9444,1,2.029541,9.298055,58.127262,-0.104420,0.090279,-0.030261
428454.646041,-10.074782,-1.087744,49.432545,-3.530988,-1.406036,49.701622,428454.685799,428454.595827,0,9445,1,1.984459,9.493028,58.098522,-0.123111,0.090526,-0.033250
428454.650781,-10.015726,-1.117115,49.426933,-3.471931,-1.435407,49.696014,428454.690426,428454.595827,0,9446,1,1.984459,9.493028,58.098522,-0.123111,0.090526,-0.033250
428454.655490,-9.951526,-1.146608,49.421886,-3.407730,-1.464900,49.690964,428454.695216,428454.595827,0,9447,1,1.984459,9.493028,58.098522,-0.123111,0.090526,-0.033250
428454.659485,-9.896381,-1.175802,49.417343,-3.352586,-1.494094,49.686420,428454.699240,428454.595827,0,9448,1,1.984459,9.493028,58.098522,-0.123111,0.090526,-0.033250
428454.663804,-9.919033,-1.171006,49.610512,-3.373253,-1.486094,49.846119,428454.703465,428454.612481,0,9449,1,2.004259,9.431632,58.303997,-0.117326,0.090806,-0.032030
428454.667704,-9.936026,-1.165976,49.610512,-3.390246,-1.481064,49.846119,428454.707458,428454.612481,0,9450,1,2.004259,9.431632,58.303997,-0.117326,0.090806,-0.032030
428454.671805,-9.948757,-1.162191,49.610512,-3.402978,-1.477279,49.846119,428454.711436,428454.612481,0,9451,1,2.004259,9.431632,58.303997,-0.117326,0.090806,-0.032030
428454.675674,-9.957574,-1.159545,49.610512,-3.411794,-1.474633,49.846119,428454.715427,428454.612481,0,9452,1,2.004259,9.431632,58.303997,-0.117326,0.090806,-0.032030
428454.680894,-10.315333,-1.134945,49.407078,-3.768202,-1.445738,49.613285,428454.720650,428454.629147,0,9453,1,2.005087,9.444489,58.087666,-0.119589,0.093545,-0.027178
428454.684875,-10.330200,-1.110232,49.407078,-3.783069,-1.421025,49.613285,428454.724484,428454.629147,0,9454,1,2.005087,9.444489,58.087666,-0.119589,0.093545,-0.027178
428454.688822,-10.346901,-1.087299,49.407078,-3.799769,-1.398093,49.613285,428454.728485,428454.629147,0,9455,1,2.005087,9.444489,58.087666,-0.119589,0.093545,-0.027178
428454.692693,-10.333285,-1.070498,49.517715,-3.785974,-1.376346,49.700928,428454.732458,428454.645814,0,9456,1,1.878124,9.524981,58.209393,-0.127384,0.084154,-0.030838
428454.696330,-10.306993,-1.052513,49.517715,-3.759681,-1.358362,49.700928,428454.736083,428454.645814,0,9457,1,1.878124,9.524981,58.209393,-0.127384,0.084154,-0.030838
428454.701289,-10.267429,-1.035420,49.517715,-3.720118,-1.341269,49.700928,428454.741040,428454.645814,0,9458,1,1.878124,9.524981,58.209393,-0.127384,0.084154,-0.030838
428454.705279,-10.237084,-1.019312,49.517715,-3.689773,-1.325160,49.700928,428454.744861,428454.645814,0,9459,1,1.878124,9.524981,58.209393,-0.127384,0.084154,-0.030838
428454.709074,-10.239166,-1.004364,49.498150,-3.691184,-1.300951,49.652275,428454.748852,428454.662481,0,9460,1,1.919397,9.486395,58.156822,-0.125067,0.088687,-0.024875
428454.713634,-10.239883,-0.985537,49.497150,-3.691901,-1.282125,49.651276,428454.753365,428454.662481,0,9461,1,1.919397,9.486395,58.156822,-0.125067,0.088687,-0.024875
428454.717038,-10.239866,-0.967638,49.496250,-3.691884,-1.264226,49.650375,428454.756836,428454.662481,0,9462,1,1.919397,9.486395,58.156822,-0.125067,0.088687,-0.024875
428454.722008,-10.238911,-0.950146,49.495438,-3.690928,-1.246733,49.649567,428454.761714,428454.662481,0,9463,1,1.919397,9.486395,58.156822,-0.125067,0.088687,-0.024875
428454.725338,-10.271114,-0.946661,49.359512,-3.722761,-1.235628,49.467590,428454.765096,428454.679147,0,9464,1,1.801096,9.305482,57.973068,-0.106380,0.080923,-0.026195
428454.730498,-10.302347,-0.939424,49.359512,-3.753994,-1.228391,49.467590,428454.770195,428454.679147,0,9465,1,1.801096,9.305482,57.973068,-0.106380,0.080923,-0.026195
428454.733914,-10.332175,-0.932446,49.359512,-3.783822,-1.221412,49.467590,428454.773652,428454.679147,0,9466,1,1.801096,9.305482,57.973068,-0.106380,0.080923,-0.026195
428454.738869,-10.361593,-0.925485,49.359512,-3.813240,-1.214452,49.467590,428454.778594,428454.679147,0,9467,1,1.801096,9.305482,57.973068,-0.106380,0.080923,-0.026195
428454.742334,-10.213140,-0.927421,49.489197,-3.664967,-1.208634,49.532829,428454.782132,428454.695814,0,9468,1,1.760161,9.473689,58.107651,-0.124288,0.079111,-0.023407
428454.747017,-10.169229,-0.925236,49.489197,-3.621055,-1.206449,49.532829,428454.786778,428454.695814,0,9469,1,1.760161,9.473689,58.107651,-0.124288,0.079111,-0.023407
428454.751154,-10.129750,-0.922875,49.489197,-3.581577,-1.204088,49.532829,428454.790865,428454.695814,0,9470,1,1.760161,9.473689,58.107651,-0.124288,0.079111,-0.023407
428454.755150,-10.089698,-0.920355,49.489197,-3.541524,-1.201568,49.532829,428454.794881,428454.695814,0,9471,1,1.760161,9.473689,58.107651,-0.124288,0.079111,-0.023407
428454.759545,-10.071590,-0.936640,49.476082,-3.519859,-1.208656,49.447945,428454.799226,428454.712481,0,9472,1,1.611817,9.235638,57.998138,-0.096639,0.068958,-0.026351
428454.762944,-10.051678,-0.947553,49.475082,-3.499946,-1.219569,49.446945,428454.802658,428454.712481,0,9473,1,1.611817,9.235638,57.998138,-0.096639,0.068958,-0.026351
428454.768041,-10.030754,-0.957974,49.474182,-3.479023,-1.229989,49.446045,428454.807657,428454.712481,0,9474,1,1.611817,9.235638,57.998138,-0.096639,0.068958,-0.026351
428454.771901,-10.009481,-0.967847,49.473373,-3.457750,-1.239862,49.445232,428454.811630,428454.712481,0,9475,1,1.611817,9.235638,57.998138,-0.096639,0.068958,-0.026351
428454.775347,-9.974476,-0.995777,49.497662,-3.425394,-1.259379,49.423069,428454.815066,428454.729147,0,9476,1,1.667501,9.593242,58.087250,-0.136116,0.081631,-0.021743
428454.779662,-9.940547,-1.018739,49.498619,-3.391465,-1.282340,49.424026,428454.819420,428454.729147,0,9477,1,1.667501,9.593242,58.087250,-0.136116,0.081631,-0.021743
428454.785087,-9.905653,-1.041367,49.499481,-3.356572,-1.304968,49.424885,428454.824535,428454.729147,0,9478,1,1.667501,9.593242,58.087250,-0.136116,0.081631,-0.021743
428454.788757,-9.870794,-1.063303,49.500256,-3.321713,-1.326905,49.425663,428454.828496,428454.729147,0,9479,1,1.667501,9.593242,58.087250,-0.136116,0.081631,-0.021743
428454.793073,-9.829443,-1.070047,49.707611,-3.277632,-1.324000,49.577412,428454.832827,428454.745814,0,9480,1,1.551467,9.429962,58.228912,-0.117467,0.073728,-0.019423
428454.797207,-9.786489,-1.072282,49.707611,-3.234678,-1.326235,49.577412,428454.836912,428454.745814,0,9481,1,1.551467,9.429962,58.228912,-0.117467,0.073728,-0.019423
428454.801216,-9.743335,-1.074802,49.707611,-3.191524,-1.328754,49.577412,428454.840892,428454.745814,0,9482,1,1.551467,9.429962,58.228912,-0.117467,0.073728,-0.019423
428454.805104,-9.763491,-1.079033,49.658581,-3.211397,-1.323771,49.492718,428454.844882,428454.762481,0,9483,1,1.486984,9.472613,58.157784,-0.120294,0.073628,-0.018608
428454.809072,-9.781399,-1.078978,49.657578,-3.229305,-1.323716,49.491718,428454.848871,428454.762481,0,9484,1,1.486984,9.472613,58.157784,-0.120294,0.073628,-0.018608
428454.813923,-9.797465,-1.079274,49.656681,-3.245372,-1.324012,49.490818,428454.853681,428454.762481,0,9485,1,1.486984,9.472613,58.157784,-0.120294,0.073628,-0.018608
428454.817989,-9.811945,-1.079834,49.655869,-3.259851,-1.324572,49.490009,428454.857704,428454.762481,0,9486,1,1.486984,9.472613,58.157784,-0.120294,0.073628,-0.018608
428454.822275,-9.461984,-1.094911,49.660484,-2.909322,-1.330072,49.487701,428454.862022,428454.779147,0,9487,1,1.380878,9.433967,58.164509,-0.113581,0.071108,-0.015751
428454.826248,-9.430181,-1.105052,49.661522,-2.877519,-1.340213,49.488739,428454.866003,428454.779147,0,9488,1,1.380878,9.433967,58.164509,-0.113581,0.071108,-0.015751
428454.830332,-9.396962,-1.115106,49.662457,-2.844301,-1.350267,49.489670,428454.870092,428454.779147,0,9489,1,1.380878,9.433967,58.164509,-0.113581,0.071108,-0.015751
428454.833849,-9.368299,-1.124960,49.663296,-2.815637,-1.360121,49.490513,428454.873567,428454.779147,0,9490,1,1.380878,9.433967,58.164509,-0.113581,0.071108,-0.015751
428454.839010,-9.213982,-1.135251,49.668003,-2.658604,-1.357754,49.481098,428454.878761,428454.795814,0,9491,1,1.335218,9.476209,58.139389,-0.117916,0.075256,-0.012609
428454.842406,-9.177394,-1.139356,49.665882,-2.622015,-1.361859,49.478981,428454.882160,428454.795814,0,9492,1,1.335218,9.476209,58.139389,-0.117916,0.075256,-0.012609
428454.846836,-9.128609,-1.143770,49.663979,-2.573231,-1.366273,49.477077,428454.886602,428454.795814,0,9493,1,1.335218,9.476209,58.139389,-0.117916,0.075256,-0.012609
428454.850845,-9.083967,-1.148399,49.662262,-2.528589,-1.370901,49.475361,428454.890584,428454.795814,0,9494,1,1.335218,9.476209,58.139389,-0.117916,0.075256,-0.012609
428454.855223,-9.113862,-1.149404,49.811146,-2.558615,-1.359899,49.619640,428454.894975,428454.812481,0,9495,1,1.251115,9.402244,58.282196,-0.108674,0.075262,-0.008118
428454.858889,-9.075905,-1.144967,49.811146,-2.520658,-1.355461,49.619640,428454.898645,428454.812481,0,9496,1,1.251115,9.402244,58.282196,-0.108674,0.075262,-0.008118
428454.864196,-9.020305,-1.141052,49.811146,-2.465059,-1.351547,49.619640,428454.903925,428454.812481,0,9497,1,1.251115,9.402244,58.282196,-0.108674,0.075262,-0.008118
428454.868086,-9.661573,-1.125378,49.571671,-3.106665,-1.323233,49.364655,428454.907879,428454.829147,0,9498,1,1.148363,9.463681,58.054535,-0.117306,0.071842,-0.005610
428454.872147,-9.663394,-1.104420,49.571671,-3.108485,-1.302275,49.364655,428454.911910,428454.829147,0,9499,1,1.148363,9.463681,58.054535,-0.117306,0.071842,-0.005610
428454.875535,-9.665803,-1.084548,49.571671,-3.110893,-1.282403,49.364655,428454.915284,428454.829147,0,9500,1,1.148363,9.463681,58.054535,-0.117306,0.071842,-0.005610
428454.880125,-9.669147,-1.065239,49.571671,-3.114239,-1.263094,49.364655,428454.919885,428454.829147,0,9501,1,1.148363,9.463681,58.054535,-0.117306,0.071842,-0.005610
428454.884254,-9.673301,-1.046571,49.571671,-3.118392,-1.244426,49.364655,428454.923894,428454.829147,0,9502,1,1.148363,9.463681,58.054535,-0.117306,0.071842,-0.005610
428454.888457,-9.678969,-1.034071,49.791012,-3.123875,-1.218799,49.535400,428454.928207,428454.845814,0,9503,1,1.047158,9.393080,58.239269,-0.110467,0.065817,-0.005647
428454.891865,-9.685235,-1.015665,49.791012,-3.130140,-1.200393,49.535400,428454.931615,428454.845814,0,9504,1,1.047158,9.393080,58.239269,-0.110467,0.065817,-0.005647
428454.896989,-9.692879,-0.997191,49.791012,-3.137784,-1.181919,49.535400,428454.936655,428454.845814,0,9505,1,1.047158,9.393080,58.239269,-0.110467,0.065817,-0.005647
428454.901104,-8.792319,-0.995704,49.828362,-2.236080,-1.170052,49.557533,428454.940810,428454.862481,0,9506,1,0.972418,9.363833,58.272148,-0.107786,0.068672,-0.007889
428454.905658,-8.727598,-0.988674,49.829361,-2.171359,-1.163022,49.558533,428454.945416,428454.862481,0,9507,1,0.972418,9.363833,58.272148,-0.107786,0.068672,-0.007889
428454.909300,-8.675603,-0.981525,49.830261,-2.119364,-1.155873,49.559433,428454.949020,428454.862481,0,9508,1,0.972418,9.363833,58.272148,-0.107786,0.068672,-0.007889
428454.913274,-8.619109,-0.974197,49.831070,-2.062870,-1.148545,49.560242,428454.952846,428454.862481,0,9509,1,0.972418,9.363833,58.272148,-0.107786,0.068672,-0.007889
428454.917352,-9.046929,-0.991408,49.820213,-2.493704,-1.153888,49.568874,428454.957012,428454.879147,0,9510,1,0.871749,9.517464,58.288101,-0.123975,0.065036,-0.002835
428454.922062,-9.016160,-1.001822,49.819214,-2.462935,-1.164303,49.567871,428454.961781,428454.879147,0,9511,1,0.871749,9.517464,58.288101,-0.123975,0.065036,-0.002835
428454.925503,-8.994269,-1.011392,49.818314,-2.441044,-1.173872,49.566971,428454.965147,428454.879147,0,9512,1,0.871749,9.517464,58.288101,-0.123975,0.065036,-0.002835
428454.930349,-8.962173,-1.020306,49.817501,-2.408947,-1.182786,49.566162,428454.970045,428454.879147,0,9513,1,0.871749,9.517464,58.288101,-0.123975,0.065036,-0.002835
428454.934282,-9.178401,-1.049802,49.805531,-2.626027,-1.200721,49.564201,428454.973958,428454.895814,0,9514,1,0.795353,9.587591,58.237724,-0.130380,0.064865,0.002590
428454.938506,-9.170497,-1.072570,49.799259,-2.618123,-1.223489,49.557930,428454.978266,428454.895814,0,9515,1,0.795353,9.587591,58.237724,-0.130380,0.064865,0.002590
428454.942690,-9.163497,-1.094470,49.793617,-2.611124,-1.245389,49.552288,428454.982381,428454.895814,0,9516,1,0.795353,9.587591,58.237724,-0.130380,0.064865,0.002590
428454.946637,-9.157235,-1.115588,49.788540,-2.604862,-1.266506,49.547207,428454.986361,428454.895814,0,9517,1,0.795353,9.587591,58.237724,-0.130380,0.064865,0.002590
428454.950922,-8.986218,-1.142801,49.630474,-2.434454,-1.282871,49.423584,428454.990674,428454.912481,0,9518,1,0.716401,9.650313,58.151924,-0.135763,0.066809,-0.000020
428454.954997,-8.969399,-1.164046,49.630474,-2.417635,-1.304116,49.423584,428454.994673,428454.912481,0,9519,1,0.716401,9.650313,58.151924,-0.135763,0.066809,-0.000020
428454.959113,-8.952376,-1.184882,49.630474,-2.400612,-1.324952,49.423584,428454.998742,428454.912481,0,9520,1,0.716401,9.650313,58.151924,-0.135763,0.066809,-0.000020
428454.962975,-8.935816,-1.205361,49.630474,-2.384052,-1.345431,49.423584,428455.002722,428454.912481,0,9521,1,0.716401,9.650313,58.151924,-0.135763,0.066809,-0.000020
428454.967320,-8.660867,-1.208819,49.683037,-2.107631,-1.337719,49.495869,428455.007074,428454.929147,0,9522,1,0.585772,9.519065,58.199421,-0.121165,0.060959,0.005129
428454.972006,-8.618814,-1.207371,49.684036,-2.065579,-1.336270,49.496868,428455.011760,428454.929147,0,9523,1,0.585772,9.519065,58.199421,-0.121165,0.060959,0.005129
428454.975955,-8.583909,-1.206453,49.684937,-2.030673,-1.335353,49.497768,428455.015584,428454.929147,0,9524,1,0.585772,9.519065,58.199421,-0.121165,0.060959,0.005129
428454.979845,-8.546849,-1.206038,49.685745,-1.993613,-1.334937,49.498577,428455.019581,428454.929147,0,9525,1,0.585772,9.519065,58.199421,-0.121165,0.060959,0.005129
428454.985050,-8.320916,-1.200840,49.682972,-1.771965,-1.319311,49.527390,428455.024802,428454.945814,0,9526,1,0.514664,9.484962,58.241882,-0.116116,0.065096,0.005954
428454.988652,-8.273959,-1.191186,49.687874,-1.725008,-1.309658,49.532291,428455.028406,428454.945814,0,9527,1,0.514664,9.484962,58.241882,-0.116116,0.065096,0.005954
428454.992328,-8.225615,-1.182197,49.692284,-1.676664,-1.300669,49.536705,428455.032049,428454.945814,0,9528,1,0.514664,9.484962,58.241882,-0.116116,0.065096,0.005954
428454.997710,-8.680455,-1.169643,49.837463,-2.133635,-1.276055,49.705933,428455.037423,428454.962481,0,9529,1,0.429917,9.596188,58.388035,-0.130496,0.064646,0.003397
428455.000617,-8.680285,-1.152143,49.837463,-2.133465,-1.258555,49.705933,428455.040368,428454.962481,0,9530,1,0.429917,9.596188,58.388035,-0.130496,0.064646,0.003397
428455.005076,-8.678397,-1.135178,49.837463,-2.131576,-1.241590,49.705933,428455.044827,428454.962481,0,9531,1,0.429917,9.596188,58.388035,-0.130496,0.064646,0.003397
428455.008459,-8.675410,-1.118955,49.837463,-2.128589,-1.225367,49.705933,428455.048212,428454.962481,0,9532,1,0.429917,9.596188,58.388035,-0.130496,0.064646,0.003397
428455.013912,-8.670716,-1.102772,49.837463,-2.123895,-1.209184,49.705933,428455.053618,428454.962481,0,9533,1,0.429917,9.596188,58.388035,-0.130496,0.064646,0.003397
428455.017594,-8.665147,-1.087074,49.837463,-2.118326,-1.193486,49.705933,428455.057345,428454.962481,0,9534,1,0.429917,9.596188,58.388035,-0.130496,0.064646,0.003397
428455.021213,-8.658872,-1.071827,49.837463,-2.112050,-1.178239,49.705933,428455.060925,428454.962481,0,9535,1,0.429917,9.596188,58.388035,-0.130496,0.064646,0.003397
428455.026002,-8.651600,-1.056578,49.837463,-2.104778,-1.162990,49.705933,428455.065652,428454.962481,0,9536,1,0.429917,9.596188,58.388035,-0.130496,0.064646,0.003397
428455.029974,-8.895482,-1.039282,49.768513,-2.352854,-1.135380,49.651859,428455.069763,428454.979147,0,9537,1,0.366480,9.599237,58.320869,-0.133397,0.065724,0.008684
428455.033414,-8.903872,-1.017522,49.767513,-2.361243,-1.113620,49.650860,428455.073219,428454.979147,0,9538,1,0.366480,9.599237,58.320869,-0.133397,0.065724,0.008684
428455.038312,-8.917045,-0.995691,49.766613,-2.374416,-1.091789,49.649960,428455.078076,428454.979147,0,9539,1,0.366480,9.599237,58.320869,-0.133397,0.065724,0.008684
428455.042320,-8.928988,-0.974155,49.765804,-2.386359,-1.070253,49.649147,428455.082038,428454.979147,0,9540,1,0.366480,9.599237,58.320869,-0.133397,0.065724,0.008684
428455.047242,-8.531159,-0.967018,49.764751,-1.991455,-1.053371,49.659618,428455.087043,428454.996402,0,9541,1,0.289895,9.609142,58.380531,-0.136235,0.065562,0.009970
428455.051225,-8.527338,-0.954750,49.768990,-1.987633,-1.041103,49.663857,428455.091030,428454.996402,0,9542,1,0.289895,9.609142,58.380531,-0.136235,0.065562,0.009970
428455.055256,-8.523609,-0.942212,49.772800,-1.983904,-1.028564,49.667671,428455.095019,428454.996402,0,9543,1,0.289895,9.609142,58.380531,-0.136235,0.065562,0.009970
428455.059255,-8.519964,-0.929392,49.776234,-1.980259,-1.015744,49.671104,428455.099015,428454.996402,0,9544,1,0.289895,9.609142,58.380531,-0.136235,0.065562,0.009970
428455.063530,-8.168514,-0.924019,49.892841,-1.631501,-1.001965,49.796562,428455.103329,428455.013076,0,9545,1,0.228718,9.330087,58.411495,-0.106948,0.068416,0.009206
428455.066938,-8.140941,-0.914214,49.892841,-1.603928,-0.992160,49.796562,428455.106636,428455.013076,0,9546,1,0.228718,9.330087,58.411495,-0.106948,0.068416,0.009206
428455.071313,-8.103370,-0.903761,49.892841,-1.566356,-0.981706,49.796562,428455.111085,428455.013076,0,9547,1,0.228718,9.330087,58.411495,-0.106948,0.068416,0.009206
428455.076315,-8.061637,-0.913291,49.954414,-1.522107,-0.984888,49.861633,428455.116086,428455.029749,0,9548,1,0.097405,9.347662,58.495342,-0.110593,0.063406,0.010105
428455.080342,-8.025737,-0.918562,49.955414,-1.486208,-0.990159,49.862633,428455.120127,428455.029749,0,9549,1,0.097405,9.347662,58.495342,-0.110593,0.063406,0.010105
428455.083737,-7.995492,-0.922934,49.956314,-1.455962,-0.994531,49.863533,428455.123490,428455.029749,0,9550,1,0.097405,9.347662,58.495342,-0.110593,0.063406,0.010105
428455.088941,-7.948785,-0.926301,49.957123,-1.409256,-0.997898,49.864342,428455.128611,428455.029749,0,9551,1,0.097405,9.347662,58.495342,-0.110593,0.063406,0.010105
428455.093147,-8.713896,-0.944718,49.784870,-2.174266,-1.006833,49.723053,428455.132900,428455.046423,0,9552,1,0.103515,9.450405,58.351341,-0.122860,0.070580,0.013459
428455.097143,-8.722943,-0.957268,49.784870,-2.183314,-1.019383,49.723053,428455.136900,428455.046423,0,9553,1,0.103515,9.450405,58.351341,-0.122860,0.070580,0.013459
428455.101313,-8.733706,-0.968828,49.784870,-2.194075,-1.030943,49.723053,428455.140950,428455.046423,0,9554,1,0.103515,9.450405,58.351341,-0.122860,0.070580,0.013459
428455.105313,-8.745345,-0.979509,49.784870,-2.205716,-1.041624,49.723053,428455.144891,428455.046423,0,9555,1,0.103515,9.450405,58.351341,-0.122860,0.070580,0.013459
428455.109138,-7.867974,-1.011395,50.017467,-1.328158,-1.066433,49.997116,428455.148918,428455.063096,0,9556,1,0.001504,9.452104,58.600735,-0.120638,0.070718,0.010317
428455.112522,-7.834815,-1.038059,50.017467,-1.294999,-1.093097,49.997116,428455.152238,428455.063096,0,9557,1,0.001504,9.452104,58.600735,-0.120638,0.070718,0.010317
428455.117060,-7.788685,-1.063687,50.017467,-1.248869,-1.118725,49.997116,428455.156779,428455.063096,0,9558,1,0.001504,9.452104,58.600735,-0.120638,0.070718,0.010317
428455.121818,-7.740655,-1.088485,50.017467,-1.200839,-1.143523,49.997116,428455.161415,428455.063096,0,9559,1,0.001504,9.452104,58.600735,-0.120638,0.070718,0.010317
428455.126037,-7.755142,-1.122035,49.925594,-1.211832,-1.169332,49.906212,428455.165790,428455.079770,0,9560,1,-0.099727,9.458104,58.509983,-0.120120,0.068046,0.011644
428455.129719,-7.747466,-1.150603,49.925594,-1.204156,-1.197899,49.906212,428455.169476,428455.079770,0,9561,1,-0.099727,9.458104,58.509983,-0.120120,0.068046,0.011644
428455.134797,-7.704842,-1.178942,49.925594,-1.161531,-1.226239,49.906212,428455.174521,428455.079770,0,9562,1,-0.099727,9.458104,58.509983,-0.120120,0.068046,0.011644
428455.138832,-7.671855,-1.206619,49.925594,-1.128545,-1.253916,49.906212,428455.178549,428455.079770,0,9563,1,-0.099727,9.458104,58.509983,-0.120120,0.068046,0.011644
428455.142168,-8.817380,-1.219709,49.822365,-2.273679,-1.259706,49.817196,428455.181929,428455.096444,0,9564,1,-0.162092,9.389852,58.398022,-0.111757,0.065957,0.014642
428455.147439,-8.870003,-1.229871,49.822365,-2.326302,-1.269867,49.817196,428455.187198,428455.096444,0,9565,1,-0.162092,9.389852,58.398022,-0.111757,0.065957,0.014642
428455.151288,-8.906289,-1.240214,49.822365,-2.362588,-1.280210,49.817196,428455.190871,428455.096444,0,9566,1,-0.162092,9.389852,58.398022,-0.111757,0.065957,0.014642
428455.155071,-8.948218,-1.250841,49.822365,-2.404517,-1.290837,49.817196,428455.194815,428455.096444,0,9567,1,-0.162092,9.389852,58.398022,-0.111757,0.065957,0.014642
428455.158415,-8.061396,-1.242591,49.863605,-1.518457,-1.271644,49.862217,428455.198172,428455.113117,0,9568,1,-0.174792,9.537177,58.480518,-0.128516,0.071265,0.020194
428455.163604,-8.044870,-1.230088,49.864605,-1.501932,-1.259142,49.863216,428455.203367,428455.113117,0,9569,1,-0.174792,9.537177,58.480518,-0.128516,0.071265,0.020194
428455.167811,-8.033480,-1.218704,49.865505,-1.490542,-1.247757,49.864117,428455.207461,428455.113117,0,9570,1,-0.174792,9.537177,58.480518,-0.128516,0.071265,0.020194
428455.171701,-8.022349,-1.208320,49.866314,-1.479411,-1.237374,49.864925,428455.211449,428455.113117,0,9571,1,-0.174792,9.537177,58.480518,-0.128516,0.071265,0.020194
428455.175119,-7.962676,-1.195457,49.859455,-1.420342,-1.213287,49.857052,428455.214834,428455.129791,0,9572,1,-0.256220,9.484733,58.406761,-0.122360,0.068004,0.023483
428455.179692,-7.943070,-1.177976,49.854553,-1.400736,-1.195807,49.852150,428455.219340,428455.129791,0,9573,1,-0.256220,9.484733,58.406761,-0.122360,0.068004,0.023483
428455.184658,-7.919401,-1.161248,49.850143,-1.377066,-1.179078,49.847740,428455.224386,428455.129791,0,9574,1,-0.256220,9.484733,58.406761,-0.122360,0.068004,0.023483
428455.188734,-7.925670,-1.147373,49.993786,-1.380735,-1.156007,50.009083,428455.228475,428455.146465,0,9575,1,-0.321617,9.463819,58.598164,-0.121591,0.067568,0.019622
428455.192183,-7.929178,-1.129861,49.993786,-1.384243,-1.138495,50.009083,428455.231942,428455.146465,0,9576,1,-0.321617,9.463819,58.598164,-0.121591,0.067568,0.019622
428455.197243,-7.930964,-1.112774,49.993786,-1.386028,-1.121408,50.009083,428455.236963,428455.146465,0,9577,1,-0.321617,9.463819,58.598164,-0.121591,0.067568,0.019622
428455.201190,-7.931585,-1.096393,49.993786,-1.386650,-1.105027,50.009083,428455.240634,428455.146465,0,9578,1,-0.321617,9.463819,58.598164,-0.121591,0.067568,0.019622
428455.204837,-7.931107,-1.080546,49.993786,-1.386172,-1.089180,50.009083,428455.244562,428455.146465,0,9579,1,-0.321617,9.463819,58.598164,-0.121591,0.067568,0.019622
428455.210156,-7.920100,-1.065924,49.985252,-1.372694,-1.064668,50.018356,428455.249910,428455.163138,0,9580,1,-0.327136,9.439158,58.603237,-0.120992,0.073498,0.022565
428455.212549,-7.914084,-1.047466,49.986252,-1.366679,-1.046211,50.019356,428455.252305,428455.163138,0,9581,1,-0.327136,9.439158,58.603237,-0.120992,0.073498,0.022565
428455.217296,-7.894361,-1.029167,49.987152,-1.346956,-1.027911,50.020256,428455.256963,428455.163138,0,9582,1,-0.327136,9.439158,58.603237,-0.120992,0.073498,0.022565
428455.221807,-8.158292,-1.028477,49.866615,-1.611502,-1.017281,49.895893,428455.261554,428455.179812,0,9583,1,-0.380647,9.465513,58.481140,-0.124453,0.070825,0.023717
428455.225474,-8.175398,-1.022676,49.866615,-1.628607,-1.011481,49.895893,428455.265223,428455.179812,0,9584,1,-0.380647,9.465513,58.481140,-0.124453,0.070825,0.023717
428455.230118,-8.200882,-1.016544,49.866615,-1.654091,-1.005349,49.895893,428455.269851,428455.179812,0,9585,1,-0.380647,9.465513,58.481140,-0.124453,0.070825,0.023717
428455.234096,-8.223087,-1.010230,49.866615,-1.676297,-0.999034,49.895893,428455.273795,428455.179812,0,9586,1,-0.380647,9.465513,58.481140,-0.124453,0.070825,0.023717
428455.237433,-7.870082,-1.017671,50.003696,-1.321885,-0.996329,50.050144,428455.277216,428455.196485,0,9587,1,-0.410043,9.533212,58.639954,-0.132954,0.075093,0.025769
428455.241878,-7.845801,-1.019465,50.003696,-1.297604,-0.998123,50.050144,428455.281678,428455.196485,0,9588,1,-0.410043,9.533212,58.639954,-0.132954,0.075093,0.025769
428455.247105,-7.815392,-1.020686,50.003696,-1.267194,-0.999345,50.050144,428455.286862,428455.196485,0,9589,1,-0.410043,9.533212,58.639954,-0.132954,0.075093,0.025769
428455.251109,-7.792963,-1.021480,50.003696,-1.244765,-1.000139,50.050144,428455.290852,428455.196485,0,9590,1,-0.410043,9.533212,58.639954,-0.132954,0.075093,0.025769
428455.254656,-7.768355,-1.040293,50.124947,-1.218786,-1.008776,50.175400,428455.294408,428455.213159,0,9591,1,-0.476482,9.373304,58.730087,-0.114464,0.070657,0.027144
428455.259084,-7.742095,-1.053260,50.124947,-1.192526,-1.021743,50.175400,428455.298832,428455.213159,0,9592,1,-0.476482,9.373304,58.730087,-0.114464,0.070657,0.027144
428455.263169,-7.715149,-1.065527,50.124947,-1.165579,-1.034010,50.175400,428455.302928,428455.213159,0,9593,1,-0.476482,9.373304,58.730087,-0.114464,0.070657,0.027144
428455.268210,-8.041036,-1.092021,49.972164,-1.496145,-1.050018,50.037407,428455.307998,428455.229833,0,9594,1,-0.490468,9.335626,58.570164,-0.108201,0.073405,0.026387
428455.271872,-8.066498,-1.112282,49.972164,-1.521607,-1.070279,50.037407,428455.311621,428455.229833,0,9595,1,-0.490468,9.335626,58.570164,-0.108201,0.073405,0.026387
428455.275462,-8.093032,-1.131672,49.972164,-1.548141,-1.089669,50.037407,428455.315192,428455.229833,0,9596,1,-0.490468,9.335626,58.570164,-0.108201,0.073405,0.026387
428455.280075,-8.131816,-1.150675,49.972164,-1.586926,-1.108671,50.037407,428455.319830,428455.229833,0,9597,1,-0.490468,9.335626,58.570164,-0.108201,0.073405,0.026387
428455.284120,-8.166015,-1.169152,49.972164,-1.621123,-1.127148,50.037407,428455.323798,428455.229833,0,9598,1,-0.490468,9.335626,58.570164,-0.108201,0.073405,0.026387
428455.288044,-8.055185,-1.189407,50.057491,-1.509990,-1.139196,50.140369,428455.327793,428455.246506,0,9599,1,-0.536414,9.326021,58.659061,-0.105642,0.074061,0.022249
428455.292883,-8.045572,-1.205580,50.057491,-1.500377,-1.155369,50.140369,428455.332636,428455.246506,0,9600,1,-0.536414,9.326021,58.659061,-0.105642,0.074061,0.022249
428455.296573,-8.039804,-1.221402,50.057491,-1.494609,-1.171191,50.140369,428455.336269,428455.246506,0,9601,1,-0.536414,9.326021,58.659061,-0.105642,0.074061,0.022249
428455.300582,-7.860379,-1.239678,50.042088,-1.317780,-1.179732,50.126152,428455.340276,428455.263180,0,9602,1,-0.596976,9.464849,58.663982,-0.119460,0.071118,0.027642
428455.305015,-7.835554,-1.253300,50.041088,-1.292954,-1.193354,50.125153,428455.344803,428455.263180,0,9603,1,-0.596976,9.464849,58.663982,-0.119460,0.071118,0.027642
428455.309170,-7.812705,-1.267017,50.040188,-1.270106,-1.207071,50.124252,428455.348924,428455.263180,0,9604,1,-0.596976,9.464849,58.663982,-0.119460,0.071118,0.027642
428455.313250,-7.790638,-1.280783,50.039379,-1.248039,-1.220836,50.123440,428455.352830,428455.263180,0,9605,1,-0.596976,9.464849,58.663982,-0.119460,0.071118,0.027642
428455.317402,-7.916516,-1.289898,50.036057,-1.379533,-1.220418,50.120708,428455.357154,428455.279853,0,9606,1,-0.555796,9.439205,58.627869,-0.114299,0.075566,0.025889
428455.320838,-7.942023,-1.294567,50.033333,-1.405040,-1.225088,50.117985,428455.360586,428455.279853,0,9607,1,-0.555796,9.439205,58.627869,-0.114299,0.075566,0.025889
428455.325206,-7.978011,-1.299749,50.030880,-1.441028,-1.230270,50.115536,428455.364950,428455.279853,0,9608,1,-0.555796,9.439205,58.627869,-0.114299,0.075566,0.025889
428455.329992,-8.020000,-1.305501,50.028675,-1.483017,-1.236022,50.113327,428455.369690,428455.279853,0,9609,1,-0.555796,9.439205,58.627869,-0.114299,0.075566,0.025889
428455.334208,-8.020939,-1.301723,50.019634,-1.487433,-1.220467,50.113174,428455.373961,428455.296527,0,9610,1,-0.558366,9.403459,58.591816,-0.109898,0.075616,0.033619
428455.337781,-8.024702,-1.292958,50.015495,-1.491196,-1.211703,50.109035,428455.377494,428455.296527,0,9611,1,-0.558366,9.403459,58.591816,-0.109898,0.075616,0.033619
428455.342860,-8.030118,-1.284960,50.011772,-1.496613,-1.203705,50.105312,428455.382537,428455.296527,0,9612,1,-0.558366,9.403459,58.591816,-0.109898,0.075616,0.033619
428455.346791,-8.036680,-1.277659,50.008419,-1.503174,-1.196403,50.101959,428455.386522,428455.296527,0,9613,1,-0.558366,9.403459,58.591816,-0.109898,0.075616,0.033619
428455.351268,-8.030890,-1.274278,50.087795,-1.498365,-1.183936,50.176662,428455.391024,428455.313201,0,9614,1,-0.600708,9.358006,58.688622,-0.103595,0.071891,0.031815
428455.355097,-8.016042,-1.266924,50.087795,-1.483517,-1.176581,50.176662,428455.394853,428455.313201,0,9615,1,-0.600708,9.358006,58.688622,-0.103595,0.071891,0.031815
428455.359213,-7.999379,-1.260053,50.087795,-1.466854,-1.169711,50.176662,428455.398875,428455.313201,0,9616,1,-0.600708,9.358006,58.688622,-0.103595,0.071891,0.031815
428455.363157,-7.981815,-1.253600,50.087795,-1.449291,-1.163258,50.176662,428455.402915,428455.313201,0,9617,1,-0.600708,9.358006,58.688622,-0.103595,0.071891,0.031815
428455.367926,-7.964684,-1.238163,50.116058,-1.430513,-1.141505,50.210522,428455.407641,428455.329874,0,9618,1,-0.602764,9.460789,58.756260,-0.117011,0.073662,0.031016
428455.371589,-7.948269,-1.220388,50.117058,-1.414098,-1.123730,50.211525,428455.411345,428455.329874,0,9619,1,-0.602764,9.460789,58.756260,-0.117011,0.073662,0.031016
428455.375635,-7.933222,-1.203216,50.117958,-1.399051,-1.106558,50.212425,428455.415389,428455.329874,0,9620,1,-0.602764,9.460789,58.756260,-0.117011,0.073662,0.031016
428455.380557,-7.913343,-1.190233,50.153530,-1.381147,-1.084537,50.223286,428455.420342,428455.346548,0,9621,1,-0.622436,9.405066,58.800613,-0.111834,0.073332,0.030022
428455.384079,-7.895752,-1.173354,50.157471,-1.363556,-1.067658,50.227226,428455.423752,428455.346548,0,9622,1,-0.622436,9.405066,58.800613,-0.111834,0.073332,0.030022
428455.387666,-7.879284,-1.156927,50.161018,-1.347089,-1.051231,50.230770,428455.427377,428455.346548,0,9623,1,-0.622436,9.405066,58.800613,-0.111834,0.073332,0.030022
428455.392635,-7.863577,-1.140385,50.164211,-1.331381,-1.034690,50.233963,428455.432360,428455.346548,0,9624,1,-0.622436,9.405066,58.800613,-0.111834,0.073332,0.030022
428455.396551,-7.876133,-1.139943,49.913422,-1.346207,-1.027994,49.998459,428455.436334,428455.363222,0,9625,1,-0.565282,9.436157,58.531006,-0.115794,0.080643,0.034559
428455.400925,-7.890182,-1.136083,49.913422,-1.360255,-1.024134,49.998459,428455.440542,428455.363222,0,9626,1,-0.565282,9.436157,58.531006,-0.115794,0.080643,0.034559
428455.404338,-7.904349,-1.132047,49.913422,-1.374423,-1.020098,49.998459,428455.444097,428455.363222,0,9627,1,-0.565282,9.436157,58.531006,-0.115794,0.080643,0.034559
428455.408727,-7.919065,-1.127702,49.913422,-1.389138,-1.015753,49.998459,428455.448486,428455.363222,0,9628,1,-0.565282,9.436157,58.531006,-0.115794,0.080643,0.034559
428455.413414,-7.934506,-1.123007,49.913422,-1.404580,-1.011058,49.998459,428455.453171,428455.363222,0,9629,1,-0.565282,9.436157,58.531006,-0.115794,0.080643,0.034559
428455.417387,-7.950353,-1.118097,49.913422,-1.420427,-1.006148,49.998459,428455.457150,428455.363222,0,9630,1,-0.565282,9.436157,58.531006,-0.115794,0.080643,0.034559
428455.420831,-7.966362,-1.113071,49.913422,-1.436435,-1.001123,49.998459,428455.460594,428455.363222,0,9631,1,-0.565282,9.436157,58.531006,-0.115794,0.080643,0.034559
428455.425779,-7.983317,-1.107676,49.913422,-1.453391,-0.995727,49.998459,428455.465430,428455.363222,0,9632,1,-0.565282,9.436157,58.531006,-0.115794,0.080643,0.034559
428455.429809,-7.971802,-1.110637,50.070919,-1.441041,-0.988555,50.154194,428455.469610,428455.379895,0,9633,1,-0.585342,9.238797,58.644657,-0.094578,0.078318,0.033809
428455.435340,-7.961490,-1.107959,50.070919,-1.430729,-0.985878,50.154194,428455.475131,428455.379895,0,9634,1,-0.585342,9.238797,58.644657,-0.094578,0.078318,0.033809
428455.438396,-7.952459,-1.105106,50.070919,-1.421698,-0.983024,50.154194,428455.478194,428455.379895,0,9635,1,-0.585342,9.238797,58.644657,-0.094578,0.078318,0.033809
428455.442420,-7.944669,-1.101955,50.070919,-1.413908,-0.979873,50.154194,428455.482151,428455.379895,0,9636,1,-0.585342,9.238797,58.644657,-0.094578,0.078318,0.033809
428455.445862,-7.692441,-1.129494,50.207783,-1.159236,-1.000639,50.275051,428455.485620,428455.396372,0,9637,1,-0.643015,9.307088,58.787258,-0.099854,0.075493,0.032824
428455.450600,-7.642611,-1.152411,50.207783,-1.109407,-1.023556,50.275051,428455.490272,428455.396372,0,9638,1,-0.643015,9.307088,58.787258,-0.099854,0.075493,0.032824
428455.455872,-7.583415,-1.174422,50.207783,-1.050210,-1.045567,50.275051,428455.495516,428455.396372,0,9639,1,-0.643015,9.307088,58.787258,-0.099854,0.075493,0.032824
428455.458702,-7.551174,-1.195033,50.207783,-1.017969,-1.066177,50.275051,428455.498447,428455.396372,0,9640,1,-0.643015,9.307088,58.787258,-0.099854,0.075493,0.032824
428455.463919,-8.013566,-1.217196,49.929295,-1.484530,-1.081420,49.999069,428455.503700,428455.413038,0,9641,1,-0.616592,9.342514,58.518883,-0.103890,0.074819,0.034602
428455.467579,-8.060144,-1.235066,49.929295,-1.531108,-1.099291,49.999069,428455.507339,428455.413038,0,9642,1,-0.616592,9.342514,58.518883,-0.103890,0.074819,0.034602
428455.471641,-8.114789,-1.252346,49.929295,-1.585753,-1.116570,49.999069,428455.511413,428455.413038,0,9643,1,-0.616592,9.342514,58.518883,-0.103890,0.074819,0.034602
428455.475679,-8.169758,-1.269094,49.929295,-1.640722,-1.133318,49.999069,428455.515373,428455.413038,0,9644,1,-0.616592,9.342514,58.518883,-0.103890,0.074819,0.034602
428455.479977,-8.175101,-1.290063,49.920063,-1.645982,-1.147214,49.994247,428455.519726,428455.429705,0,9645,1,-0.574951,9.423330,58.512047,-0.110771,0.080161,0.037670
428455.483964,-8.182704,-1.307100,49.919064,-1.653585,-1.164251,49.993248,428455.523719,428455.429705,0,9646,1,-0.574951,9.423330,58.512047,-0.110771,0.080161,0.037670
428455.488704,-8.192967,-1.324052,49.918163,-1.663848,-1.181203,49.992348,428455.528379,428455.429705,0,9647,1,-0.574951,9.423330,58.512047,-0.110771,0.080161,0.037670
428455.492705,-7.531069,-1.331561,50.161541,-0.999356,-1.181496,50.246891,428455.532366,428455.446372,0,9648,1,-0.646800,9.324992,58.749519,-0.099045,0.073680,0.033744
428455.497047,-7.459685,-1.335838,50.161541,-0.927972,-1.185773,50.246891,428455.536802,428455.446372,0,9649,1,-0.646800,9.324992,58.749519,-0.099045,0.073680,0.033744
428455.500751,-7.400193,-1.340324,50.161541,-0.868480,-1.190259,50.246891,428455.540408,428455.446372,0,9650,1,-0.646800,9.324992,58.749519,-0.099045,0.073680,0.033744
428455.504735,-7.331173,-1.345083,50.161541,-0.799461,-1.195018,50.246891,428455.544420,428455.446372,0,9651,1,-0.646800,9.324992,58.749519,-0.099045,0.073680,0.033744
428455.509630,-7.691401,-1.331841,49.915104,-1.162181,-1.174496,49.996822,428455.549355,428455.463038,0,9652,1,-0.567380,9.290859,58.488533,-0.095609,0.080465,0.036373
428455.513746,-7.726140,-1.316027,49.915104,-1.196919,-1.158682,49.996822,428455.553502,428455.463038,0,9653,1,-0.567380,9.290859,58.488533,-0.095609,0.080465,0.036373
428455.517777,-7.761610,-1.301159,49.915104,-1.232390,-1.143815,49.996822,428455.557572,428455.463038,0,9654,1,-0.567380,9.290859,58.488533,-0.095609,0.080465,0.036373
428455.521889,-7.798155,-1.287124,49.915104,-1.268935,-1.129779,49.996822,428455.561607,428455.463038,0,9655,1,-0.567380,9.290859,58.488533,-0.095609,0.080465,0.036373
428455.526176,-7.802823,-1.282818,50.001579,-1.270839,-1.117471,50.102074,428455.565934,428455.479705,0,9656,1,-0.547027,9.234184,58.564693,-0.088258,0.084699,0.037301
428455.529653,-7.805921,-1.274980,50.001579,-1.273938,-1.109633,50.102074,428455.569413,428455.479705,0,9657,1,-0.547027,9.234184,58.564693,-0.088258,0.084699,0.037301
428455.535356,-7.808953,-1.267310,50.001579,-1.276970,-1.101963,50.102074,428455.575093,428455.479705,0,9658,1,-0.547027,9.234184,58.564693,-0.088258,0.084699,0.037301
428455.538330,-7.811816,-1.260074,50.001579,-1.279833,-1.094727,50.102074,428455.578034,428455.479705,0,9659,1,-0.547027,9.234184,58.564693,-0.088258,0.084699,0.037301
428455.541626,-7.802698,-1.255958,50.044937,-1.267341,-1.087235,50.152973,428455.581383,428455.496372,0,9660,1,-0.470063,9.478703,58.675987,-0.116032,0.091205,0.035785
428455.546334,-7.791685,-1.250209,50.045937,-1.256328,-1.081486,50.153976,428455.586065,428455.496372,0,9661,1,-0.470063,9.478703,58.675987,-0.116032,0.091205,0.035785
428455.551315,-7.780375,-1.244468,50.046837,-1.245018,-1.075745,50.154873,428455.590912,428455.496372,0,9662,1,-0.470063,9.478703,58.675987,-0.116032,0.091205,0.035785
428455.555104,-7.769010,-1.238821,50.047646,-1.233653,-1.070098,50.155685,428455.594860,428455.496372,0,9663,1,-0.470063,9.478703,58.675987,-0.116032,0.091205,0.035785
428455.558701,-7.910833,-1.236151,49.880333,-1.375771,-1.063977,49.998737,428455.598456,428455.513038,0,9664,1,-0.451249,9.219662,58.446861,-0.088008,0.090863,0.036250
428455.563914,-7.976784,-1.231699,49.880333,-1.441722,-1.059524,49.998737,428455.603669,428455.513038,0,9665,1,-0.451249,9.219662,58.446861,-0.088008,0.090863,0.036250
428455.567538,-8.023704,-1.227333,49.880333,-1.488641,-1.055158,49.998737,428455.607315,428455.513038,0,9666,1,-0.451249,9.219662,58.446861,-0.088008,0.090863,0.036250
428455.571534,-8.077057,-1.223001,49.880333,-1.541995,-1.050826,49.998737,428455.611300,428455.513038,0,9667,1,-0.451249,9.219662,58.446861,-0.088008,0.090863,0.036250
428455.574969,-8.028809,-1.219726,50.069176,-1.496353,-1.042298,50.187473,428455.614725,428455.529705,0,9668,1,-0.499196,9.309008,58.663738,-0.098463,0.084939,0.035378
428455.579869,-7.983746,-1.213715,50.069176,-1.451291,-1.036287,50.187473,428455.619626,428455.529705,0,9669,1,-0.499196,9.309008,58.663738,-0.098463,0.084939,0.035378
428455.583509,-7.940998,-1.207767,50.069176,-1.408543,-1.030339,50.187473,428455.623283,428455.529705,0,9670,1,-0.499196,9.309008,58.663738,-0.098463,0.084939,0.035378
428455.588452,-7.939214,-1.210991,49.931046,-1.406564,-1.032891,50.057377,428455.628228,428455.546372,0,9671,1,-0.519965,9.342798,58.540516,-0.101973,0.080945,0.033286
428455.592664,-7.937657,-1.213509,49.931046,-1.405006,-1.035409,50.057377,428455.632422,428455.546372,0,9672,1,-0.519965,9.342798,58.540516,-0.101973,0.080945,0.033286
428455.596076,-7.936359,-1.215708,49.931046,-1.403709,-1.037608,50.057377,428455.635833,428455.546372,0,9673,1,-0.519965,9.342798,58.540516,-0.101973,0.080945,0.033286
428455.601155,-7.935332,-1.217589,49.931046,-1.402682,-1.039488,50.057377,428455.640849,428455.546372,0,9674,1,-0.519965,9.342798,58.540516,-0.101973,0.080945,0.033286
428455.605245,-7.960184,-1.226927,49.902363,-1.428578,-1.046585,50.008018,428455.645010,428455.563038,0,9675,1,-0.573746,9.188962,58.458496,-0.084624,0.073114,0.035086
428455.609483,-7.985345,-1.234717,49.901363,-1.453739,-1.054374,50.007019,428455.649246,428455.563038,0,9676,1,-0.573746,9.188962,58.458496,-0.084624,0.073114,0.035086
428455.612931,-8.009890,-1.242051,49.900463,-1.478284,-1.061708,50.006119,428455.652607,428455.563038,0,9677,1,-0.573746,9.188962,58.458496,-0.084624,0.073114,0.035086
428455.618137,-8.034886,-1.249148,49.899651,-1.503281,-1.068806,50.005310,428455.657592,428455.563038,0,9678,1,-0.573746,9.188962,58.458496,-0.084624,0.073114,0.035086
428455.621813,-7.967821,-1.260441,49.998070,-1.432377,-1.082253,50.143669,428455.661582,428455.579705,0,9679,1,-0.609491,9.357907,58.625431,-0.102675,0.071729,0.031922
428455.625498,-7.901719,-1.272288,49.998070,-1.366275,-1.094101,50.143669,428455.665258,428455.579705,0,9680,1,-0.609491,9.357907,58.625431,-0.102675,0.071729,0.031922
428455.630059,-7.837043,-1.283867,49.998070,-1.301599,-1.105680,50.143669,428455.669823,428455.579705,0,9681,1,-0.609491,9.357907,58.625431,-0.102675,0.071729,0.031922
428455.634098,-7.774138,-1.295114,49.998070,-1.238694,-1.116926,50.143669,428455.673803,428455.579705,0,9682,1,-0.609491,9.357907,58.625431,-0.102675,0.071729,0.031922
428455.637545,-7.785924,-1.293030,49.941017,-1.252435,-1.113796,50.091209,428455.677329,428455.596372,0,9683,1,-0.596732,9.318149,58.552704,-0.098857,0.070407,0.037511
428455.642805,-7.797674,-1.290737,49.940018,-1.264184,-1.111503,50.090210,428455.682563,428455.596372,0,9684,1,-0.596732,9.318149,58.552704,-0.098857,0.070407,0.037511
428455.646959,-7.808463,-1.288714,49.939117,-1.274974,-1.109480,50.089310,428455.686636,428455.596372,0,9685,1,-0.596732,9.318149,58.552704,-0.098857,0.070407,0.037511
428455.650847,-7.818390,-1.286933,49.938309,-1.284901,-1.107699,50.088497,428455.690574,428455.596372,0,9686,1,-0.596732,9.318149,58.552704,-0.098857,0.070407,0.037511
428455.654425,-7.888421,-1.280348,49.937603,-1.351239,-1.101688,50.097538,428455.694185,428455.613038,0,9687,1,-0.537730,9.356963,58.608505,-0.103087,0.074158,0.034388
428455.658808,-7.954833,-1.274359,49.941353,-1.417651,-1.095699,50.101292,428455.698571,428455.613038,0,9688,1,-0.537730,9.356963,58.608505,-0.103087,0.074158,0.034388
428455.663311,-8.019926,-1.268629,49.944729,-1.482744,-1.089968,50.104668,428455.703023,428455.613038,0,9689,1,-0.537730,9.356963,58.608505,-0.103087,0.074158,0.034388
428455.667278,-8.083473,-1.263154,49.947765,-1.546291,-1.084494,50.107704,428455.707031,428455.613038,0,9690,1,-0.537730,9.356963,58.608505,-0.103087,0.074158,0.034388
428455.671966,-8.077148,-1.267296,49.885086,-1.538936,-1.088807,50.046555,428455.711721,428455.629705,0,9691,1,-0.417197,9.437347,58.525505,-0.110873,0.087353,0.035238
428455.675496,-8.071310,-1.271319,49.885086,-1.533098,-1.092830,50.046555,428455.715157,428455.629705,0,9692,1,-0.417197,9.437347,58.525505,-0.110873,0.087353,0.035238
428455.680114,-8.066485,-1.275245,49.885086,-1.528273,-1.096756,50.046555,428455.719850,428455.629705,0,9693,1,-0.417197,9.437347,58.525505,-0.110873,0.087353,0.035238
428455.684017,-8.062499,-1.279042,49.885086,-1.524287,-1.100553,50.046555,428455.723806,428455.629705,0,9694,1,-0.417197,9.437347,58.525505,-0.110873,0.087353,0.035238
428455.687538,-8.012427,-1.277975,49.914043,-1.478356,-1.098599,50.061821,428455.727294,428455.646372,0,9695,1,-0.453920,9.388337,58.550404,-0.106060,0.083685,0.036106
428455.692672,-7.965441,-1.276572,49.915043,-1.431369,-1.097196,50.062824,428455.732434,428455.646372,0,9696,1,-0.453920,9.388337,58.550404,-0.106060,0.083685,0.036106
428455.696299,-7.920382,-1.275277,49.915943,-1.386311,-1.095901,50.063725,428455.736037,428455.646372,0,9697,1,-0.453920,9.388337,58.550404,-0.106060,0.083685,0.036106
428455.701354,-7.904591,-1.275656,49.914841,-1.369032,-1.096947,50.070644,428455.741028,428455.663038,0,9698,1,-0.496271,9.432912,58.598312,-0.111015,0.079804,0.032802
428455.705644,-7.888249,-1.276407,49.918781,-1.352691,-1.097699,50.074585,428455.745401,428455.663038,0,9699,1,-0.496271,9.432912,58.598312,-0.111015,0.079804,0.032802
428455.709075,-7.872357,-1.277172,49.922325,-1.336798,-1.098463,50.078133,428455.748827,428455.663038,0,9700,1,-0.496271,9.432912,58.598312,-0.111015,0.079804,0.032802
428455.712842,-7.856753,-1.277955,49.925518,-1.321194,-1.099246,50.081326,428455.752470,428455.663038,0,9701,1,-0.496271,9.432912,58.598312,-0.111015,0.079804,0.032802
428455.717868,-7.931374,-1.258720,49.793739,-1.395545,-1.083332,49.929947,428455.757554,428455.679705,0,9702,1,-0.460197,9.287522,58.399616,-0.097459,0.079033,0.033840
428455.721473,-8.003242,-1.241928,49.793739,-1.467413,-1.066539,49.929947,428455.761228,428455.679705,0,9703,1,-0.460197,9.287522,58.399616,-0.097459,0.079033,0.033840
428455.725118,-8.072872,-1.225819,49.793739,-1.537043,-1.050431,49.929947,428455.764872,428455.679705,0,9704,1,-0.460197,9.287522,58.399616,-0.097459,0.079033,0.033840
428455.729992,-8.142288,-1.209970,49.793739,-1.606459,-1.034581,49.929947,428455.769665,428455.679705,0,9705,1,-0.460197,9.287522,58.399616,-0.097459,0.079033,0.033840
428455.733395,-8.102118,-1.199754,49.903252,-1.564462,-1.023498,50.048233,428455.773149,428455.696372,0,9706,1,-0.411046,9.370242,58.526958,-0.106655,0.086714,0.036257
428455.738232,-8.062751,-1.189005,49.903252,-1.525095,-1.012748,50.048233,428455.777988,428455.696372,0,9707,1,-0.411046,9.370242,58.526958,-0.106655,0.086714,0.036257
428455.742417,-8.025170,-1.178300,49.903252,-1.487515,-1.002043,50.048233,428455.782136,428455.696372,0,9708,1,-0.411046,9.370242,58.526958,-0.106655,0.086714,0.036257
428455.746365,-7.989204,-1.167651,49.903252,-1.451549,-0.991395,50.048233,428455.786103,428455.696372,0,9709,1,-0.411046,9.370242,58.526958,-0.106655,0.086714,0.036257
428455.751682,-7.939739,-1.180562,49.941170,-1.401542,-1.004805,50.075054,428455.791439,428455.713038,0,9710,1,-0.416929,9.424191,58.579792,-0.111344,0.086746,0.030804
428455.754072,-7.892722,-1.192675,49.942173,-1.354525,-1.016918,50.076054,428455.793829,428455.713038,0,9711,1,-0.416929,9.424191,58.579792,-0.111344,0.086746,0.030804
428455.759209,-7.845434,-1.204173,49.943073,-1.307237,-1.028416,50.076954,428455.798918,428455.713038,0,9712,1,-0.416929,9.424191,58.579792,-0.111344,0.086746,0.030804
428455.763108,-7.798852,-1.215004,49.943882,-1.260655,-1.039247,50.077763,428455.802864,428455.713038,0,9713,1,-0.416929,9.424191,58.579792,-0.111344,0.086746,0.030804
428455.767553,-7.861619,-1.230482,49.812450,-1.323905,-1.058110,49.965961,428455.807304,428455.729705,0,9714,1,-0.400411,9.347426,58.431019,-0.102067,0.086866,0.033230
428455.770964,-7.921765,-1.246809,49.812450,-1.384051,-1.074437,49.965961,428455.810715,428455.729705,0,9715,1,-0.400411,9.347426,58.431019,-0.102067,0.086866,0.033230
428455.776047,-7.981220,-1.262847,49.812450,-1.443506,-1.090475,49.965961,428455.815783,428455.729705,0,9716,1,-0.400411,9.347426,58.431019,-0.102067,0.086866,0.033230
428455.779999,-8.039106,-1.278382,49.812450,-1.501392,-1.106010,49.965961,428455.819783,428455.729705,0,9717,1,-0.400411,9.347426,58.431019,-0.102067,0.086866,0.033230
428455.783677,-8.034408,-1.292959,49.847645,-1.498768,-1.120399,50.010456,428455.823430,428455.746372,0,9718,1,-0.412901,9.392728,58.491882,-0.106435,0.084790,0.032394
428455.788229,-8.031319,-1.307358,49.848644,-1.495679,-1.134798,50.011456,428455.827987,428455.746372,0,9719,1,-0.412901,9.392728,58.491882,-0.106435,0.084790,0.032394
428455.791959,-8.028705,-1.321471,49.849545,-1.493065,-1.148911,50.012356,428455.831717,428455.746372,0,9720,1,-0.412901,9.392728,58.491882,-0.106435,0.084790,0.032394
428455.796791,-8.026565,-1.335716,49.850357,-1.490926,-1.163156,50.013165,428455.836548,428455.746372,0,9721,1,-0.412901,9.392728,58.491882,-0.106435,0.084790,0.032394
428455.800404,-8.024796,-1.349727,49.851086,-1.489156,-1.177167,50.013893,428455.840160,428455.746372,0,9722,1,-0.412901,9.392728,58.491882,-0.106435,0.084790,0.032394
428455.805283,-8.023408,-1.363978,49.851742,-1.487768,-1.191418,50.014549,428455.844996,428455.746372,0,9723,1,-0.412901,9.392728,58.491882,-0.106435,0.084790,0.032394
428455.809233,-8.022318,-1.378137,49.852333,-1.486679,-1.205577,50.015141,428455.848807,428455.746372,0,9724,1,-0.412901,9.392728,58.491882,-0.106435,0.084790,0.032394
428455.813179,-8.021495,-1.392258,49.852863,-1.485856,-1.219698,50.015671,428455.852647,428455.746372,0,9725,1,-0.412901,9.392728,58.491882,-0.106435,0.084790,0.032394
428455.816896,-7.971560,-1.404811,49.836842,-1.436577,-1.235545,50.034447,428455.856661,428455.763038,0,9726,1,-0.446117,9.481700,58.514980,-0.112509,0.083424,0.029631
428455.821981,-7.923004,-1.419419,49.838078,-1.388021,-1.250152,50.035686,428455.861745,428455.763038,0,9727,1,-0.446117,9.481700,58.514980,-0.112509,0.083424,0.029631
428455.826049,-7.876082,-1.434056,49.839195,-1.341099,-1.264789,50.036804,428455.865779,428455.763038,0,9728,1,-0.446117,9.481700,58.514980,-0.112509,0.083424,0.029631
428455.830357,-7.901372,-1.479665,49.860882,-1.375327,-1.315446,50.015224,428455.870118,428455.780410,0,9729,1,-0.452587,9.902491,58.581371,-0.152070,0.082235,0.023433
428455.834666,-7.929781,-1.526620,49.860928,-1.403737,-1.362400,50.015270,428455.874317,428455.780410,0,9730,1,-0.452587,9.902491,58.581371,-0.152070,0.082235,0.023433
428455.838451,-7.956909,-1.572335,49.860973,-1.430864,-1.408116,50.015316,428455.878212,428455.780410,0,9731,1,-0.452587,9.902491,58.581371,-0.152070,0.082235,0.023433
428455.842423,-7.982946,-1.617049,49.861012,-1.456902,-1.452830,50.015354,428455.882142,428455.780410,0,9732,1,-0.452587,9.902491,58.581371,-0.152070,0.082235,0.023433
428455.846755,-7.995698,-1.652201,49.853500,-1.479210,-1.496673,50.011723,428455.886512,428455.797084,0,9733,1,-0.383111,10.302334,58.580742,-0.193054,0.090672,0.024290
428455.850172,-8.012681,-1.690880,49.848488,-1.496192,-1.535352,50.006710,428455.889932,428455.797084,0,9734,1,-0.383111,10.302334,58.580742,-0.193054,0.090672,0.024290
428455.855285,-8.029824,-1.730477,49.843975,-1.513336,-1.574949,50.002197,428455.895029,428455.797084,0,9735,1,-0.383111,10.302334,58.580742,-0.193054,0.090672,0.024290
428455.859237,-8.046744,-1.769919,49.839916,-1.530255,-1.614391,49.998138,428455.898980,428455.797084,0,9736,1,-0.383111,10.302334,58.580742,-0.193054,0.090672,0.024290
428455.862576,-8.021279,-1.789998,49.841572,-1.516072,-1.641293,50.001659,428455.902336,428455.813758,0,9737,1,-0.442151,10.570396,58.673119,-0.215413,0.087572,0.027042
428455.867649,-7.955530,-1.815048,49.843899,-1.450322,-1.666343,50.003990,428455.907371,428455.813758,0,9738,1,-0.442151,10.570396,58.673119,-0.215413,0.087572,0.027042
428455.871241,-7.907099,-1.840453,49.845997,-1.401892,-1.691748,50.006088,428455.910982,428455.813758,0,9739,1,-0.442151,10.570396,58.673119,-0.215413,0.087572,0.027042
428455.876223,-7.836705,-1.867374,49.847885,-1.331498,-1.718670,50.007973,428455.915999,428455.813758,0,9740,1,-0.442151,10.570396,58.673119,-0.215413,0.087572,0.027042
428455.879906,-7.801428,-1.842342,49.994289,-1.302472,-1.701981,50.152794,428455.919666,428455.830431,0,9741,1,-0.425774,10.630033,58.803703,-0.219478,0.091367,0.023763
428455.884111,-7.769889,-1.824057,49.994289,-1.270933,-1.683695,50.152794,428455.923873,428455.830431,0,9742,1,-0.425774,10.630033,58.803703,-0.219478,0.091367,0.023763
428455.887783,-7.739182,-1.808005,49.994289,-1.240226,-1.667644,50.152794,428455.927530,428455.830431,0,9743,1,-0.425774,10.630033,58.803703,-0.219478,0.091367,0.023763
428455.892781,-7.810141,-1.768212,49.812023,-1.323568,-1.638908,49.978020,428455.932553,428455.847105,0,9744,1,-0.362260,10.854898,58.642044,-0.242021,0.097529,0.026058
428455.896453,-7.884117,-1.736579,49.812023,-1.397544,-1.607275,49.978020,428455.936215,428455.847105,0,9745,1,-0.362260,10.854898,58.642044,-0.242021,0.097529,0.026058
428455.900581,-7.956005,-1.707153,49.812023,-1.469432,-1.577849,49.978020,428455.940343,428455.847105,0,9746,1,-0.362260,10.854898,58.642044,-0.242021,0.097529,0.026058
428455.905291,-8.026912,-1.679518,49.812023,-1.540339,-1.550214,49.978020,428455.944984,428455.847105,0,9747,1,-0.362260,10.854898,58.642044,-0.242021,0.097529,0.026058
428455.909176,-8.016417,-1.643751,49.849602,-1.540554,-1.523509,50.023033,428455.948958,428455.863778,0,9748,1,-0.371801,10.838791,58.691528,-0.239797,0.097172,0.026947
428455.912808,-8.012395,-1.614353,49.850601,-1.536532,-1.494111,50.024033,428455.952572,428455.863778,0,9749,1,-0.371801,10.838791,58.691528,-0.239797,0.097172,0.026947
428455.917965,-8.009596,-1.586134,49.851501,-1.533733,-1.465892,50.024933,428455.957291,428455.863778,0,9750,1,-0.371801,10.838791,58.691528,-0.239797,0.097172,0.026947
428455.921518,-8.007789,-1.559192,49.852314,-1.531927,-1.438950,50.025742,428455.961234,428455.863778,0,9751,1,-0.371801,10.838791,58.691528,-0.239797,0.097172,0.026947
428455.925587,-8.006915,-1.533298,49.853043,-1.531053,-1.413056,50.026474,428455.965260,428455.863778,0,9752,1,-0.371801,10.838791,58.691528,-0.239797,0.097172,0.026947
428455.930454,-7.926109,-1.491837,49.847473,-1.458791,-1.378118,50.041775,428455.970252,428455.880452,0,9753,1,-0.406494,10.820210,58.733589,-0.238449,0.095417,0.029394
428455.934681,-7.852683,-1.454805,49.851852,-1.385365,-1.341085,50.046154,428455.974317,428455.880452,0,9754,1,-0.406494,10.820210,58.733589,-0.238449,0.095417,0.029394
428455.938130,-7.782541,-1.419102,49.855797,-1.315222,-1.305382,50.050098,428455.977835,428455.880452,0,9755,1,-0.406494,10.820210,58.733589,-0.238449,0.095417,0.029394
428455.942417,-7.767051,-1.415482,50.087521,-1.308863,-1.312725,50.280651,428455.982172,428455.897126,0,9756,1,-0.405811,10.718157,58.914883,-0.224270,0.096618,0.024917
428455.945773,-7.756338,-1.416600,50.087521,-1.298149,-1.313843,50.280651,428455.985532,428455.897126,0,9757,1,-0.405811,10.718157,58.914883,-0.224270,0.096618,0.024917
428455.950991,-7.745342,-1.416730,50.087521,-1.287153,-1.313973,50.280651,428455.990594,428455.897126,0,9758,1,-0.405811,10.718157,58.914883,-0.224270,0.096618,0.024917
428455.954878,-7.734355,-1.416122,50.087521,-1.276166,-1.313365,50.280651,428455.994590,428455.897126,0,9759,1,-0.405811,10.718157,58.914883,-0.224270,0.096618,0.024917
428455.958234,-7.756240,-1.431841,49.858318,-1.305781,-1.338397,50.078503,428455.997989,428455.913799,0,9760,1,-0.346246,10.877332,58.706200,-0.240161,0.105642,0.027363
428455.962632,-7.781170,-1.450814,49.858322,-1.330711,-1.357370,50.078506,428456.002386,428455.913799,0,9761,1,-0.346246,10.877332,58.706200,-0.240161,0.105642,0.027363
428455.967701,-7.805732,-1.468635,49.858322,-1.355273,-1.375192,50.078506,428456.007441,428455.913799,0,9762,1,-0.346246,10.877332,58.706200,-0.240161,0.105642,0.027363
428455.971654,-7.829593,-1.485274,49.858318,-1.379134,-1.391831,50.078503,428456.011423,428455.913799,0,9763,1,-0.346246,10.877332,58.706200,-0.240161,0.105642,0.027363
428455.975039,-7.803535,-1.508682,50.001896,-1.357509,-1.423291,50.239182,428456.014797,428455.930473,0,9764,1,-0.372309,10.945292,58.864204,-0.245874,0.105153,0.025674
428455.979715,-7.780423,-1.535039,50.001896,-1.334397,-1.449648,50.239182,428456.019475,428455.930473,0,9765,1,-0.372309,10.945292,58.864204,-0.245874,0.105153,0.025674
428455.984575,-7.757867,-1.560530,50.001896,-1.311841,-1.475139,50.239182,428456.024294,428455.930473,0,9766,1,-0.372309,10.945292,58.864204,-0.245874,0.105153,0.025674
428455.988461,-7.769097,-1.558634,49.911289,-1.330239,-1.480693,50.157234,428456.028258,428455.947146,0,9767,1,-0.382538,10.830634,58.768681,-0.233963,0.103504,0.025045
428455.992245,-7.783371,-1.560447,49.911289,-1.344513,-1.482506,50.157234,428456.032008,428455.947146,0,9768,1,-0.382538,10.830634,58.768681,-0.233963,0.103504,0.025045
428455.996654,-7.797378,-1.562271,49.911289,-1.358520,-1.484330,50.157234,428456.036418,428455.947146,0,9769,1,-0.382538,10.830634,58.768681,-0.233963,0.103504,0.025045
428456.000365,-7.810988,-1.564068,49.911289,-1.372129,-1.486127,50.157234,428456.040074,428455.947146,0,9770,1,-0.382538,10.830634,58.768681,-0.233963,0.103504,0.025045
428456.005687,-7.852237,-1.552588,49.805046,-1.420847,-1.481148,50.056763,428456.045440,428455.963820,0,9771,1,-0.383607,10.770767,58.657791,-0.225587,0.102044,0.028198
428456.009076,-7.895816,-1.544716,49.805046,-1.464426,-1.473277,50.056763,428456.048833,428455.963820,0,9772,1,-0.383607,10.770767,58.657791,-0.225587,0.102044,0.028198
428456.012722,-7.938472,-1.537111,49.805046,-1.507081,-1.465672,50.056763,428456.052480,428455.963820,0,9773,1,-0.383607,10.770767,58.657791,-0.225587,0.102044,0.028198
428456.017577,-7.981533,-1.529549,49.805046,-1.550143,-1.458110,50.056763,428456.057260,428455.963820,0,9774,1,-0.383607,10.770767,58.657791,-0.225587,0.102044,0.028198
428456.021639,-7.912807,-1.522534,49.910057,-1.481255,-1.454559,50.210369,428456.061218,428455.980494,0,9775,1,-0.413545,10.861739,58.797733,-0.236008,0.102441,0.024492
428456.025828,-7.846558,-1.517189,49.910057,-1.415006,-1.449214,50.210369,428456.065589,428455.980494,0,9776,1,-0.413545,10.861739,58.797733,-0.236008,0.102441,0.024492
428456.029166,-7.783520,-1.511908,49.910057,-1.351968,-1.443934,50.210369,428456.068923,428455.980494,0,9777,1,-0.413545,10.861739,58.797733,-0.236008,0.102441,0.024492
428456.034195,-7.721744,-1.506458,49.910057,-1.290192,-1.438483,50.210369,428456.073678,428455.980494,0,9778,1,-0.413545,10.861739,58.797733,-0.236008,0.102441,0.024492
428456.038894,-7.731908,-1.500372,49.920158,-1.299755,-1.435518,50.240112,428456.078607,428455.997167,0,9779,1,-0.374552,10.745202,58.813450,-0.223564,0.104006,0.025689
428456.042836,-7.741070,-1.495754,49.921158,-1.308917,-1.430900,50.241112,428456.082594,428455.997167,0,9780,1,-0.374552,10.745202,58.813450,-0.223564,0.104006,0.025689
428456.046309,-7.749575,-1.491106,49.922058,-1.317422,-1.426252,50.242012,428456.086073,428455.997167,0,9781,1,-0.374552,10.745202,58.813450,-0.223564,0.104006,0.025689
428456.051395,-7.757621,-1.486193,49.922867,-1.325469,-1.421339,50.242825,428456.091058,428455.997167,0,9782,1,-0.374552,10.745202,58.813450,-0.223564,0.104006,0.025689
428456.055632,-7.762011,-1.480183,49.907242,-1.323983,-1.417668,50.264412,428456.095385,428456.013841,0,9783,1,-0.384858,10.817015,58.842640,-0.232086,0.105967,0.026864
428456.059086,-7.763461,-1.475294,49.909924,-1.325434,-1.412779,50.267094,428456.098842,428456.013841,0,9784,1,-0.384858,10.817015,58.842640,-0.232086,0.105967,0.026864
428456.063238,-7.764958,-1.470234,49.912338,-1.326931,-1.407719,50.269508,428456.103003,428456.013841,0,9785,1,-0.384858,10.817015,58.842640,-0.232086,0.105967,0.026864
428456.067216,-7.766506,-1.465030,49.914513,-1.328478,-1.402515,50.271683,428456.106979,428456.013841,0,9786,1,-0.384858,10.817015,58.842640,-0.232086,0.105967,0.026864
428456.072601,-7.746894,-1.470094,49.908749,-1.308866,-1.407258,50.279697,428456.112354,428456.030514,0,9787,1,-0.402504,10.871178,58.840797,-0.236622,0.103893,0.026497
428456.074997,-7.728336,-1.474444,49.909763,-1.290308,-1.411608,50.280712,428456.114753,428456.030514,0,9788,1,-0.402504,10.871178,58.840797,-0.236622,0.103893,0.026497
428456.079629,-7.709836,-1.478231,49.910675,-1.271809,-1.415395,50.281624,428456.119371,428456.030514,0,9789,1,-0.402504,10.871178,58.840797,-0.236622,0.103893,0.026497
428456.084793,-7.688368,-1.493903,49.889778,-1.243931,-1.430439,50.309643,428456.124553,428456.047188,0,9790,1,-0.413295,10.869374,58.863705,-0.235752,0.106986,0.031181
428456.088428,-7.664422,-1.508382,49.892986,-1.219985,-1.444919,50.312851,428456.128183,428456.047188,0,9791,1,-0.413295,10.869374,58.863705,-0.235752,0.106986,0.031181
428456.092261,-7.640985,-1.522128,49.895870,-1.196547,-1.458665,50.315735,428456.132019,428456.047188,0,9792,1,-0.413295,10.869374,58.863705,-0.235752,0.106986,0.031181
428456.096263,-7.617870,-1.535271,49.898468,-1.173433,-1.471808,50.318333,428456.136027,428456.047188,0,9793,1,-0.413295,10.869374,58.863705,-0.235752,0.106986,0.031181
428456.101276,-7.614189,-1.558002,49.883949,-1.161528,-1.493540,50.336723,428456.141020,428456.063862,0,9794,1,-0.504240,10.909466,58.870094,-0.237409,0.098428,0.026701
428456.105608,-7.605877,-1.579574,49.885693,-1.153216,-1.515111,50.338467,428456.145363,428456.063862,0,9795,1,-0.504240,10.909466,58.870094,-0.237409,0.098428,0.026701
428456.109173,-7.597321,-1.600291,49.887260,-1.144661,-1.535828,50.340034,428456.148882,428456.063862,0,9796,1,-0.504240,10.909466,58.870094,-0.237409,0.098428,0.026701
428456.113132,-7.588406,-1.620421,49.888672,-1.135745,-1.555958,50.341446,428456.152783,428456.063862,0,9797,1,-0.504240,10.909466,58.870094,-0.237409,0.098428,0.026701
428456.117763,-7.627554,-1.630494,49.778690,-1.173254,-1.564528,50.276535,428456.157272,428456.080535,0,9798,1,-0.444212,10.891111,58.759205,-0.234354,0.105214,0.036230
428456.122125,-7.664929,-1.639988,49.778690,-1.210629,-1.574022,50.276535,428456.161814,428456.080535,0,9799,1,-0.444212,10.891111,58.759205,-0.234354,0.105214,0.036230
428456.126127,-7.701184,-1.649516,49.778690,-1.246884,-1.583549,50.276535,428456.165754,428456.080535,0,9800,1,-0.444212,10.891111,58.759205,-0.234354,0.105214,0.036230
428456.130092,-7.736585,-1.659112,49.778690,-1.282285,-1.593145,50.276535,428456.169750,428456.080535,0,9801,1,-0.444212,10.891111,58.759205,-0.234354,0.105214,0.036230
428456.134010,-7.771302,-1.668782,49.778690,-1.317002,-1.602816,50.276535,428456.173704,428456.080535,0,9802,1,-0.444212,10.891111,58.759205,-0.234354,0.105214,0.036230
428456.137514,-7.770963,-1.661632,49.764702,-1.314252,-1.592342,50.295959,428456.177310,428456.097209,0,9803,1,-0.534069,10.877112,58.780251,-0.233108,0.095626,0.032157
428456.142700,-7.770137,-1.653587,49.765701,-1.313426,-1.584297,50.296959,428456.182303,428456.097209,0,9804,1,-0.534069,10.877112,58.780251,-0.233108,0.095626,0.032157
428456.146548,-7.769868,-1.646243,49.766602,-1.313157,-1.576952,50.297859,428456.186287,428456.097209,0,9805,1,-0.534069,10.877112,58.780251,-0.233108,0.095626,0.032157
428456.150543,-7.745937,-1.636469,49.935562,-1.282734,-1.562708,50.495651,428456.190285,428456.113883,0,9806,1,-0.443937,10.876657,58.943832,-0.232131,0.106928,0.033558
428456.154907,-7.719735,-1.625087,49.935562,-1.256532,-1.551327,50.495651,428456.194637,428456.113883,0,9807,1,-0.443937,10.876657,58.943832,-0.232131,0.106928,0.033558
428456.159145,-7.694414,-1.614263,49.935562,-1.231211,-1.540503,50.495651,428456.198834,428456.113883,0,9808,1,-0.443937,10.876657,58.943832,-0.232131,0.106928,0.033558
428456.163101,-7.669899,-1.603939,49.935562,-1.206696,-1.530178,50.495651,428456.202867,428456.113883,0,9809,1,-0.443937,10.876657,58.943832,-0.232131,0.106928,0.033558
428456.166751,-7.636364,-1.588664,49.956226,-1.170419,-1.511225,50.536434,428456.206507,428456.130556,0,9810,1,-0.431556,10.923469,58.985851,-0.238311,0.111793,0.032093
428456.171983,-7.601315,-1.571737,49.957226,-1.135370,-1.494299,50.537437,428456.211735,428456.130556,0,9811,1,-0.431556,10.923469,58.985851,-0.238311,0.111793,0.032093
428456.176043,-7.566864,-1.555279,49.958126,-1.100919,-1.477840,50.538334,428456.215767,428456.130556,0,9812,1,-0.431556,10.923469,58.985851,-0.238311,0.111793,0.032093
428456.180217,-7.532884,-1.539208,49.958935,-1.066938,-1.461769,50.539146,428456.219768,428456.130556,0,9813,1,-0.431556,10.923469,58.985851,-0.238311,0.111793,0.032093
428456.184372,-7.574145,-1.526072,49.853752,-1.101642,-1.448177,50.473965,428456.224128,428456.147230,0,9814,1,-0.426553,11.043154,58.906292,-0.254452,0.113365,0.027796
428456.188044,-7.610408,-1.513013,49.853752,-1.137905,-1.435118,50.473965,428456.227807,428456.147230,0,9815,1,-0.426553,11.043154,58.906292,-0.254452,0.113365,0.027796
428456.192573,-7.645727,-1.499950,49.853752,-1.173224,-1.422055,50.473965,428456.232339,428456.147230,0,9816,1,-0.426553,11.043154,58.906292,-0.254452,0.113365,0.027796
428456.196156,-7.679726,-1.487127,49.853752,-1.207222,-1.409232,50.473965,428456.235918,428456.147230,0,9817,1,-0.426553,11.043154,58.906292,-0.254452,0.113365,0.027796
428456.200521,-7.713134,-1.474250,49.853752,-1.240631,-1.396355,50.473965,428456.240283,428456.147230,0,9818,1,-0.426553,11.043154,58.906292,-0.254452,0.113365,0.027796
428456.205209,-7.746354,-1.461180,49.853752,-1.273850,-1.383285,50.473965,428456.244967,428456.147230,0,9819,1,-0.426553,11.043154,58.906292,-0.254452,0.113365,0.027796
428456.209202,-7.778923,-1.448176,49.853752,-1.306419,-1.370281,50.473965,428456.248781,428456.147230,0,9820,1,-0.426553,11.043154,58.906292,-0.254452,0.113365,0.027796
428456.213181,-7.751779,-1.424842,49.848633,-1.272946,-1.340623,50.491245,428456.252958,428456.163903,0,9821,1,-0.453570,10.866255,58.907997,-0.238292,0.112209,0.037347
428456.216613,-7.723611,-1.399155,49.849632,-1.244778,-1.314936,50.492245,428456.256369,428456.163903,0,9822,1,-0.453570,10.866255,58.907997,-0.238292,0.112209,0.037347
428456.221850,-7.696861,-1.373128,49.850533,-1.218028,-1.288909,50.493145,428456.261612,428456.163903,0,9823,1,-0.453570,10.866255,58.907997,-0.238292,0.112209,0.037347
428456.225965,-7.671699,-1.347432,49.851341,-1.192866,-1.263213,50.493958,428456.265593,428456.163903,0,9824,1,-0.453570,10.866255,58.907997,-0.238292,0.112209,0.037347
428456.229874,-7.635086,-1.344905,49.840096,-1.155035,-1.255083,50.486649,428456.269574,428456.180579,0,9825,1,-0.510908,10.854527,58.846092,-0.237694,0.108949,0.032148
428456.233879,-7.599334,-1.338812,49.835194,-1.119284,-1.248991,50.481750,428456.273662,428456.180579,0,9826,1,-0.510908,10.854527,58.846092,-0.237694,0.108949,0.032148
428456.238586,-7.564478,-1.331797,49.830784,-1.084428,-1.241975,50.477337,428456.278379,428456.180579,0,9827,1,-0.510908,10.854527,58.846092,-0.237694,0.108949,0.032148
428456.242698,-7.530778,-1.324160,49.826813,-1.050728,-1.234338,50.473370,428456.282362,428456.180579,0,9828,1,-0.510908,10.854527,58.846092,-0.237694,0.108949,0.032148
428456.246965,-7.575727,-1.366062,49.821911,-1.093354,-1.270917,50.480934,428456.286720,428456.197253,0,9829,1,-0.510653,10.861326,58.893509,-0.235417,0.108423,0.032529
428456.251360,-7.618158,-1.402924,49.823109,-1.135787,-1.307778,50.482136,428456.291118,428456.197253,0,9830,1,-0.510653,10.861326,58.893509,-0.235417,0.108423,0.032529
428456.254861,-7.658769,-1.437333,49.824188,-1.176397,-1.342187,50.483212,428456.294510,428456.197253,0,9831,1,-0.510653,10.861326,58.893509,-0.235417,0.108423,0.032529
428456.258815,-7.698297,-1.469814,49.825157,-1.215925,-1.374669,50.484184,428456.298541,428456.197253,0,9832,1,-0.510653,10.861326,58.893509,-0.235417,0.108423,0.032529
428456.263393,-7.683617,-1.518234,49.716911,-1.201512,-1.419235,50.387932,428456.303142,428456.213927,0,9833,1,-0.492517,10.930902,58.783974,-0.242276,0.113091,0.033664
428456.266810,-7.670243,-1.562346,49.716911,-1.188138,-1.463347,50.387932,428456.306566,428456.213927,0,9834,1,-0.492517,10.930902,58.783974,-0.242276,0.113091,0.033664
428456.271903,-7.657784,-1.605534,49.716911,-1.175679,-1.506535,50.387932,428456.311661,428456.213927,0,9835,1,-0.492517,10.930902,58.783974,-0.242276,0.113091,0.033664
428456.275879,-7.646234,-1.647217,49.716911,-1.164129,-1.548218,50.387932,428456.315635,428456.213927,0,9836,1,-0.492517,10.930902,58.783974,-0.242276,0.113091,0.033664
428456.279234,-7.594494,-1.675745,49.763546,-1.110677,-1.573572,50.464554,428456.318985,428456.230600,0,9837,1,-0.413970,10.832122,58.829937,-0.229075,0.124995,0.034949
428456.283693,-7.543530,-1.702524,49.764545,-1.059713,-1.600350,50.465553,428456.323449,428456.230600,0,9838,1,-0.413970,10.832122,58.829937,-0.229075,0.124995,0.034949
428456.288786,-7.493433,-1.729569,49.765446,-1.009616,-1.627395,50.466454,428456.328471,428456.230600,0,9839,1,-0.413970,10.832122,58.829937,-0.229075,0.124995,0.034949
428456.292894,-7.467807,-1.726515,49.761738,-0.983477,-1.621370,50.467197,428456.332652,428456.247274,0,9840,1,-0.485490,10.948766,58.823227,-0.240856,0.120580,0.035431
428456.296566,-7.442658,-1.722893,49.760406,-0.958329,-1.617748,50.465866,428456.336320,428456.247274,0,9841,1,-0.485490,10.948766,58.823227,-0.240856,0.120580,0.035431
428456.300083,-7.418206,-1.720084,49.759205,-0.933877,-1.614939,50.464664,428456.339841,428456.247274,0,9842,1,-0.485490,10.948766,58.823227,-0.240856,0.120580,0.035431
428456.304836,-7.393738,-1.718159,49.758125,-0.909409,-1.613014,50.463585,428456.344496,428456.247274,0,9843,1,-0.485490,10.948766,58.823227,-0.240856,0.120580,0.035431
428456.308687,-7.368282,-1.689669,49.747574,-0.886598,-1.579246,50.473988,428456.348474,428456.263947,0,9844,1,-0.478714,10.860311,58.817993,-0.232946,0.125443,0.042202
428456.313143,-7.344167,-1.660193,49.747505,-0.862483,-1.549771,50.473923,428456.352906,428456.263947,0,9845,1,-0.478714,10.860311,58.817993,-0.232946,0.125443,0.042202
428456.316812,-7.320442,-1.632415,49.747448,-0.838759,-1.521993,50.473862,428456.356569,428456.263947,0,9846,1,-0.478714,10.860311,58.817993,-0.232946,0.125443,0.042202
428456.321530,-7.296469,-1.605768,49.747395,-0.814786,-1.495346,50.473808,428456.361222,428456.263947,0,9847,1,-0.478714,10.860311,58.817993,-0.232946,0.125443,0.042202
428456.324909,-7.287582,-1.588767,49.901882,-0.803225,-1.475953,50.629917,428456.364667,428456.280621,0,9848,1,-0.528278,10.958665,58.986343,-0.243628,0.124566,0.034069
428456.329933,-7.276426,-1.570962,49.901882,-0.792069,-1.458148,50.629917,428456.369660,428456.280621,0,9849,1,-0.528278,10.958665,58.986343,-0.243628,0.124566,0.034069
428456.333854,-7.264803,-1.553755,49.901882,-0.780446,-1.440941,50.629917,428456.373643,428456.280621,0,9850,1,-0.528278,10.958665,58.986343,-0.243628,0.124566,0.034069
428456.338370,-7.252550,-1.536904,49.901882,-0.768193,-1.424090,50.629917,428456.378095,428456.280621,0,9851,1,-0.528278,10.958665,58.986343,-0.243628,0.124566,0.034069
428456.341726,-7.297225,-1.514249,49.748901,-0.812184,-1.395240,50.481369,428456.381483,428456.297295,0,9852,1,-0.558772,10.874618,58.831661,-0.237574,0.121507,0.043492
428456.346127,-7.339806,-1.489016,49.748901,-0.854765,-1.370007,50.481369,428456.385885,428456.297295,0,9853,1,-0.558772,10.874618,58.831661,-0.237574,0.121507,0.043492
428456.351134,-7.381165,-1.464023,49.748901,-0.896124,-1.345014,50.481369,428456.390613,428456.297295,0,9854,1,-0.558772,10.874618,58.831661,-0.237574,0.121507,0.043492
428456.355068,-7.421204,-1.439450,49.748901,-0.936163,-1.320440,50.481369,428456.394788,428456.297295,0,9855,1,-0.558772,10.874618,58.831661,-0.237574,0.121507,0.043492
428456.359117,-7.404160,-1.428789,49.929138,-0.920133,-1.306644,50.684025,428456.398867,428456.313968,0,9856,1,-0.608089,10.821882,59.021679,-0.233336,0.120505,0.035657
428456.362748,-7.388425,-1.416499,49.929138,-0.904398,-1.294354,50.684025,428456.402505,428456.313968,0,9857,1,-0.608089,10.821882,59.021679,-0.233336,0.120505,0.035657
428456.367947,-7.373034,-1.403556,49.929138,-0.889007,-1.281411,50.684025,428456.407695,428456.313968,0,9858,1,-0.608089,10.821882,59.021679,-0.233336,0.120505,0.035657
428456.371969,-7.358210,-1.390392,49.929138,-0.874182,-1.268247,50.684025,428456.411756,428456.313968,0,9859,1,-0.608089,10.821882,59.021679,-0.233336,0.120505,0.035657
428456.375335,-7.305965,-1.392255,49.757523,-0.825015,-1.262915,50.543766,428456.415084,428456.330642,0,9860,1,-0.464860,10.848351,58.843124,-0.238162,0.141775,0.043991
428456.380008,-7.256158,-1.389752,49.757523,-0.775208,-1.260412,50.543766,428456.419766,428456.330642,0,9861,1,-0.464860,10.848351,58.843124,-0.238162,0.141775,0.043991
428456.383860,-7.207793,-1.386710,49.757523,-0.726843,-1.257370,50.543766,428456.423622,428456.330642,0,9862,1,-0.464860,10.848351,58.843124,-0.238162,0.141775,0.043991
428456.387853,-7.160524,-1.383148,49.757523,-0.679575,-1.253808,50.543766,428456.427593,428456.330642,0,9863,1,-0.464860,10.848351,58.843124,-0.238162,0.141775,0.043991
428456.392206,-7.211323,-1.397296,49.753548,-0.732474,-1.260351,50.549206,428456.431959,428456.347315,0,9864,1,-0.710563,10.717854,58.869637,-0.223735,0.114077,0.039029
428456.395829,-7.260592,-1.406581,49.754204,-0.781743,-1.269636,50.549862,428456.435587,428456.347315,0,9865,1,-0.710563,10.717854,58.869637,-0.223735,0.114077,0.039029
428456.400696,-7.308544,-1.414915,49.754799,-0.829695,-1.277970,50.550457,428456.440390,428456.347315,0,9866,1,-0.710563,10.717854,58.869637,-0.223735,0.114077,0.039029
428456.404774,-7.334825,-1.442567,49.876091,-0.857229,-1.301255,50.699139,428456.444528,428456.363989,0,9867,1,-0.555348,10.738426,58.980465,-0.225339,0.131910,0.040977
428456.408928,-7.361055,-1.466732,49.876091,-0.883459,-1.325420,50.699139,428456.448681,428456.363989,0,9868,1,-0.555348,10.738426,58.980465,-0.225339,0.131910,0.040977
428456.412414,-7.386396,-1.489547,49.876091,-0.908800,-1.348236,50.699139,428456.452112,428456.363989,0,9869,1,-0.555348,10.738426,58.980465,-0.225339,0.131910,0.040977
428456.417086,-7.411673,-1.511594,49.876091,-0.934077,-1.370282,50.699139,428456.456795,428456.363989,0,9870,1,-0.555348,10.738426,58.980465,-0.225339,0.131910,0.040977
428456.422740,-7.397137,-1.539363,49.701633,-0.921310,-1.393996,50.545326,428456.462497,428456.380663,0,9871,1,-0.530133,10.860843,58.821934,-0.236965,0.136880,0.040430
428456.425132,-7.384537,-1.563525,49.701633,-0.908710,-1.418158,50.545326,428456.464891,428456.380663,0,9872,1,-0.530133,10.860843,58.821934,-0.236965,0.136880,0.040430
428456.429645,-7.372596,-1.587181,49.701633,-0.896769,-1.441815,50.545326,428456.469363,428456.380663,0,9873,1,-0.530133,10.860843,58.821934,-0.236965,0.136880,0.040430
428456.434745,-7.361164,-1.610669,49.701633,-0.885337,-1.465303,50.545326,428456.474316,428456.380663,0,9874,1,-0.530133,10.860843,58.821934,-0.236965,0.136880,0.040430
428456.438120,-7.340580,-1.633908,49.883286,-0.864056,-1.481488,50.740273,428456.477894,428456.397336,0,9875,1,-0.584862,10.822755,59.010281,-0.230514,0.131593,0.041689
428456.441554,-7.320598,-1.653088,49.883286,-0.844074,-1.500668,50.740273,428456.481305,428456.397336,0,9876,1,-0.584862,10.822755,59.010281,-0.230514,0.131593,0.041689
428456.446216,-7.301015,-1.672367,49.883286,-0.824491,-1.519947,50.740273,428456.485945,428456.397336,0,9877,1,-0.584862,10.822755,59.010281,-0.230514,0.131593,0.041689
428456.451415,-7.281608,-1.691971,49.883286,-0.805084,-1.539551,50.740273,428456.490952,428456.397336,0,9878,1,-0.584862,10.822755,59.010281,-0.230514,0.131593,0.041689
428456.455507,-7.290023,-1.692475,49.800659,-0.814347,-1.532008,50.652378,428456.495257,428456.414010,0,9879,1,-0.540113,10.754436,58.910954,-0.222796,0.136022,0.044880
428456.459019,-7.298347,-1.689718,49.800659,-0.822671,-1.529251,50.652378,428456.498736,428456.414010,0,9880,1,-0.540113,10.754436,58.910954,-0.222796,0.136022,0.044880
428456.463119,-7.306301,-1.687733,49.800659,-0.830624,-1.527266,50.652378,428456.502877,428456.414010,0,9881,1,-0.540113,10.754436,58.910954,-0.222796,0.136022,0.044880
428456.467390,-7.313931,-1.686435,49.800659,-0.838255,-1.525967,50.652378,428456.506882,428456.414010,0,9882,1,-0.540113,10.754436,58.910954,-0.222796,0.136022,0.044880
428456.471428,-7.316363,-1.677054,49.843998,-0.839355,-1.509556,50.688942,428456.511177,428456.430684,0,9883,1,-0.617692,10.929880,58.988205,-0.242323,0.129693,0.042779
428456.475422,-7.318189,-1.665152,49.844997,-0.841181,-1.497654,50.689941,428456.515171,428456.430684,0,9884,1,-0.617692,10.929880,58.988205,-0.242323,0.129693,0.042779
428456.480512,-7.320165,-1.654039,49.845898,-0.843156,-1.486541,50.690842,428456.520281,428456.430684,0,9885,1,-0.617692,10.929880,58.988205,-0.242323,0.129693,0.042779
428456.484411,-7.322217,-1.643713,49.846706,-0.845209,-1.476214,50.691654,428456.524187,428456.430684,0,9886,1,-0.617692,10.929880,58.988205,-0.242323,0.129693,0.042779
428456.488086,-7.285769,-1.620003,49.945297,-0.809898,-1.443823,50.795609,428456.527837,428456.447357,0,9887,1,-0.547619,10.757927,59.053387,-0.224683,0.138624,0.045923
428456.492246,-7.250771,-1.593102,49.945297,-0.774900,-1.416921,50.795605,428456.532002,428456.447357,0,9888,1,-0.547619,10.757927,59.053387,-0.224683,0.138624,0.045923
428456.495845,-7.216855,-1.567408,49.945297,-0.740983,-1.391228,50.795609,428456.535607,428456.447357,0,9889,1,-0.547619,10.757927,59.053387,-0.224683,0.138624,0.045923
428456.500861,-7.223659,-1.554061,49.907444,-0.746455,-1.371609,50.748146,428456.540632,428456.464031,0,9890,1,-0.562432,10.815662,59.007832,-0.232114,0.139225,0.044440
428456.505200,-7.229393,-1.537922,49.906445,-0.752190,-1.355470,50.747147,428456.544979,428456.464031,0,9891,1,-0.562432,10.815662,59.007832,-0.232114,0.139225,0.044440
428456.508590,-7.234738,-1.522354,49.905544,-0.757534,-1.339902,50.746246,428456.548354,428456.464031,0,9892,1,-0.562432,10.815662,59.007832,-0.232114,0.139225,0.044440
428456.513318,-7.239830,-1.506861,49.904736,-0.762626,-1.324408,50.745434,428456.553006,428456.464031,0,9893,1,-0.562432,10.815662,59.007832,-0.232114,0.139225,0.044440
428456.517574,-7.281610,-1.514914,49.801067,-0.806059,-1.326362,50.648445,428456.557331,428456.480704,0,9894,1,-0.557943,10.916406,58.925804,-0.242471,0.137864,0.046350
428456.520992,-7.322665,-1.519396,49.801067,-0.847114,-1.330844,50.648445,428456.560753,428456.480704,0,9895,1,-0.557943,10.916406,58.925804,-0.242471,0.137864,0.046350
428456.525455,-7.363289,-1.523407,49.801067,-0.887738,-1.334854,50.648445,428456.565219,428456.480704,0,9896,1,-0.557943,10.916406,58.925804,-0.242471,0.137864,0.046350
428456.530505,-7.404175,-1.526994,49.801067,-0.928624,-1.338442,50.648445,428456.570242,428456.480704,0,9897,1,-0.557943,10.916406,58.925804,-0.242471,0.137864,0.046350
428456.534143,-7.387535,-1.532285,49.806927,-0.913698,-1.340459,50.661140,428456.573841,428456.497378,0,9898,1,-0.570638,10.824710,58.936768,-0.233887,0.138228,0.045736
428456.537689,-7.372989,-1.535631,49.807926,-0.899153,-1.343805,50.662140,428456.577366,428456.497378,0,9899,1,-0.570638,10.824710,58.936768,-0.233887,0.138228,0.045736
428456.542761,-7.359392,-1.538734,49.808826,-0.885556,-1.346908,50.663040,428456.582395,428456.497378,0,9900,1,-0.570638,10.824710,58.936768,-0.233887,0.138228,0.045736
428456.546653,-7.346738,-1.541608,49.809639,-0.872902,-1.349782,50.663849,428456.586370,428456.497378,0,9901,1,-0.570638,10.824710,58.936768,-0.233887,0.138228,0.045736
428456.550722,-7.290028,-1.549787,49.809681,-0.814928,-1.351767,50.676811,428456.590486,428456.514052,0,9902,1,-0.590552,10.797409,58.981041,-0.230231,0.137562,0.051448
428456.554104,-7.235037,-1.554591,49.814583,-0.759937,-1.356571,50.681713,428456.593857,428456.514052,0,9903,1,-0.590552,10.797409,58.981041,-0.230231,0.137562,0.051448
428456.558901,-7.180695,-1.559248,49.818993,-0.705595,-1.361229,50.686123,428456.598517,428456.514052,0,9904,1,-0.590552,10.797409,58.981041,-0.230231,0.137562,0.051448
428456.562763,-7.127515,-1.563738,49.822964,-0.652415,-1.365718,50.690090,428456.602471,428456.514052,0,9905,1,-0.590552,10.797409,58.981041,-0.230231,0.137562,0.051448
428456.567803,-7.154770,-1.569739,49.837776,-0.677129,-1.371045,50.685230,428456.607597,428456.530725,0,9906,1,-0.648710,10.896578,59.013367,-0.240728,0.132785,0.040476
428456.571788,-7.179425,-1.575182,49.842255,-0.701784,-1.376488,50.689709,428456.611586,428456.530725,0,9907,1,-0.648710,10.896578,59.013367,-0.240728,0.132785,0.040476
428456.575243,-7.202765,-1.580390,49.846283,-0.725124,-1.381697,50.693741,428456.615042,428456.530725,0,9908,1,-0.648710,10.896578,59.013367,-0.240728,0.132785,0.040476
428456.579748,-7.225342,-1.585495,49.849911,-0.747701,-1.386801,50.697369,428456.619548,428456.530725,0,9909,1,-0.648710,10.896578,59.013367,-0.240728,0.132785,0.040476
428456.583412,-7.246980,-1.590435,49.853176,-0.769340,-1.391741,50.700630,428456.623164,428456.530725,0,9910,1,-0.648710,10.896578,59.013367,-0.240728,0.132785,0.040476
428456.587832,-7.268138,-1.595317,49.856113,-0.790498,-1.396623,50.703571,428456.627586,428456.530725,0,9911,1,-0.648710,10.896578,59.013367,-0.240728,0.132785,0.040476
428456.592985,-7.289207,-1.600229,49.858757,-0.811566,-1.401535,50.706215,428456.632657,428456.530725,0,9912,1,-0.648710,10.896578,59.013367,-0.240728,0.132785,0.040476
428456.597289,-7.336139,-1.605675,49.864380,-0.860048,-1.401873,50.711967,428456.637043,428456.547399,0,9913,1,-0.557938,10.746328,59.019657,-0.223524,0.139334,0.048337
428456.600686,-7.382143,-1.608559,49.869495,-0.906051,-1.404757,50.717087,428456.640447,428456.547399,0,9914,1,-0.557938,10.746328,59.019657,-0.223524,0.139334,0.048337
428456.604144,-7.426757,-1.611449,49.874104,-0.950666,-1.407646,50.721695,428456.643908,428456.547399,0,9915,1,-0.557938,10.746328,59.019657,-0.223524,0.139334,0.048337
428456.609371,-7.471749,-1.614490,49.878250,-0.995658,-1.410687,50.725842,428456.648941,428456.547399,0,9916,1,-0.557938,10.746328,59.019657,-0.223524,0.139334,0.048337
428456.613552,-7.466368,-1.623049,49.790630,-0.992782,-1.416665,50.618374,428456.653308,428456.564215,0,9917,1,-0.574769,10.899917,58.903820,-0.240650,0.138230,0.044758
428456.617170,-7.463463,-1.630209,49.790630,-0.989877,-1.423824,50.618374,428456.656936,428456.564215,0,9918,1,-0.574769,10.899917,58.903820,-0.240650,0.138230,0.044758
428456.620838,-7.461676,-1.637284,49.790630,-0.988090,-1.430900,50.618374,428456.660557,428456.564215,0,9919,1,-0.574769,10.899917,58.903820,-0.240650,0.138230,0.044758
428456.625728,-7.461204,-1.644525,49.790630,-0.987618,-1.438141,50.618374,428456.665409,428456.564215,0,9920,1,-0.574769,10.899917,58.903820,-0.240650,0.138230,0.044758
428456.629980,-7.393195,-1.647653,49.786343,-0.919494,-1.439294,50.623905,428456.669737,428456.580896,0,9921,1,-0.565556,10.889909,58.902058,-0.238078,0.142846,0.043689
428456.633966,-7.328345,-1.649985,49.786903,-0.854644,-1.441626,50.624466,428456.673726,428456.580896,0,9922,1,-0.565556,10.889909,58.902058,-0.238078,0.142846,0.043689
428456.637545,-7.266640,-1.652457,49.787411,-0.792938,-1.444098,50.624969,428456.677320,428456.580896,0,9923,1,-0.565556,10.889909,58.902058,-0.238078,0.142846,0.043689
428456.642690,-7.206264,-1.655213,49.787865,-0.732563,-1.446854,50.625423,428456.682346,428456.580896,0,9924,1,-0.565556,10.889909,58.902058,-0.238078,0.142846,0.043689
428456.646630,-7.220697,-1.648727,49.796261,-0.746259,-1.437118,50.626461,428456.686346,428456.597576,0,9925,1,-0.560336,10.811471,58.940395,-0.230140,0.140345,0.044967
428456.650781,-7.233946,-1.641215,49.800507,-0.759508,-1.429607,50.630707,428456.690538,428456.597576,0,9926,1,-0.560336,10.811471,58.940395,-0.230140,0.140345,0.044967
428456.654837,-7.246432,-1.634253,49.804329,-0.771995,-1.422644,50.634529,428456.694377,428456.597576,0,9927,1,-0.560336,10.811471,58.940395,-0.230140,0.140345,0.044967
428456.658631,-7.258272,-1.627768,49.807766,-0.783834,-1.416160,50.637970,428456.698349,428456.597576,0,9928,1,-0.560336,10.811471,58.940395,-0.230140,0.140345,0.044967
428456.663909,-7.228285,-1.619162,50.038147,-0.751823,-1.406559,50.886223,428456.703666,428456.614257,0,9929,1,-0.562160,10.903549,59.153744,-0.240329,0.144137,0.044296
428456.667687,-7.198462,-1.610558,50.038147,-0.722000,-1.397956,50.886223,428456.707450,428456.614257,0,9930,1,-0.562160,10.903549,59.153744,-0.240329,0.144137,0.044296
428456.671811,-7.169502,-1.602359,50.038147,-0.693040,-1.389757,50.886223,428456.711509,428456.614257,0,9931,1,-0.562160,10.903549,59.153744,-0.240329,0.144137,0.044296
428456.675741,-7.141292,-1.594518,50.038147,-0.664830,-1.381916,50.886223,428456.715507,428456.614257,0,9932,1,-0.562160,10.903549,59.153744,-0.240329,0.144137,0.044296
428456.680000,-7.186399,-1.570867,49.798248,-0.713344,-1.356297,50.666977,428456.719770,428456.630937,0,9933,1,-0.490420,10.750730,58.904327,-0.226069,0.148177,0.046356
428456.684333,-7.231245,-1.547079,49.798248,-0.758189,-1.332509,50.666977,428456.724092,428456.630937,0,9934,1,-0.490420,10.750730,58.904327,-0.226069,0.148177,0.046356
428456.688470,-7.274306,-1.524069,49.798248,-0.801250,-1.309500,50.666977,428456.728242,428456.630937,0,9935,1,-0.490420,10.750730,58.904327,-0.226069,0.148177,0.046356
428456.692449,-7.315732,-1.501786,49.798248,-0.842676,-1.287217,50.666977,428456.732212,428456.630937,0,9936,1,-0.490420,10.750730,58.904327,-0.226069,0.148177,0.046356
428456.696806,-7.345848,-1.494291,49.819130,-0.867582,-1.279820,50.680252,428456.736559,428456.647618,0,9937,1,-0.672836,10.855126,58.966976,-0.237981,0.129943,0.043656
428456.700271,-7.372675,-1.486841,49.820129,-0.894410,-1.272370,50.681255,428456.739984,428456.647618,0,9938,1,-0.672836,10.855126,58.966976,-0.237981,0.129943,0.043656
428456.704994,-7.399737,-1.479092,49.821030,-0.921472,-1.264621,50.682152,428456.744650,428456.647618,0,9939,1,-0.672836,10.855126,58.966976,-0.237981,0.129943,0.043656
428456.708918,-7.393720,-1.478119,49.973377,-0.915866,-1.263752,50.831337,428456.748700,428456.664299,0,9940,1,-0.607177,10.794120,59.092953,-0.232920,0.139430,0.044273
428456.712583,-7.335237,-1.476849,49.973377,-0.857384,-1.262482,50.831337,428456.752338,428456.664299,0,9941,1,-0.607177,10.794120,59.092953,-0.232920,0.139430,0.044273
428456.717284,-7.257712,-1.475134,49.973377,-0.779858,-1.260767,50.831337,428456.756985,428456.664299,0,9942,1,-0.607177,10.794120,59.092953,-0.232920,0.139430,0.044273
428456.721296,-7.190534,-1.473105,49.973377,-0.712680,-1.258738,50.831337,428456.760871,428456.664299,0,9943,1,-0.607177,10.794120,59.092953,-0.232920,0.139430,0.044273
428456.726130,-7.215768,-1.483503,49.974693,-0.734849,-1.268240,50.835461,428456.765898,428456.680979,0,9944,1,-0.613434,10.816154,59.108994,-0.234360,0.137730,0.045412
428456.730473,-7.238892,-1.492691,49.975693,-0.757973,-1.277429,50.836460,428456.770230,428456.680979,0,9945,1,-0.613434,10.816154,59.108994,-0.234360,0.137730,0.045412
428456.734532,-7.261459,-1.501194,49.976593,-0.780540,-1.285931,50.837360,428456.774287,428456.680979,0,9946,1,-0.613434,10.816154,59.108994,-0.234360,0.137730,0.045412
428456.738125,-7.283372,-1.509062,49.977406,-0.802452,-1.293800,50.838169,428456.777845,428456.680979,0,9947,1,-0.613434,10.816154,59.108994,-0.234360,0.137730,0.045412
428456.742124,-7.354603,-1.518100,49.765720,-0.873705,-1.302134,50.618797,428456.781833,428456.697660,0,9948,1,-0.626430,10.712476,58.881058,-0.224541,0.134223,0.043274
428456.746821,-7.425400,-1.526430,49.765720,-0.944502,-1.310463,50.618797,428456.786583,428456.697660,0,9949,1,-0.626430,10.712476,58.881058,-0.224541,0.134223,0.043274
428456.750942,-7.495098,-1.534389,49.765720,-1.014200,-1.318422,50.618797,428456.790678,428456.697660,0,9950,1,-0.626430,10.712476,58.881058,-0.224541,0.134223,0.043274
428456.754892,-7.563808,-1.542019,49.765720,-1.082910,-1.326053,50.618797,428456.794639,428456.697660,0,9951,1,-0.626430,10.712476,58.881058,-0.224541,0.134223,0.043274
428456.758216,-7.532768,-1.521106,50.006111,-1.052979,-1.308055,50.822029,428456.797975,428456.714340,0,9952,1,-0.642435,10.677756,59.106457,-0.224497,0.131832,0.039369
428456.763491,-7.504673,-1.502057,50.006111,-1.024884,-1.289006,50.822029,428456.803251,428456.714340,0,9953,1,-0.642435,10.677756,59.106457,-0.224497,0.131832,0.039369
428456.767586,-7.478845,-1.483695,50.006111,-0.999056,-1.270644,50.822029,428456.807308,428456.714340,0,9954,1,-0.642435,10.677756,59.106457,-0.224497,0.131832,0.039369
428456.771533,-7.455035,-1.465943,50.006111,-0.975246,-1.252892,50.822029,428456.811295,428456.714340,0,9955,1,-0.642435,10.677756,59.106457,-0.224497,0.131832,0.039369
428456.775290,-7.450235,-1.407678,50.098705,-0.967782,-1.191821,50.870060,428456.815044,428456.731021,0,9956,1,-0.672216,10.395725,59.170876,-0.202169,0.122981,0.040733
428456.779971,-7.444987,-1.349433,50.099705,-0.962534,-1.133576,50.871063,428456.819730,428456.731021,0,9957,1,-0.672216,10.395725,59.170876,-0.202169,0.122981,0.040733
428456.783756,-7.440471,-1.293256,50.100605,-0.958018,-1.077399,50.871964,428456.823497,428456.731021,0,9958,1,-0.672216,10.395725,59.170876,-0.202169,0.122981,0.040733
428456.788676,-7.491051,-1.220085,50.175312,-0.997795,-1.002939,50.885345,428456.828459,428456.747701,0,9959,1,-0.649486,9.874510,59.174267,-0.151337,0.119723,0.042507
428456.792321,-7.535199,-1.148651,50.179253,-1.041943,-0.931505,50.889286,428456.832081,428456.747701,0,9960,1,-0.649486,9.874510,59.174267,-0.151337,0.119723,0.042507
428456.795945,-7.578521,-1.079234,50.182800,-1.085265,-0.862089,50.892834,428456.835706,428456.747701,0,9961,1,-0.649486,9.874510,59.174267,-0.151337,0.119723,0.042507
428456.800606,-7.622231,-1.010054,50.185993,-1.128976,-0.792908,50.896027,428456.840326,428456.747701,0,9962,1,-0.649486,9.874510,59.174267,-0.151337,0.119723,0.042507
428456.804747,-7.601372,-0.972419,49.986797,-1.096312,-0.748899,50.661278,428456.844490,428456.764382,0,9963,1,-0.621968,9.727802,58.911079,-0.143099,0.121224,0.049544
428456.808409,-7.576685,-0.931662,49.986797,-1.071625,-0.708142,50.661278,428456.848166,428456.764382,0,9964,1,-0.621968,9.727802,58.911079,-0.143099,0.121224,0.049544
428456.813027,-7.553658,-0.889867,49.986797,-1.048598,-0.666347,50.661278,428456.852744,428456.764382,0,9965,1,-0.621968,9.727802,58.911079,-0.143099,0.121224,0.049544
428456.817090,-7.532177,-0.847716,49.986797,-1.027117,-0.624196,50.661278,428456.856714,428456.764382,0,9966,1,-0.621968,9.727802,58.911079,-0.143099,0.121224,0.049544
428456.822703,-7.481501,-0.862363,50.252579,-0.959670,-0.629279,50.874226,428456.862461,428456.781063,0,9967,1,-0.658528,9.269393,59.060535,-0.094825,0.115419,0.051478
428456.825153,-7.426075,-0.870405,50.252579,-0.904244,-0.637321,50.874226,428456.864866,428456.781063,0,9968,1,-0.658528,9.269393,59.060535,-0.094825,0.115419,0.051478
428456.829725,-7.371677,-0.876045,50.252579,-0.849847,-0.642961,50.874226,428456.869482,428456.781063,0,9969,1,-0.658528,9.269393,59.060535,-0.094825,0.115419,0.051478
428456.833794,-7.318655,-0.879746,50.252579,-0.796824,-0.646662,50.874226,428456.873471,428456.781063,0,9970,1,-0.658528,9.269393,59.060535,-0.094825,0.115419,0.051478
428456.837211,-7.318520,-0.930620,50.181374,-0.788257,-0.689831,50.765781,428456.876973,428456.797743,0,9971,1,-0.641703,9.396597,59.003090,-0.111160,0.117166,0.053748
428456.841643,-7.313571,-0.974687,50.181374,-0.783308,-0.733897,50.765781,428456.881331,428456.797743,0,9972,1,-0.641703,9.396597,59.003090,-0.111160,0.117166,0.053748
428456.846689,-7.307867,-1.016516,50.181374,-0.777603,-0.775727,50.765781,428456.886378,428456.797743,0,9973,1,-0.641703,9.396597,59.003090,-0.111160,0.117166,0.053748
428456.850717,-7.301703,-1.055989,50.181374,-0.771440,-0.815199,50.765781,428456.890369,428456.797743,0,9974,1,-0.641703,9.396597,59.003090,-0.111160,0.117166,0.053748
428456.854972,-7.334751,-1.096081,50.251652,-0.793218,-0.847703,50.791241,428456.894729,428456.814424,0,9975,1,-0.692641,9.389013,59.071838,-0.113281,0.111819,0.048657
428456.858374,-7.360640,-1.130449,50.252651,-0.819107,-0.882072,50.792240,428456.898133,428456.814424,0,9976,1,-0.692641,9.389013,59.071838,-0.113281,0.111819,0.048657
428456.863181,-7.385678,-1.163835,50.253551,-0.844145,-0.915458,50.793140,428456.902811,428456.814424,0,9977,1,-0.692641,9.389013,59.071838,-0.113281,0.111819,0.048657
428456.867110,-7.409751,-1.196078,50.254360,-0.868219,-0.947700,50.793949,428456.906793,428456.814424,0,9978,1,-0.692641,9.389013,59.071838,-0.113281,0.111819,0.048657
428456.872346,-7.453167,-1.215146,50.092171,-0.896095,-0.959118,50.576450,428456.912103,428456.831104,0,9979,1,-0.602903,9.276770,58.843975,-0.102656,0.119320,0.051274
428456.874753,-7.486787,-1.229722,50.092171,-0.929716,-0.973695,50.576450,428456.914512,428456.831104,0,9980,1,-0.602903,9.276770,58.843975,-0.102656,0.119320,0.051274
428456.879829,-7.520382,-1.244730,50.092171,-0.963311,-0.988702,50.576450,428456.919579,428456.831104,0,9981,1,-0.602903,9.276770,58.843975,-0.102656,0.119320,0.051274
428456.883838,-7.553341,-1.259803,50.092171,-0.996269,-1.003776,50.576450,428456.923570,428456.831104,0,9982,1,-0.602903,9.276770,58.843975,-0.102656,0.119320,0.051274
428456.888287,-7.517721,-1.278051,50.372211,-0.948265,-1.015918,50.823669,428456.928037,428456.847785,0,9983,1,-0.689424,9.220015,59.096691,-0.093514,0.112216,0.044490
428456.892005,-7.477787,-1.293171,50.372211,-0.908330,-1.031038,50.823669,428456.931722,428456.847785,0,9984,1,-0.689424,9.220015,59.096691,-0.093514,0.112216,0.044490
428456.896840,-7.438730,-1.308733,50.372211,-0.869274,-1.046600,50.823669,428456.936505,428456.847785,0,9985,1,-0.689424,9.220015,59.096691,-0.093514,0.112216,0.044490
428456.900674,-7.475355,-1.318352,50.149689,-0.892715,-1.048312,50.551739,428456.940459,428456.864465,0,9986,1,-0.603360,9.193326,58.839664,-0.091432,0.116062,0.050372
428456.904319,-7.504325,-1.324510,50.149689,-0.921685,-1.054469,50.551739,428456.944076,428456.864465,0,9987,1,-0.603360,9.193326,58.839664,-0.091432,0.116062,0.050372
428456.909077,-7.533015,-1.331488,50.149689,-0.950375,-1.061447,50.551739,428456.948795,428456.864465,0,9988,1,-0.603360,9.193326,58.839664,-0.091432,0.116062,0.050372
428456.913090,-7.561069,-1.339001,50.149689,-0.978428,-1.068961,50.551739,428456.952688,428456.864465,0,9989,1,-0.603360,9.193326,58.839664,-0.091432,0.116062,0.050372
428456.917261,-7.579013,-1.348768,50.223274,-0.985818,-1.071595,50.574924,428456.957016,428456.881146,0,9990,1,-0.625680,9.294333,58.922192,-0.101724,0.114714,0.049264
428456.920689,-7.591828,-1.355425,50.224274,-0.998633,-1.078252,50.575924,428456.960441,428456.881146,0,9991,1,-0.625680,9.294333,58.922192,-0.101724,0.114714,0.049264
428456.925539,-7.605433,-1.362996,50.225174,-1.012238,-1.085823,50.576824,428456.965295,428456.881146,0,9992,1,-0.625680,9.294333,58.922192,-0.101724,0.114714,0.049264
428456.929669,-7.619451,-1.371164,50.225986,-1.026256,-1.093991,50.577633,428456.969304,428456.881146,0,9993,1,-0.625680,9.294333,58.922192,-0.101724,0.114714,0.049264
428456.933638,-7.583360,-1.380542,50.238945,-0.975004,-1.099256,50.572784,428456.973431,428456.897827,0,9994,1,-0.705304,9.290122,58.959431,-0.098533,0.104954,0.044233
428456.938410,-7.540596,-1.388676,50.242592,-0.932240,-1.107391,50.576435,428456.978215,428456.897827,0,9995,1,-0.705304,9.290122,58.959431,-0.098533,0.104954,0.044233
428456.942700,-7.498884,-1.397414,50.245876,-0.890528,-1.116128,50.579720,428456.982462,428456.897827,0,9996,1,-0.705304,9.290122,58.959431,-0.098533,0.104954,0.044233
428456.946790,-7.458226,-1.406628,50.248833,-0.849870,-1.125342,50.582676,428456.986398,428456.897827,0,9997,1,-0.705304,9.290122,58.959431,-0.098533,0.104954,0.044233
428456.950796,-7.513372,-1.409676,50.138313,-0.894965,-1.121572,50.441708,428456.990501,428456.914507,0,9998,1,-0.550044,9.350639,58.802841,-0.103998,0.119646,0.048035
428456.954402,-7.561778,-1.410073,50.138313,-0.943370,-1.121968,50.441708,428456.994163,428456.914507,0,9999,1,-0.550044,9.350639,58.802841,-0.103998,0.119646,0.048035
428456.959146,-7.609675,-1.411365,50.138313,-0.991268,-1.123260,50.441708,428456.998802,428456.914507,0,10000,1,-0.550044,9.350639,58.802841,-0.103998,0.119646,0.048035
428456.963033,-7.656650,-1.413350,50.138313,-1.038242,-1.125245,50.441708,428457.002793,428456.914507,0,10001,1,-0.550044,9.350639,58.802841,-0.103998,0.119646,0.048035
428456.967231,-7.606673,-1.411294,50.432587,-0.974967,-1.118515,50.749451,428457.006924,428456.931188,0,10002,1,-0.639948,9.316960,59.104713,-0.099915,0.110756,0.047665
428456.970719,-7.552390,-1.407725,50.432587,-0.920684,-1.114946,50.749451,428457.010471,428456.931188,0,10003,1,-0.639948,9.316960,59.104713,-0.099915,0.110756,0.047665
428456.975148,-7.499223,-1.405002,50.432587,-0.867516,-1.112223,50.749451,428457.014901,428456.931188,0,10004,1,-0.639948,9.316960,59.104713,-0.099915,0.110756,0.047665
428456.979831,-7.446609,-1.403075,50.432587,-0.814902,-1.110296,50.749451,428457.019585,428456.931188,0,10005,1,-0.639948,9.316960,59.104713,-0.099915,0.110756,0.047665
428456.983433,-7.395456,-1.401750,50.432587,-0.763750,-1.108970,50.749451,428457.023184,428456.931188,0,10006,1,-0.639948,9.316960,59.104713,-0.099915,0.110756,0.047665
428456.988415,-7.344001,-1.401125,50.432587,-0.712295,-1.108346,50.749451,428457.028125,428456.931188,0,10007,1,-0.639948,9.316960,59.104713,-0.099915,0.110756,0.047665
428456.992075,-7.293545,-1.400988,50.432587,-0.661838,-1.108209,50.749451,428457.031772,428456.931188,0,10008,1,-0.639948,9.316960,59.104713,-0.099915,0.110756,0.047665
428456.997333,-7.316447,-1.367067,50.170700,-0.680407,-1.071918,50.514256,428457.037086,428456.947868,0,10009,1,-0.656652,9.211898,58.838802,-0.090535,0.107328,0.048848
428456.999755,-7.334995,-1.334483,50.170700,-0.698954,-1.039333,50.514256,428457.039514,428456.947868,0,10010,1,-0.656652,9.211898,58.838802,-0.090535,0.107328,0.048848
428457.004203,-7.351468,-1.303292,50.170700,-0.715428,-1.008142,50.514256,428457.043967,428456.947868,0,10011,1,-0.656652,9.211898,58.838802,-0.090535,0.107328,0.048848
428457.009379,-7.366035,-1.273052,50.170700,-0.729994,-0.977902,50.514256,428457.048948,428456.947868,0,10012,1,-0.656652,9.211898,58.838802,-0.090535,0.107328,0.048848
428457.013561,-7.440432,-1.237450,50.169697,-0.800175,-0.941966,50.507023,428457.053316,428456.964376,0,10013,1,-0.643247,9.303044,58.850716,-0.102854,0.108098,0.048941
428457.016976,-7.508961,-1.203281,50.168697,-0.868703,-0.907797,50.506023,428457.056734,428456.964376,0,10014,1,-0.643247,9.303044,58.850716,-0.102854,0.108098,0.048941
428457.022036,-7.575965,-1.169503,50.167797,-0.935707,-0.874019,50.505123,428457.061800,428456.964376,0,10015,1,-0.643247,9.303044,58.850716,-0.102854,0.108098,0.048941
428457.026136,-7.640620,-1.136642,50.166985,-1.000363,-0.841158,50.504314,428457.065791,428456.964376,0,10016,1,-0.643247,9.303044,58.850716,-0.102854,0.108098,0.048941
428457.029483,-7.601026,-1.118806,50.069054,-0.965810,-0.824113,50.408169,428457.069243,428456.981049,0,10017,1,-0.619915,9.281983,58.757534,-0.102799,0.110776,0.052071
428457.034154,-7.565120,-1.101089,50.069054,-0.929904,-0.806396,50.408169,428457.073914,428456.981049,0,10018,1,-0.619915,9.281983,58.757534,-0.102799,0.110776,0.052071
428457.038390,-7.530399,-1.083259,50.069054,-0.895183,-0.788566,50.408169,428457.078151,428456.981049,0,10019,1,-0.619915,9.281983,58.757534,-0.102799,0.110776,0.052071
428457.042405,-7.496809,-1.065399,50.069054,-0.861594,-0.770706,50.408169,428457.082120,428456.981049,0,10020,1,-0.619915,9.281983,58.757534,-0.102799,0.110776,0.052071
428457.046442,-7.477429,-1.070886,50.140144,-0.837343,-0.779527,50.508759,428457.086245,428456.997723,0,10021,1,-0.666603,9.257522,58.842846,-0.100364,0.106512,0.050071
428457.050564,-7.455955,-1.076885,50.140144,-0.815868,-0.785527,50.508759,428457.090282,428456.997723,0,10022,1,-0.666603,9.257522,58.842846,-0.100364,0.106512,0.050071
428457.054508,-7.434731,-1.081845,50.140144,-0.794644,-0.790487,50.508759,428457.094305,428456.997723,0,10023,1,-0.666603,9.257522,58.842846,-0.100364,0.106512,0.050071
428457.059553,-7.413189,-1.085759,50.140144,-0.773102,-0.794401,50.508759,428457.099294,428456.997723,0,10024,1,-0.666603,9.257522,58.842846,-0.100364,0.106512,0.050071
428457.063088,-7.465976,-1.111028,50.089615,-0.828322,-0.823873,50.452587,428457.102842,428457.014397,0,10025,1,-0.654446,9.279766,58.785023,-0.102452,0.106448,0.043918
428457.066761,-7.517278,-1.136599,50.088612,-0.879624,-0.849444,50.451588,428457.106505,428457.014397,0,10026,1,-0.654446,9.279766,58.785023,-0.102452,0.106448,0.043918
428457.071798,-7.567251,-1.160941,50.087711,-0.929597,-0.873787,50.450687,428457.111486,428457.014397,0,10027,1,-0.654446,9.279766,58.785023,-0.102452,0.106448,0.043918
428457.075715,-7.615349,-1.183945,50.086903,-0.977696,-0.896790,50.449879,428457.115436,428457.014397,0,10028,1,-0.654446,9.279766,58.785023,-0.102452,0.106448,0.043918
428457.080051,-7.613117,-1.209984,50.272861,-0.972228,-0.925145,50.646473,428457.119809,428457.031070,0,10029,1,-0.581875,9.197225,58.951717,-0.091336,0.113375,0.047517
428457.083504,-7.609681,-1.235766,50.272861,-0.968792,-0.950928,50.646473,428457.123263,428457.031070,0,10030,1,-0.581875,9.197225,58.951717,-0.091336,0.113375,0.047517
428457.088005,-7.606621,-1.260696,50.272861,-0.965732,-0.975857,50.646473,428457.127686,428457.031070,0,10031,1,-0.581875,9.197225,58.951717,-0.091336,0.113375,0.047517
428457.091919,-7.569225,-1.287807,50.281086,-0.931386,-1.003779,50.639206,428457.131713,428457.047744,0,10032,1,-0.612242,9.181662,58.950073,-0.086799,0.110027,0.046102
428457.097189,-7.533640,-1.315052,50.281517,-0.895802,-1.031023,50.639637,428457.136947,428457.047744,0,10033,1,-0.612242,9.181662,58.950073,-0.086799,0.110027,0.046102
428457.101214,-7.498995,-1.341521,50.281906,-0.861157,-1.057493,50.640026,428457.140926,428457.047744,0,10034,1,-0.612242,9.181662,58.950073,-0.086799,0.110027,0.046102
428457.105016,-7.465314,-1.367194,50.282253,-0.827475,-1.083165,50.640373,428457.144601,428457.047744,0,10035,1,-0.612242,9.181662,58.950073,-0.086799,0.110027,0.046102
428457.108809,-7.501711,-1.387743,50.292728,-0.867896,-1.107253,50.627457,428457.148559,428457.064417,0,10036,1,-0.667265,9.242399,58.950222,-0.090300,0.102570,0.044915
428457.112272,-7.538155,-1.409477,50.291626,-0.904340,-1.128986,50.626358,428457.151983,428457.064417,0,10037,1,-0.667265,9.242399,58.950222,-0.090300,0.102570,0.044915
428457.116616,-7.573448,-1.431203,50.290638,-0.939633,-1.150713,50.625370,428457.156377,428457.064417,0,10038,1,-0.667265,9.242399,58.950222,-0.090300,0.102570,0.044915
428457.121280,-7.607927,-1.453093,50.289749,-0.974111,-1.172603,50.624477,428457.160984,428457.064417,0,10039,1,-0.667265,9.242399,58.950222,-0.090300,0.102570,0.044915
428457.125664,-7.630443,-1.450622,50.186172,-0.995123,-1.170909,50.512791,428457.165394,428457.081091,0,10040,1,-0.595242,9.112927,58.810047,-0.075564,0.109026,0.046642
428457.129051,-7.651524,-1.449363,50.186172,-1.016204,-1.169650,50.512791,428457.168806,428457.081091,0,10041,1,-0.595242,9.112927,58.810047,-0.075564,0.109026,0.046642
428457.133535,-7.672518,-1.449052,50.186172,-1.037198,-1.169339,50.512791,428457.173290,428457.081091,0,10042,1,-0.595242,9.112927,58.810047,-0.075564,0.109026,0.046642
428457.138074,-7.693520,-1.449614,50.186172,-1.058200,-1.169901,50.512791,428457.177813,428457.081091,0,10043,1,-0.595242,9.112927,58.810047,-0.075564,0.109026,0.046642
428457.141467,-7.723399,-1.434892,50.018520,-1.095541,-1.156073,50.307060,428457.181216,428457.097765,0,10044,1,-0.556875,9.210909,58.646111,-0.085988,0.110391,0.046731
428457.145852,-7.756911,-1.421843,50.018520,-1.129053,-1.143024,50.307060,428457.185605,428457.097765,0,10045,1,-0.556875,9.210909,58.646111,-0.085988,0.110391,0.046731
428457.151295,-7.790983,-1.409838,50.018520,-1.163125,-1.131019,50.307060,428457.190692,428457.097765,0,10046,1,-0.556875,9.210909,58.646111,-0.085988,0.110391,0.046731
428457.154963,-7.824790,-1.398811,50.018520,-1.196931,-1.119991,50.307060,428457.194653,428457.097765,0,10047,1,-0.556875,9.210909,58.646111,-0.085988,0.110391,0.046731
428457.159376,-7.785602,-1.367938,50.224380,-1.155797,-1.089792,50.541805,428457.198993,428457.114438,0,10048,1,-0.571122,9.272189,58.881279,-0.094096,0.113746,0.045800
428457.162694,-7.732360,-1.339084,50.224380,-1.102556,-1.060939,50.541805,428457.202449,428457.114438,0,10049,1,-0.571122,9.272189,58.881279,-0.094096,0.113746,0.045800
428457.167366,-7.658110,-1.311205,50.224380,-1.028305,-1.033060,50.541805,428457.207095,428457.114438,0,10050,1,-0.571122,9.272189,58.881279,-0.094096,0.113746,0.045800
428457.171327,-7.592291,-1.284421,50.224380,-0.962487,-1.006275,50.541805,428457.211062,428457.114438,0,10051,1,-0.571122,9.272189,58.881279,-0.094096,0.113746,0.045800
428457.175521,-7.580789,-1.254884,50.039604,-0.956454,-0.979003,50.355968,428457.215248,428457.131112,0,10052,1,-0.546212,9.296434,58.706902,-0.099436,0.114377,0.045603
428457.180147,-7.572248,-1.227026,50.039604,-0.947913,-0.951146,50.355968,428457.219899,428457.131112,0,10053,1,-0.546212,9.296434,58.706902,-0.099436,0.114377,0.045603
428457.184296,-7.563977,-1.199906,50.039604,-0.939642,-0.924025,50.355968,428457.223919,428457.131112,0,10054,1,-0.546212,9.296434,58.706902,-0.099436,0.114377,0.045603
428457.188151,-7.555933,-1.173400,50.039604,-0.931598,-0.897520,50.355968,428457.227909,428457.131112,0,10055,1,-0.546212,9.296434,58.706902,-0.099436,0.114377,0.045603
428457.191625,-7.613539,-1.154504,50.200550,-0.987979,-0.877851,50.515125,428457.231378,428457.147785,0,10056,1,-0.563765,9.083053,58.821369,-0.077507,0.110208,0.048232
428457.196300,-7.669818,-1.135020,50.200550,-1.044257,-0.858367,50.515125,428457.236053,428457.147785,0,10057,1,-0.563765,9.083053,58.821369,-0.077507,0.110208,0.048232
428457.200152,-7.724746,-1.115674,50.200550,-1.099185,-0.839021,50.515125,428457.239913,428457.147785,0,10058,1,-0.563765,9.083053,58.821369,-0.077507,0.110208,0.048232
428457.205325,-7.671197,-1.104800,50.128742,-1.050086,-0.829231,50.440224,428457.245099,428457.164459,0,10059,1,-0.538899,9.249833,58.779953,-0.098308,0.115157,0.047222
428457.209518,-7.621770,-1.094010,50.127743,-1.000658,-0.818441,50.439224,428457.249270,428457.164459,0,10060,1,-0.538899,9.249833,58.779953,-0.098308,0.115157,0.047222
428457.213010,-7.574510,-1.083037,50.126842,-0.953398,-0.807467,50.438324,428457.252720,428457.164459,0,10061,1,-0.538899,9.249833,58.779953,-0.098308,0.115157,0.047222
428457.216650,-7.528950,-1.071802,50.126034,-0.907839,-0.796233,50.437511,428457.256357,428457.164459,0,10062,1,-0.538899,9.249833,58.779953,-0.098308,0.115157,0.047222
428457.222008,-7.569463,-1.080412,50.129765,-0.945687,-0.807039,50.432911,428457.261730,428457.181133,0,10063,1,-0.598536,9.225740,58.744858,-0.097153,0.106224,0.044493
428457.225643,-7.607073,-1.089011,50.124863,-0.983298,-0.815639,50.428009,428457.265400,428457.181133,0,10064,1,-0.598536,9.225740,58.744858,-0.097153,0.106224,0.044493
428457.229157,-7.643215,-1.096627,50.120453,-1.019440,-0.823255,50.423599,428457.268871,428457.181133,0,10065,1,-0.598536,9.225740,58.744858,-0.097153,0.106224,0.044493
428457.233902,-7.678921,-1.103326,50.116482,-1.055145,-0.829954,50.419628,428457.273521,428457.181133,0,10066,1,-0.598536,9.225740,58.744858,-0.097153,0.106224,0.044493
428457.237743,-7.667881,-1.134950,50.174862,-1.042764,-0.864388,50.461433,428457.277500,428457.197806,0,10067,1,-0.605327,9.246774,58.829170,-0.096456,0.106574,0.042788
428457.242358,-7.656881,-1.166519,50.174862,-1.031765,-0.895957,50.461433,428457.282113,428457.197806,0,10068,1,-0.605327,9.246774,58.829170,-0.096456,0.106574,0.042788
428457.245723,-7.646630,-1.196327,50.174862,-1.021513,-0.925766,50.461433,428457.285482,428457.197806,0,10069,1,-0.605327,9.246774,58.829170,-0.096456,0.106574,0.042788
428457.250802,-7.636852,-1.225319,50.174862,-1.011735,-0.954757,50.461433,428457.290514,428457.197806,0,10070,1,-0.605327,9.246774,58.829170,-0.096456,0.106574,0.042788
428457.254118,-7.587813,-1.263632,50.336391,-0.957935,-0.991086,50.603436,428457.293872,428457.214480,0,10071,1,-0.637808,9.190013,58.963398,-0.086905,0.101855,0.048584
428457.258680,-7.537301,-1.300004,50.336391,-0.907423,-1.027457,50.603436,428457.298323,428457.214480,0,10072,1,-0.637808,9.190013,58.963398,-0.086905,0.101855,0.048584
428457.263549,-7.486862,-1.335993,50.336391,-0.856984,-1.063447,50.603436,428457.303336,428457.214480,0,10073,1,-0.637808,9.190013,58.963398,-0.086905,0.101855,0.048584
428457.267635,-7.437353,-1.371063,50.336391,-0.807474,-1.098517,50.603436,428457.307322,428457.214480,0,10074,1,-0.637808,9.190013,58.963398,-0.086905,0.101855,0.048584
428457.271533,-7.440226,-1.387162,50.393539,-0.811693,-1.115844,50.652195,428457.311277,428457.231154,0,10075,1,-0.646729,9.231583,59.033794,-0.090511,0.103283,0.044533
428457.274907,-7.442904,-1.403668,50.394539,-0.814371,-1.132350,50.653194,428457.314597,428457.231154,0,10076,1,-0.646729,9.231583,59.033794,-0.090511,0.103283,0.044533
428457.279925,-7.444541,-1.420767,50.395439,-0.816009,-1.149449,50.654095,428457.319538,428457.231154,0,10077,1,-0.646729,9.231583,59.033794,-0.090511,0.103283,0.044533
428457.283900,-7.445376,-1.438041,50.396248,-0.816844,-1.166723,50.654907,428457.323564,428457.231154,0,10078,1,-0.646729,9.231583,59.033794,-0.090511,0.103283,0.044533
428457.287924,-7.495982,-1.423884,50.379253,-0.867354,-1.152290,50.620544,428457.327724,428457.247827,0,10079,1,-0.648944,9.152829,58.935471,-0.082692,0.102234,0.041712
428457.292370,-7.544852,-1.410983,50.374355,-0.916224,-1.139389,50.615643,428457.332127,428457.247827,0,10080,1,-0.648944,9.152829,58.935471,-0.082692,0.102234,0.041712
428457.296080,-7.591732,-1.399336,50.369942,-0.963104,-1.127742,50.611233,428457.335770,428457.247827,0,10081,1,-0.648944,9.152829,58.935471,-0.082692,0.102234,0.041712
428457.300937,-7.635557,-1.374097,50.110207,-1.004287,-1.104634,50.383156,428457.340726,428457.264501,0,10082,1,-0.547173,9.390993,58.778797,-0.109224,0.112195,0.045493
428457.304610,-7.676866,-1.351403,50.110207,-1.045596,-1.081939,50.383156,428457.344362,428457.264501,0,10083,1,-0.547173,9.390993,58.778797,-0.109224,0.112195,0.045493
428457.308288,-7.717237,-1.329991,50.110207,-1.085968,-1.060528,50.383156,428457.348042,428457.264501,0,10084,1,-0.547173,9.390993,58.778797,-0.109224,0.112195,0.045493
428457.313445,-7.758049,-1.309330,50.110207,-1.126779,-1.039866,50.383156,428457.353014,428457.264501,0,10085,1,-0.547173,9.390993,58.778797,-0.109224,0.112195,0.045493
428457.317597,-7.683579,-1.290128,50.246239,-1.053485,-1.021497,50.536217,428457.357344,428457.281174,0,10086,1,-0.544289,9.394402,58.922600,-0.110902,0.115971,0.046829
428457.320984,-7.613008,-1.272245,50.246239,-0.982914,-1.003614,50.536217,428457.360738,428457.281174,0,10087,1,-0.544289,9.394402,58.922600,-0.110902,0.115971,0.046829
428457.325845,-7.543413,-1.254700,50.246239,-0.913319,-0.986069,50.536217,428457.365603,428457.281174,0,10088,1,-0.544289,9.394402,58.922600,-0.110902,0.115971,0.046829
428457.330025,-7.475595,-1.237678,50.246239,-0.845501,-0.969048,50.536217,428457.369582,428457.281174,0,10089,1,-0.544289,9.394402,58.922600,-0.110902,0.115971,0.046829
428457.334203,-7.496616,-1.226647,50.203369,-0.860094,-0.957861,50.505371,428457.373955,428457.297848,0,10090,1,-0.605093,9.272295,58.860233,-0.098444,0.105474,0.046367
428457.338113,-7.513161,-1.215733,50.202370,-0.876639,-0.946948,50.504368,428457.377867,428457.297848,0,10091,1,-0.605093,9.272295,58.860233,-0.098444,0.105474,0.046367
428457.341545,-7.528523,-1.205083,50.201469,-0.892001,-0.936298,50.503468,428457.381302,428457.297848,0,10092,1,-0.605093,9.272295,58.860233,-0.098444,0.105474,0.046367
428457.346574,-7.543061,-1.194260,50.200661,-0.906538,-0.925475,50.502659,428457.386290,428457.297848,0,10093,1,-0.605093,9.272295,58.860233,-0.098444,0.105474,0.046367
428457.350109,-7.577990,-1.184049,50.222107,-0.942436,-0.914966,50.485188,428457.389860,428457.314522,0,10094,1,-0.568477,9.228199,58.875980,-0.095666,0.111107,0.044346
428457.354486,-7.612717,-1.173602,50.223896,-0.977163,-0.904520,50.486977,428457.394243,428457.314522,0,10095,1,-0.568477,9.228199,58.875980,-0.095666,0.111107,0.044346
428457.359350,-7.647290,-1.162915,50.225502,-1.011736,-0.893832,50.488586,428457.399114,428457.314522,0,10096,1,-0.568477,9.228199,58.875980,-0.095666,0.111107,0.044346
428457.363305,-7.681209,-1.152225,50.226952,-1.045655,-0.883142,50.490032,428457.403061,428457.314522,0,10097,1,-0.568477,9.228199,58.875980,-0.095666,0.111107,0.044346
428457.366932,-7.714401,-1.141595,50.228256,-1.078848,-0.872513,50.491337,428457.406690,428457.314522,0,10098,1,-0.568477,9.228199,58.875980,-0.095666,0.111107,0.044346
428457.371633,-7.747857,-1.130688,50.229427,-1.112303,-0.861606,50.492512,428457.411391,428457.314522,0,10099,1,-0.568477,9.228199,58.875980,-0.095666,0.111107,0.044346
428457.375937,-7.781346,-1.119623,50.230484,-1.145792,-0.850540,50.493565,428457.415661,428457.314522,0,10100,1,-0.568477,9.228199,58.875980,-0.095666,0.111107,0.044346
428457.379857,-7.698783,-1.127806,50.245975,-1.059098,-0.858630,50.492165,428457.419627,428457.331195,0,10101,1,-0.587346,9.288255,58.948586,-0.101020,0.111041,0.044786
428457.383895,-7.617783,-1.134978,50.252316,-0.978098,-0.865802,50.498508,428457.423641,428457.331195,0,10102,1,-0.587346,9.288255,58.948586,-0.101020,0.111041,0.044786
428457.387878,-7.539934,-1.141286,50.258022,-0.900248,-0.872109,50.504215,428457.427615,428457.331195,0,10103,1,-0.587346,9.288255,58.948586,-0.101020,0.111041,0.044786
428457.392023,-7.464520,-1.146809,50.263161,-0.824835,-0.877633,50.509350,428457.431768,428457.331195,0,10104,1,-0.587346,9.288255,58.948586,-0.101020,0.111041,0.044786
428457.397109,-7.489686,-1.160992,50.174339,-0.849635,-0.893871,50.418678,428457.436810,428457.348181,0,10105,1,-0.646772,9.267022,58.817459,-0.100212,0.104341,0.045266
428457.401147,-7.513416,-1.175257,50.174339,-0.873365,-0.908136,50.418678,428457.440900,428457.348181,0,10106,1,-0.646772,9.267022,58.817459,-0.100212,0.104341,0.045266
428457.404771,-7.535906,-1.188620,50.174339,-0.895855,-0.921499,50.418678,428457.444481,428457.348181,0,10107,1,-0.646772,9.267022,58.817459,-0.100212,0.104341,0.045266
428457.408481,-7.557358,-1.201206,50.174339,-0.917307,-0.934085,50.418678,428457.448174,428457.348181,0,10108,1,-0.646772,9.267022,58.817459,-0.100212,0.104341,0.045266
428457.413448,-7.633681,-1.218459,50.134274,-0.992009,-0.951831,50.358681,428457.453153,428457.364861,0,10109,1,-0.575062,9.228851,58.739967,-0.094283,0.108909,0.045387
428457.417095,-7.706441,-1.235113,50.133270,-1.064769,-0.968485,50.357681,428457.456848,428457.364861,0,10110,1,-0.575062,9.228851,58.739967,-0.094283,0.108909,0.045387
428457.421144,-7.777349,-1.251126,50.132374,-1.135677,-0.984498,50.356781,428457.460892,428457.364861,0,10111,1,-0.575062,9.228851,58.739967,-0.094283,0.108909,0.045387
428457.425939,-7.847648,-1.266758,50.131561,-1.205976,-1.000130,50.355972,428457.465560,428457.364861,0,10112,1,-0.575062,9.228851,58.739967,-0.094283,0.108909,0.045387
428457.430149,-7.764073,-1.274432,50.330463,-1.122169,-1.008568,50.537907,428457.469901,428457.381542,0,10113,1,-0.565331,9.288786,58.947102,-0.100825,0.113729,0.044708
428457.433603,-7.685017,-1.282268,50.330463,-1.043113,-1.016404,50.537907,428457.473318,428457.381542,0,10114,1,-0.565331,9.288786,58.947102,-0.100825,0.113729,0.044708
428457.438004,-7.608842,-1.290106,50.330463,-0.966937,-1.024242,50.537907,428457.477761,428457.381542,0,10115,1,-0.565331,9.288786,58.947102,-0.100825,0.113729,0.044708
428457.442075,-7.535585,-1.297891,50.330463,-0.893680,-1.032027,50.537907,428457.481772,428457.381542,0,10116,1,-0.565331,9.288786,58.947102,-0.100825,0.113729,0.044708
428457.445987,-7.517056,-1.300330,50.373093,-0.876118,-1.031824,50.545475,428457.485756,428457.398222,0,10117,1,-0.607485,9.245913,58.976273,-0.094535,0.105685,0.047326
428457.450715,-7.498736,-1.301718,50.374096,-0.857798,-1.033213,50.546474,428457.490475,428457.398222,0,10118,1,-0.607485,9.245913,58.976273,-0.094535,0.105685,0.047326
428457.454431,-7.480561,-1.303274,50.374996,-0.839622,-1.034768,50.547375,428457.494174,428457.398222,0,10119,1,-0.607485,9.245913,58.976273,-0.094535,0.105685,0.047326
428457.459412,-7.461866,-1.305093,50.375805,-0.820928,-1.036588,50.548183,428457.499123,428457.398222,0,10120,1,-0.607485,9.245913,58.976273,-0.094535,0.105685,0.047326
428457.462936,-7.545938,-1.315797,50.163197,-0.909863,-1.048690,50.321018,428457.502694,428457.414903,0,10121,1,-0.578004,9.246759,58.744953,-0.093508,0.108199,0.043603
428457.466407,-7.605685,-1.326894,50.163197,-0.969609,-1.059788,50.321018,428457.506132,428457.414903,0,10122,1,-0.578004,9.246759,58.744953,-0.093508,0.108199,0.043603
428457.471596,-7.699526,-1.338180,50.163197,-1.063450,-1.071073,50.321018,428457.511336,428457.414903,0,10123,1,-0.578004,9.246759,58.744953,-0.093508,0.108199,0.043603
428457.475588,-7.774012,-1.349358,50.163197,-1.137936,-1.082251,50.321018,428457.515315,428457.414903,0,10124,1,-0.578004,9.246759,58.744953,-0.093508,0.108199,0.043603
428457.479139,-7.684223,-1.346745,50.326885,-1.049861,-1.079180,50.489735,428457.518840,428457.431584,0,10125,1,-0.560369,9.305181,58.918125,-0.099523,0.113909,0.045663
428457.483929,-7.597626,-1.344449,50.326885,-0.963264,-1.076884,50.489735,428457.523680,428457.431584,0,10126,1,-0.560369,9.305181,58.918125,-0.099523,0.113909,0.045663
428457.488007,-7.514024,-1.342601,50.326885,-0.879662,-1.075036,50.489735,428457.527702,428457.431584,0,10127,1,-0.560369,9.305181,58.918125,-0.099523,0.113909,0.045663
428457.491953,-7.432965,-1.341156,50.326885,-0.798603,-1.073590,50.489735,428457.531695,428457.431584,0,10128,1,-0.560369,9.305181,58.918125,-0.099523,0.113909,0.045663
428457.497253,-7.477943,-1.330756,50.231972,-0.843117,-1.064310,50.393700,428457.537003,428457.448264,0,10129,1,-0.618957,9.196123,58.809845,-0.088191,0.102106,0.042848
428457.499907,-7.519446,-1.321728,50.231972,-0.884620,-1.055281,50.393700,428457.539662,428457.448264,0,10130,1,-0.618957,9.196123,58.809845,-0.088191,0.102106,0.042848
428457.504952,-7.559174,-1.313265,50.231972,-0.924348,-1.046818,50.393700,428457.544647,428457.448264,0,10131,1,-0.618957,9.196123,58.809845,-0.088191,0.102106,0.042848
428457.508950,-7.591006,-1.294434,50.277561,-0.954166,-1.027174,50.439663,428457.548739,428457.464945,0,10132,1,-0.503276,9.250068,58.863979,-0.094787,0.118332,0.042019
428457.513625,-7.621072,-1.275899,50.278561,-0.984232,-1.008639,50.440662,428457.553376,428457.464945,0,10133,1,-0.503276,9.250068,58.863979,-0.094787,0.118332,0.042019
428457.517034,-7.649853,-1.258314,50.279461,-1.013012,-0.991055,50.441563,428457.556693,428457.464945,0,10134,1,-0.503276,9.250068,58.863979,-0.094787,0.118332,0.042019
428457.520711,-7.677740,-1.241450,50.280273,-1.040899,-0.974190,50.442371,428457.560404,428457.464945,0,10135,1,-0.503276,9.250068,58.863979,-0.094787,0.118332,0.042019
428457.525078,-7.613933,-1.228968,50.520210,-0.972158,-0.962382,50.640240,428457.564826,428457.481625,0,10136,1,-0.579279,9.208998,59.077122,-0.090546,0.107668,0.042796
428457.529398,-7.549038,-1.216978,50.520210,-0.907263,-0.950392,50.640240,428457.569152,428457.481625,0,10137,1,-0.579279,9.208998,59.077122,-0.090546,0.107668,0.042796
428457.534457,-7.484220,-1.204902,50.520210,-0.842445,-0.938316,50.640240,428457.574217,428457.481625,0,10138,1,-0.579279,9.208998,59.077122,-0.090546,0.107668,0.042796
428457.538058,-7.421256,-1.193112,50.520210,-0.779481,-0.926526,50.640240,428457.577737,428457.481625,0,10139,1,-0.579279,9.208998,59.077122,-0.090546,0.107668,0.042796
428457.541441,-7.461858,-1.192376,50.382423,-0.821166,-0.924390,50.480885,428457.581195,428457.498306,0,10140,1,-0.568796,9.216180,58.930248,-0.092269,0.109271,0.045921
428457.546221,-7.501187,-1.190567,50.382423,-0.860495,-0.922581,50.480885,428457.585975,428457.498306,0,10141,1,-0.568796,9.216180,58.930248,-0.092269,0.109271,0.045921
428457.549849,-7.538405,-1.188537,50.382423,-0.897714,-0.920551,50.480885,428457.589606,428457.498306,0,10142,1,-0.568796,9.216180,58.930248,-0.092269,0.109271,0.045921
428457.554862,-7.574509,-1.186145,50.382423,-0.933817,-0.918159,50.480885,428457.594594,428457.498306,0,10143,1,-0.568796,9.216180,58.930248,-0.092269,0.109271,0.045921
428457.559154,-7.567926,-1.193723,50.266266,-0.926704,-0.927457,50.380497,428457.598952,428457.514986,0,10144,1,-0.611990,9.204657,58.820927,-0.090723,0.107259,0.043872
428457.562602,-7.561254,-1.201505,50.266266,-0.920031,-0.935238,50.380497,428457.602402,428457.514986,0,10145,1,-0.611990,9.204657,58.820927,-0.090723,0.107259,0.043872
428457.567801,-7.554469,-1.208800,50.266266,-0.913247,-0.942533,50.380497,428457.607506,428457.514986,0,10146,1,-0.611990,9.204657,58.820927,-0.090723,0.107259,0.043872
428457.571726,-7.549685,-1.224001,50.302010,-0.911462,-0.956915,50.407898,428457.611492,428457.531667,0,10147,1,-0.615270,9.245843,58.871044,-0.094260,0.106240,0.045868
428457.575142,-7.546326,-1.237961,50.303009,-0.908103,-0.970876,50.408897,428457.614895,428457.531667,0,10148,1,-0.615270,9.245843,58.871044,-0.094260,0.106240,0.045868
428457.579579,-7.542762,-1.251401,50.303909,-0.904539,-0.984315,50.409798,428457.619337,428457.531667,0,10149,1,-0.615270,9.245843,58.871044,-0.094260,0.106240,0.045868
428457.583642,-7.539048,-1.264321,50.304722,-0.900826,-0.997236,50.410606,428457.623386,428457.531667,0,10150,1,-0.615270,9.245843,58.871044,-0.094260,0.106240,0.045868
428457.588718,-7.549212,-1.299084,50.321407,-0.914531,-1.034850,50.401733,428457.628373,428457.548348,0,10151,1,-0.634371,9.417208,58.935196,-0.108596,0.105459,0.040946
428457.592939,-7.560650,-1.334190,50.324921,-0.925969,-1.069955,50.405251,428457.632693,428457.548348,0,10152,1,-0.634371,9.417208,58.935196,-0.108596,0.105459,0.040946
428457.596938,-7.571619,-1.368204,50.328087,-0.936937,-1.103969,50.408417,428457.636690,428457.548348,0,10153,1,-0.634371,9.417208,58.935196,-0.108596,0.105459,0.040946
428457.601010,-7.582140,-1.401119,50.330936,-0.947458,-1.136884,50.411263,428457.640391,428457.548348,0,10154,1,-0.634371,9.417208,58.935196,-0.108596,0.105459,0.040946
428457.604597,-7.592329,-1.433261,50.333500,-0.957647,-1.169026,50.413826,428457.644337,428457.548348,0,10155,1,-0.634371,9.417208,58.935196,-0.108596,0.105459,0.040946
428457.607957,-7.540812,-2.112817,50.347378,-0.912322,-1.852667,50.410450,428457.647710,428457.565028,0,10156,1,-0.603044,9.847190,59.029408,-0.147043,0.114832,0.037479
428457.612374,-7.493620,-2.166840,50.352104,-0.865130,-1.906690,50.415176,428457.652048,428457.565028,0,10157,1,-0.603044,9.847190,59.029408,-0.147043,0.114832,0.037479
428457.617230,-7.446927,-2.229593,50.356358,-0.818437,-1.969443,50.419434,428457.656932,428457.565028,0,10158,1,-0.603044,9.847190,59.029408,-0.147043,0.114832,0.037479
428457.621593,-7.397634,-2.176799,50.355556,-0.780235,-1.920308,50.417564,428457.661346,428457.581709,0,10159,1,-0.658411,10.211828,59.034451,-0.181622,0.112372,0.042877
428457.625049,-7.355153,-2.188315,50.354355,-0.737754,-1.931825,50.416363,428457.664798,428457.581709,0,10160,1,-0.658411,10.211828,59.034451,-0.181622,0.112372,0.042877
428457.629463,-7.312820,-2.232871,50.353275,-0.695422,-1.976381,50.415283,428457.669219,428457.581709,0,10161,1,-0.658411,10.211828,59.034451,-0.181622,0.112372,0.042877
