captureTime,frameNumber,leftEyes[0].x,leftEyes[0].y,leftEyes[1].x,leftEyes[1].y,rightEyes[0].x,rightEyes[0].y,rightEyes[1].x,rightEyes[1].y,leftEyes[0].x.2d,leftEyes[0].y.2d,leftEyes[1].x.2d,leftEyes[1].y.2d,rightEyes[0].x.2d,rightEyes[0].y.2d,rightEyes[1].x.2d,rightEyes[1].y.2d
365648.3087,10,256.2091064,265.0076294,315.6159058,264.2745361,297.0045776,266.0185852,356.3776855,265.5710754,256.2091064,265.0076294,315.6159058,264.2745361,297.0045776,266.0185852,356.3776855,265.5710754
365648.3255,11,256.5126648,264.8242188,315.6246338,264.1467285,296.9784546,265.8555908,356.5771484,265.5845642,256.5126648,264.8242188,315.6246338,264.1467285,296.9784546,265.8555908,356.5771484,265.5845642
365648.3413,12,256.4699097,264.6790771,315.5015869,264.3660889,297.0926209,265.9167786,356.4869995,265.6539612,256.4699097,264.6790771,315.5015869,264.3660889,297.0926209,265.9167786,356.4869995,265.6539612
365648.3584,13,255.9747009,264.560791,315.5794373,264.2651367,296.9561157,265.6106567,356.4567871,265.4029541,255.9747009,264.560791,315.5794373,264.2651367,296.9561157,265.6106567,356.4567871,265.4029541
365648.3748,14,256.4858398,264.4047852,315.6942749,263.9532471,297.020752,265.6023254,356.5054932,265.2103882,256.2193604,264.7245789,315.5553894,264.2445984,296.9563904,265.811554,356.4284363,265.5273743
365648.3918,15,255.8937988,264.4753418,315.3234253,263.7546387,297.0570984,265.6621704,356.5194702,265.0422974,256.1749573,264.7005615,315.5250244,264.1846924,296.9703979,265.7937927,356.440033,265.4695129
365648.4081,16,256.0368652,264.2133789,315.442749,263.6427002,296.9022827,265.4505615,356.3604431,265.1567078,256.158905,264.6414795,315.5153503,264.1194458,296.9620972,265.7506714,356.4306641,265.4297485
365648.4246,17,256.4007263,264.0003662,315.3946533,263.4720459,297.03125,265.2636414,356.5712891,264.889679,256.1838684,264.567749,315.5032959,264.04422,296.9698181,265.6923828,356.4447327,265.3652649
365648.4414,18,256.0172119,263.897644,315.2365723,263.0873413,296.8251648,265.0827332,356.2511597,264.7086487,256.1678162,264.491333,315.4777527,263.9380493,296.95578,265.62146,356.4258423,265.286377
365648.4577,19,255.9403992,263.6018677,315.282959,263.2076416,296.8388977,264.9685669,356.3946533,264.7159729,256.1479492,264.3979187,315.460968,263.8591614,296.9450989,265.5477295,356.422699,265.2208252
365648.4748,20,255.7498169,263.4341431,315.4137573,262.8821411,296.9345093,264.7450562,356.511322,264.4534302,256.1283569,264.2493896,315.4660034,263.7063599,296.9517517,265.4234924,356.4453125,265.0925903
365648.4915,21,255.8484497,263.2218933,315.5180664,263.0054932,296.9456787,264.742981,356.4393005,264.4595642,256.1234131,264.0815125,315.4666748,263.5663757,296.9607544,265.2980652,356.4520264,264.9656677
365648.5077,22,255.9675903,263.430481,315.3970947,263.1334839,297.0239258,264.7797852,356.4076538,264.4190979,256.1034241,263.9545593,315.4483337,263.4730835,296.9624939,265.1993103,356.4543762,264.8714294
365648.5249,23,256.2114868,263.5812988,315.5081482,262.7171021,297.1536255,264.7261047,356.7629089,264.3985291,256.0806274,263.8585815,315.4407654,263.3533325,296.9794006,265.1127625,356.4719849,264.7720032
365648.5416,24,256.4283447,263.565918,315.9059448,262.9265747,297.3302612,264.7989807,356.8266602,264.3869934,256.0808716,263.7795105,315.4769287,263.2485352,297.0028992,265.0333252,356.5027771,264.6816101
365648.5577,25,256.4305115,263.3947144,316.1177673,262.9497681,297.621521,264.6207581,357.0910645,264.5375061,256.1223145,263.6890564,315.5275879,263.1579895,297.0617981,264.95755,356.5614319,264.62854
365648.5748,26,256.8796997,263.5651245,316.4450684,263.2688599,297.5942993,264.8362732,357.4205322,264.6499939,256.1734924,263.6349182,315.6139526,263.1236267,297.1279602,264.9095459,356.661438,264.6045227
365648.5914,27,256.8113403,263.5914917,316.2350464,263.3262939,297.9026794,264.811615,357.3861084,264.5809631,256.2679138,263.5841064,315.7091675,263.1072083,297.2164001,264.8614807,356.7529297,264.5853577
365648.6083,28,257.0748291,263.7241211,316.4384155,263.421936,298.1470032,264.9715881,357.6004028,264.6643372,256.3809814,263.566864,315.8180237,263.1134644,297.3466797,264.8451538,356.8821411,264.5689697
365648.6247,29,257.3203125,263.6953735,316.3887329,263.3911133,298.3033447,265.0004272,357.8830566,264.6624451,256.5041199,263.5603943,315.9369202,263.1248169,297.4992065,264.8421326,357.0275269,264.5680847
365648.6419,30,257.4024353,263.7412109,316.68396,263.4616699,298.3478699,265.067627,358.0601807,264.6566772,256.6460266,263.5644531,316.0778503,263.1655273,297.6525574,264.8579712,357.1985779,264.5733032
365648.6582,31,257.3019409,263.7849731,316.7842407,263.3614502,298.4853821,264.9653625,358.3704834,264.7304993,256.7730408,263.5880127,316.2210083,263.1878967,297.8033142,264.8659973,357.3812561,264.5840759
365648.6751,32,257.3127441,264.0408325,317.1455078,263.4506836,298.507019,265.1689148,358.2041016,264.8703003,256.8983154,263.6456909,316.3742065,263.2367859,297.9293823,264.9084473,357.53125,264.6203613
365648.691,33,257.8538818,263.9440308,317.4066772,263.3294067,298.7147827,264.9883423,358.4765015,264.7007141,257.0684814,263.6989136,316.5421753,263.2570801,298.0798645,264.921936,357.7116089,264.633728
365648.708,34,257.8106689,264.2909546,317.2963257,263.3468018,298.8970947,265.2213135,358.6360779,264.7206726,257.2158813,263.7722473,316.6914978,263.2695313,298.2297668,264.9603577,357.8883362,264.6535645
365648.7248,35,257.7146912,264.1118164,317.4142456,263.4682007,298.8457947,265.2377319,358.8252869,264.8669739,257.3277283,263.8109131,316.8434753,263.3225708,298.3573608,264.9974365,358.0533447,264.6830139
365648.7422,36,257.598999,263.869751,317.3110352,263.2249756,298.8136597,264.9405823,358.7331543,264.6872253,257.4068298,263.8266907,316.9465942,263.3384399,298.4625244,264.9996643,358.1982422,264.6990356
365648.7581,37,257.7026367,264.0045166,317.578949,263.2487793,298.7196655,264.9647217,358.7820435,264.7478027,257.4919739,263.8733521,317.0596924,263.3597107,298.5331726,265.0242004,358.3305054,264.7129211
365648.7748,38,257.8129883,263.7930298,317.5235596,263.4006348,298.8053894,264.9327698,358.6342163,264.6235352,257.5539551,263.8884277,317.1408997,263.3694153,298.6183167,265.0283203,358.4229431,264.7094421
365648.7914,39,257.8476563,263.4630737,317.5497437,263.2471313,298.9696655,264.734314,358.7755127,264.6985474,257.6262512,263.870575,317.2315369,263.3609924,298.6931458,265.01474,358.5198364,264.7174072
365648.8084,40,257.8513184,263.5282593,317.2011719,263.2655029,299.0918579,264.9266663,358.5576172,264.7714233,257.6834106,263.850647,317.2654419,263.3477478,298.7643433,265.0073853,358.5699463,264.7261353
365648.8255,41,258.0738525,263.5845337,317.5398865,263.2463379,299.0714111,264.9225464,358.6921387,264.6688843,257.745575,263.8383484,317.3399963,263.3346252,298.8277283,264.9978027,358.6159973,264.7256165
365648.8414,42,257.9240417,263.5174561,317.4489746,262.7294312,299.137085,264.8231506,358.8260193,264.4771729,257.7844238,263.8165894,317.3870544,263.2692261,298.8888855,264.9743652,358.6631165,264.7062683
365648.858,43,257.9854736,263.4921875,317.2706909,262.9892578,298.9242554,264.7970581,358.6050415,264.5414124,257.8282776,263.7889099,317.4064331,263.2363586,298.912384,264.9570618,358.661499,264.6886597
365648.8748,44,258.2498169,263.3236694,317.5795288,262.7722778,299.1307983,264.8197021,358.8808594,264.4804077,257.8991089,263.729126,317.4349976,263.1789246,298.9570618,264.9279175,358.7103271,264.6552734
365648.8913,45,258.0282898,263.3095398,317.5950928,262.9568481,299.1514893,264.5387268,358.7413025,264.4973755,257.9119873,263.6706543,317.4485474,263.1451416,298.9917908,264.8848877,358.7302246,264.6355896
365648.9085,46,257.953125,263.3791504,317.6802979,262.7662964,299.1925659,264.8359985,358.6506042,264.2929993,257.9223328,263.598938,317.4783325,263.0941162,299.0148926,264.8570251,358.7292175,264.59729
365648.9247,47,258.0853271,263.5930786,317.31604,262.7053833,299.0396729,264.9859924,358.5080566,264.3110352,257.9486389,263.5624695,317.4658203,263.0306396,299.0264587,264.842804,358.6984863,264.5510559
365648.9414,48,258.1349487,263.1448975,317.5629272,262.5800781,299.2582397,264.5923767,358.7424316,264.318634,257.9881287,263.5007019,317.4868774,262.9747314,299.0583496,264.8124084,358.6992798,264.518158
365648.9576,49,258.2559814,263.1090088,317.6326599,262.4655151,299.3091431,264.3869934,358.7766724,264.1439514,258.0292969,263.4255371,317.494751,262.9072266,299.1025391,264.7637024,358.70224,264.4656067
365648.9745,50,258.2098999,263.1325073,317.4196777,262.4008179,299.09552,264.6035767,358.6768799,264.2737122,258.0578918,263.3713074,317.4847412,262.823822,299.1222229,264.7371216,358.7044067,264.4363709
365648.991,51,258.1571655,263.0824585,317.6896362,262.8986816,299.1994324,264.5720825,358.5627136,264.375061,258.0809937,263.3371887,317.4972534,262.7992249,299.1386719,264.7211914,358.687561,264.4138794
365649.0081,52,258.3493347,263.1325073,317.5665894,262.7687988,299.0636597,264.307312,358.5706482,264.3555603,258.1202393,263.3029785,317.5250244,262.7628174,299.1340637,264.6683655,358.6859436,264.3841858
365649.0251,53,258.2724609,262.8835449,317.7838135,262.5563354,299.1524353,264.4981995,358.7218628,264.4536438,258.1362915,263.2444458,317.5462036,262.7097168,299.1403503,264.6328735,358.6893005,264.3706665
365649.0414,54,258.2398071,263.0508423,317.5517578,262.8059692,299.2026672,264.4593811,358.4552917,264.3766785,258.1624451,263.2062988,317.5542908,262.7174683,299.1456299,264.603302,358.6579285,264.3636475
365649.058,55,258.2751465,262.9784546,317.8516846,262.7677612,299.2171021,264.6248169,358.9414063,264.4773254,258.1858521,263.165863,317.6031799,262.7031555,299.1693115,264.5913086,358.6864319,264.3624268
365649.0751,56,258.3206787,263.0515747,317.628479,262.5342407,299.0473022,264.4217529,358.549408,264.3023376,258.1916504,263.1440735,317.6073608,262.6832275,299.1622314,264.5590515,358.6589355,264.3475342
365649.092,57,258.3502197,263.0906372,317.519043,262.6591797,298.9030151,264.4262085,358.4896851,264.2689209,258.217804,263.1255188,317.6006775,262.660675,299.1408691,264.5493469,358.6375732,264.3307495
365649.1084,58,258.4210205,263.0330811,317.5206909,262.2203369,298.9191589,264.65271,358.1736755,263.8991699,258.2561951,263.1001282,317.5863953,262.6107178,299.1174927,264.5375366,358.5968323,264.293457
365649.1245,59,258.3235779,262.9337158,317.4989624,262.3097534,299.115448,264.3617249,358.1538086,264.0501404,258.2756042,263.049408,317.6001587,262.57547,299.1233521,264.4897766,358.5658569,264.2694397
365649.1419,60,258.5400391,262.8191528,317.564209,262.3377075,299.0582886,264.4140625,358.437561,264.221283,258.3097229,263.0220642,317.6002502,262.5543823,299.1070557,264.4746704,358.5404663,264.260437
365649.1581,61,258.1607361,262.9536743,317.4775391,262.3349609,299.1362305,264.3349915,358.5374756,264.089386,258.3018494,263.0084534,317.5878296,262.5413513,299.0926819,264.4696655,358.5210266,264.2537537
365649.1748,62,258.4345093,262.7426147,317.6228638,262.2720947,299.2383423,264.3141785,358.4084473,264.1615295,258.3208313,262.9760742,317.6045227,262.5300598,299.1048584,264.4457092,358.4984436,264.2438354
365649.1916,63,258.1903687,262.6147156,317.6318359,262.3490601,298.8758545,264.125,358.3127136,264.2142639,258.322937,262.9355164,317.599762,262.4854126,299.07724,264.4068298,358.4776001,264.2315979
365649.2082,64,258.1850586,262.8654175,317.3772888,262.1575928,298.8984985,264.3143005,358.1691589,264.0951843,258.3084106,262.9128418,317.5820923,262.4342346,299.0626526,264.4070129,358.4422913,264.2096252
365649.225,65,257.9544678,262.5545654,317.2440796,262.0946045,298.992218,264.2157898,357.9088745,263.889801,258.2804565,262.8819275,317.5349426,262.3928223,299.047821,264.3799744,358.3723755,264.159729
365649.2416,66,258.0196533,262.5478516,317.1356812,262.0840454,298.6380005,264.0157166,358.0651855,263.8512268,258.2586365,262.8369751,317.4951477,262.3321228,298.9973145,264.3399658,358.3347473,264.115387
365649.2585,67,257.8560791,262.3674927,316.9046021,261.9487,298.5877686,263.9136353,357.6169434,263.7591553,258.219635,262.7829285,317.4129334,262.2640076,298.9407959,264.2775574,358.2210693,264.0556641
365649.2756,68,257.8428955,262.1764526,316.783783,261.8517456,298.7086182,263.8759155,357.5166016,263.6184692,258.1746216,262.7035522,317.3340454,262.2032471,298.9073486,264.2256165,358.1265259,263.994812
365649.291,69,257.8044434,262.2310791,316.6052856,261.7977905,298.3278198,263.8217468,357.4583435,263.4160156,258.117981,262.6282959,317.2443542,262.1289368,298.8482666,264.1716309,358.0270081,263.9212036
365649.3082,70,257.6199646,262.0020752,316.5253906,261.368042,298.4672852,263.654541,357.2243042,263.300293,258.0394287,262.5341797,317.1408691,262.0414734,298.7987976,264.0802307,357.9273682,263.8548584
365649.3254,71,257.6439819,261.774292,316.618103,261.4746704,298.5720825,263.444519,357.3300781,263.4303284,257.9787903,262.424408,317.0552979,261.960022,298.7495117,263.9906616,357.8465271,263.7913513
365649.3412,72,257.8134155,261.7564697,316.8207397,261.3612671,298.5950928,263.3936157,357.1680908,263.1504822,257.9240723,262.3251648,316.9942932,261.8681946,298.7167664,263.894928,357.7416992,263.6916504
365649.3581,73,257.9783325,261.6186218,316.6252441,261.1558838,298.3791809,263.328064,357.5745544,263.2718811,257.9125977,262.2073059,316.9308167,261.7622375,298.6574097,263.8044128,357.6690063,263.6158447
365649.3755,74,258.3010864,261.560791,316.8302612,261.2769775,298.596283,263.197937,357.3502808,263.0776978,257.9180603,262.1030884,316.8760071,261.6765137,298.6204834,263.705658,357.5921021,263.5227051
365649.3914,75,258.0509644,261.6353149,316.7159119,261.277771,298.7853394,263.3927612,357.4555054,262.9975281,257.9159546,262.021698,316.813446,261.5921631,298.6224365,263.6448669,357.5344238,263.426239
365649.4082,76,258.2994385,261.5874634,316.9210815,261.166687,298.8673706,263.0350647,357.7029724,263.0187073,257.9393616,261.9206543,316.7926025,261.5139771,298.633728,263.5437317,357.5127258,263.3409119
365649.4245,77,258.1109619,261.5843506,316.9611206,261.0820007,298.9034119,263.3352356,357.6760254,263.0458374,257.9625854,261.8486938,316.7829895,261.4339905,298.6365051,263.479248,357.5072937,263.2749939
365649.4417,78,258.8510742,261.3588257,317.3471069,260.8034668,299.028656,263.0791626,357.8172607,262.8912659,258.0477905,261.7536926,316.8221741,261.3297729,298.6849976,263.4052734,357.5082092,263.1975098
365649.4589,79,258.2091675,261.4719238,317.1496582,260.7822266,298.9765015,263.1729431,357.9122009,262.8411255,258.0801086,261.6863709,316.854126,261.2359009,298.7202454,263.3508606,357.544342,263.1243286
365649.4746,80,258.6695251,261.0181885,317.5043945,260.8178711,299.1094666,262.944458,357.8024902,262.7590027,258.1583862,261.5890503,316.924408,261.153717,298.763031,263.2724304,357.5783997,263.0566711
365649.4914,81,258.8002319,260.9558716,317.3834839,260.8152466,299.2218018,262.868866,357.8636475,262.7037964,258.2424011,261.4849854,316.9910278,261.075592,298.8385925,263.1952209,357.6139221,263.0010681
365649.5089,82,258.5987244,261.3940125,317.3709412,260.6837158,299.0892334,263.0089417,357.7087402,262.5999451,258.3155518,261.4428406,317.053772,261.0152893,298.882019,263.1499634,357.6465759,262.9394531
365649.5249,83,258.5217285,261.0667114,317.31427,260.6298828,298.9510193,262.8826599,357.669281,262.5357971,258.3819885,261.3832703,317.1074524,260.9467163,298.9068909,263.1025391,357.6705322,262.8667297
365649.5417,84,258.4154053,261.0600586,317.1790771,260.6832886,298.9786072,262.6722717,357.6238403,262.4155579,258.4247131,261.3251038,317.1299744,260.8909302,298.9313965,263.0422974,357.7011719,262.8061829
365649.558,85,258.5596619,260.9053955,317.2089233,260.5953979,298.9882202,262.6972961,357.6727295,262.3162537,258.4649048,261.2657471,317.1730042,260.8461914,298.9739075,262.9898071,357.7037354,262.7285156
365649.5744,86,258.3386841,261.0457764,316.8944702,260.5744019,298.8966675,262.6464233,357.4623413,262.3630676,258.4608154,261.2254028,317.1664429,260.7929993,298.9916687,262.9464111,357.7011719,262.6743164
365649.5916,87,258.0268555,260.8339233,316.8236084,260.5479126,298.6188965,262.5371399,357.1975708,262.5464478,258.4447937,261.1612549,317.1599731,260.7382202,298.9638367,262.8777466,357.6642151,262.6427917
365649.6086,88,257.982666,260.8845215,316.664856,260.2080078,298.3908997,262.5093384,357.1862793,262.1337585,258.4058228,261.1050415,317.1268616,260.6594543,298.9115601,262.8363037,357.6094055,262.5701599
365649.6251,89,257.6532593,260.7689209,316.1702881,260.5263062,297.9577332,262.4632568,356.7119141,262.3628235,258.3464355,261.0406494,317.0401917,260.618866,298.8114929,262.7672119,357.5083008,262.5189514
365649.6414,90,257.3327637,260.7115479,315.9527588,260.3025513,297.5121765,262.3702698,356.3908386,262.2130432,258.1831665,260.9876404,316.8848877,260.5780945,298.6483765,262.7090454,357.3503113,262.4634094
365649.6581,91,256.5262451,260.8234253,315.166748,260.5365906,297.214386,262.4808655,355.9247437,262.2971497,257.9490662,260.938324,316.6316223,260.5606079,298.4076843,262.6560974,357.0966797,262.421051
365649.6744,92,256.1474609,260.7125244,314.8118896,260.5024414,296.6882935,262.4243774,355.3795776,262.1438599,257.6254272,260.9121094,316.2974548,260.536499,298.0924377,262.61203,356.7850037,262.3719788
365649.691,93,255.6047058,260.7258911,314.2546387,260.4137573,296.0463867,262.2662964,354.6433105,262.1310425,257.210144,260.8910522,315.8797913,260.505249,297.678833,262.5599365,356.3596802,262.3264465
365649.7077,94,254.3570557,261.0636597,313.5664673,260.6902466,295.0230103,262.6422424,354.2319336,262.0820313,256.5870361,260.8730774,315.3343506,260.5089111,297.070343,262.5389099,355.8415527,262.2864075
365649.7244,95,253.651535,260.9691772,312.7160645,260.5581055,294.3540649,262.3750916,353.1961365,262.0587463,255.8215179,260.8687744,314.6250916,260.5045776,296.3276062,262.5004578,355.1427002,262.2483215
365649.7411,96,253.0101776,261.0297241,311.6777344,260.4771729,293.4587097,262.4118958,352.4450684,261.8869324,254.9348145,260.869873,313.7485657,260.4875488,295.4313354,262.4823608,354.2930603,262.2044067
365649.7577,97,251.8499603,260.914978,310.653656,260.3753052,292.289856,262.2814026,351.5574646,261.8442993,253.8525696,260.871582,312.7178955,260.4674988,294.3500366,262.4486389,353.2990723,262.1633606
365649.7748,98,250.7882996,261.2350464,309.6588745,260.6320801,291.3053589,262.267395,350.3804932,261.9880066,252.6056061,260.891449,311.505127,260.4753723,293.0996704,262.4211426,352.0990906,262.1351624
365649.7911,99,249.4716644,261.2623291,308.6205444,260.4749756,290.0968628,262.2892761,349.089325,261.8427124,251.1264343,260.9291077,310.0914917,260.4708252,291.6232605,262.4024353,350.6933594,262.0780945
365649.8081,100,248.4647675,261.2306519,307.2089844,260.6142273,288.9722595,262.315155,347.8300781,261.7530212,249.5687714,260.9588013,308.524292,260.5032043,290.0738525,262.3871155,349.134491,262.0448303
365649.8255,101,247.2169189,261.3134766,306.0455933,260.5754395,287.6450195,262.2281189,346.748291,261.6312561,247.8535767,261.004364,306.8204041,260.5076904,288.368988,262.3677063,347.4440308,261.9842834
365649.8425,102,245.6463318,261.3726807,304.4697266,260.7196655,286.0867004,262.1940002,345.1958008,261.536377,246.3900299,261.0588074,305.3601074,260.5414124,286.9271851,262.3523254,346.0077209,261.9268799
365649.858,103,244.1292419,261.2050781,303.2993774,260.6333008,284.6876831,261.9968872,343.7803955,261.5538025,244.8933105,261.0879517,303.9011841,260.5522461,285.4196472,262.3093567,344.5256958,261.8677063
365649.8747,104,242.536438,261.6077271,301.505249,260.545105,282.9605103,262.1282043,342.3836365,261.2988586,243.3104706,261.162384,302.3340454,260.555542,283.8270874,262.2845154,342.9844666,261.7970276
365649.8913,105,240.7575684,261.4484863,299.7838135,260.8364258,281.1646729,261.8970642,340.8039246,261.5359802,241.6241913,261.2210693,300.6648865,260.5913391,282.1379089,262.2522278,341.3679199,261.7480469
365649.9085,106,239.1346893,261.7227173,298.206543,260.6703491,279.5773315,261.8233337,338.7789307,261.2371216,239.8549194,261.2767944,298.9476013,260.5898438,280.3500366,262.1847839,339.6428833,261.6777649
365649.9243,107,237.2404022,261.5387573,296.6397095,260.7200928,277.6995239,261.6372986,337.1780701,261.2119446,238.0055847,261.3232727,297.1923523,260.6035156,278.4804077,262.1223145,337.8924866,261.6073608
365649.9413,108,235.585495,261.4994507,295.0006104,260.5806274,276.2861633,261.4656067,335.5706482,261.0620728,236.19104,261.3612061,295.4371948,260.6111755,276.6868896,262.0422363,336.1209106,261.5376282
365649.9579,109,234.269989,261.3577271,293.3304443,260.381897,274.5823059,261.3504028,334.0971375,260.7172852,234.4184113,261.3927002,293.7019348,260.6042175,274.9036255,261.959259,334.3742065,261.4362488
365649.9743,110,232.7327118,261.045105,291.7609863,260.2959595,273.3129272,260.8970032,332.5224304,260.5169373,232.7321167,261.365448,291.9837036,260.5671692,273.2225952,261.8336182,332.6593018,261.3045959
365649.992,111,231.5168304,260.748291,290.8180542,260.039856,272.2019959,260.638855,331.2624207,260.2199402,231.1856995,261.3003235,290.4368286,260.5106201,271.6811829,261.6738281,331.1103821,261.1490784
365650.0077,112,230.2864685,260.6036377,289.56073,259.989502,271.1726685,260.4165649,330.0964966,259.9230652,229.8046417,261.2180176,288.9978333,260.4330444,270.331665,261.4855347,329.6642761,260.9710693
365650.0244,113,229.7106934,260.3022156,288.6682739,259.9230347,270.2263489,260.1244507,329.0634766,259.8247681,228.6885986,261.092865,287.7775269,260.3480225,269.2229309,261.2693481,328.418335,260.7898865
365650.0412,114,228.4371033,260.4783325,287.6723633,259.812561,268.8158569,260.138092,328.3128662,259.8006897,227.5939178,260.9929504,286.7040405,260.2517395,268.1231079,261.0726318,327.337738,260.6245422
365650.0579,115,228.163681,260.1564941,287.2197266,259.7384033,268.6966553,260.0089417,327.9867859,259.5278931,226.8599243,260.8682251,285.9324951,260.1529541,267.3869934,260.8696289,326.5900269,260.4315186
365650.0743,116,227.6065369,260.2703857,286.9117432,259.7514648,268.0307617,260.1658325,327.2582397,259.7524719,226.2824249,260.7623901,285.3892212,260.0828857,266.8095093,260.7117004,326.0024414,260.2987061
365650.0913,117,227.0640717,260.2015381,286.5241699,259.7797852,267.7799072,259.9548645,326.8711853,259.626709,225.8514404,260.6614685,285.0340881,260.0087891,266.4042664,260.5528564,325.5911865,260.1535645
365650.1082,118,227.2490082,260.4787598,286.4075928,260.0889893,267.8076782,260.1626282,326.8775024,259.960968,225.7130585,260.5852356,284.8616333,259.9862061,266.2755432,260.4418945,325.4102173,260.0730896
365650.1251,119,227.1719208,260.3957214,286.4480591,260.0882568,267.690033,260.1319275,326.8300171,259.8528748,225.6889038,260.5169983,284.8822021,259.9642639,266.2563171,260.3434448,325.4177246,259.9905396
365650.1416,120,227.13591,260.5684814,286.7376709,260.0668945,267.8351746,260.1882629,326.9909363,260.0266724,225.813797,260.4751282,285.1003113,259.9554138,266.381073,260.2727356,325.609436,259.9382324
365650.1579,121,227.2422333,260.5551147,286.5083618,260.1171875,268.1015015,260.193634,327.1257629,260.2264099,226.0441742,260.4455872,285.3594666,259.96521,266.6570435,260.2136841,325.8561707,259.9291687
365650.1751,122,227.7194519,260.3619995,286.5733643,260.4719238,268.5901489,260.2826538,327.1837769,260.3875427,226.453537,260.4137878,285.6400452,260.0176697,267.0906067,260.1875916,326.1241455,259.9561768
365650.1916,123,227.6967163,260.8449707,286.8322754,260.5383301,268.3783875,260.5353394,327.4502869,260.2713318,226.8338928,260.4528809,286.0034485,260.0836487,267.4706726,260.210022,326.5020447,259.9848938
365650.2077,124,228.000473,260.7127075,287.416687,260.4726563,268.6598816,260.5370483,327.7442322,260.4009705,227.2685394,260.4823914,286.4602661,260.1399231,267.8864136,260.2404785,326.9414978,260.040741
365650.225,125,227.9415283,260.9575195,287.3413086,260.4029541,268.7738647,260.7150879,327.9900513,260.4294739,227.6540985,260.5511475,286.8489685,260.1877747,268.2983704,260.303833,327.3513184,260.098999
365650.2416,126,228.2581635,260.7573853,287.6297302,260.2747192,268.8605652,260.4162292,328.1065674,260.2876282,227.9412689,260.5762634,287.2153931,260.2188721,268.604187,260.3288879,327.7041016,260.1321411
365650.258,127,228.7044373,260.5011597,287.909729,260.2449341,269.3820496,260.4161682,328.1849976,260.2106018,228.3442841,260.5861511,287.5882263,260.2359314,269.0192566,260.3439636,328.0359497,260.1639099
365650.2749,128,228.5344696,260.7608032,288.0828857,260.1932983,269.3232422,260.5445862,328.5990601,260.2351685,228.4600372,260.6180115,287.7935791,260.2529602,269.1653748,260.3665466,328.2554626,260.1843567
365650.2911,129,228.8185272,260.6965942,288.4104004,260.4650269,269.6010132,260.5436401,328.7966919,260.3721008,228.5097198,260.6467285,287.8946228,260.2973328,269.2206116,260.4030457,328.3597717,260.2336731
365650.3088,130,228.8617554,260.9158936,288.3163452,260.4263916,269.5535584,260.7146301,328.8108521,260.2767029,228.5085602,260.6844177,287.9093323,260.3227539,269.2305298,260.4503174,328.3765259,260.2573242
365650.3244,131,229.2853241,260.7662964,288.7481079,260.2468872,269.9490051,260.6747742,329.0891724,260.3851624,228.5479431,260.7125854,287.9532776,260.3307495,269.282074,260.4928589,328.4170837,260.2964478
365650.3412,132,229.3848114,261.0145264,288.6625977,260.3840942,270.1804504,260.8424377,329.3618774,260.5133362,228.5961456,260.7511597,287.9661255,260.3544922,269.3383179,260.5487671,328.4670715,260.3343201
365650.3582,133,229.4995117,260.8991699,288.7402344,260.6115723,269.9873962,260.7070923,329.183197,260.3829956,228.7568359,260.7775574,288.1188354,260.394928,269.4680481,260.5892944,328.6052551,260.3466187
365650.3743,134,229.3688202,261.1318359,288.9285278,260.553833,270.2684021,260.909729,329.4624634,260.5611877,228.894577,260.8407593,288.2962646,260.4057922,269.6081848,260.6405945,328.7763062,260.3651123
365650.3923,135,229.4533386,261.0546265,289.0343018,260.6591187,270.4196167,260.9189148,329.62323,260.5752563,229.0266724,260.8615112,288.4619141,260.4199829,269.7640076,260.6758423,328.9395752,260.3945923
365650.4079,136,229.8240356,261.3238525,288.9626465,260.8280945,270.4743042,261.0101929,329.4185486,260.8158569,229.1739655,260.9126282,288.5721741,260.4535828,269.910553,260.7154541,329.0604858,260.4331055
365650.4248,137,229.5507507,261.4621582,289.0647583,260.6212769,270.3024902,261.1923828,329.3496399,260.6951294,229.279892,260.9633179,288.6893005,260.4754639,270.0097656,260.763855,329.1473084,260.4589539
365650.441,138,229.1954803,261.3251648,288.6422729,260.8759155,270.1251831,261.1065063,329.2695923,260.8375854,229.3157043,261.0138855,288.7339783,260.5301209,270.0728149,260.824646,329.2045288,260.5093384
365650.4576,139,229.6217499,261.0336609,288.7741699,260.696167,270.1816101,260.984436,329.2736206,260.8068237,229.3775024,261.0524902,288.769989,260.5667419,270.1248169,260.8662109,329.2592163,260.5580444
365650.4743,140,229.1229248,261.3545532,288.3357544,260.8035278,269.9450378,261.1130981,328.7357788,260.7380981,229.3821716,261.1013489,288.7406921,260.6152649,270.1322632,260.9129639,329.2202454,260.5976257
365650.4913,141,228.7312927,261.2136841,288.4141846,260.6014404,269.3927612,261.0599976,328.7322998,260.7373352,229.3192596,261.1403198,288.7047424,260.6248779,270.0592651,260.9518738,329.1785889,260.6263123
365650.5087,142,228.3484802,261.1685181,287.9978943,260.2049561,269.3158569,260.9282532,328.3413086,260.5353088,229.2157135,261.157959,288.6259766,260.5985107,269.9786682,260.9662476,329.0872498,260.6399536
365650.5244,143,228.4723358,261.0186768,287.7715759,260.4552002,269.137085,260.8112793,328.1578979,260.6053772,229.1137238,261.1713562,288.5083618,260.6096497,269.87677,260.9700012,328.9734192,260.6520691
365650.5414,144,227.883667,261.0009766,287.3769531,260.7114258,268.538208,260.8398743,327.7620239,260.6643677,228.9529266,261.165741,288.3690186,260.6346741,269.7042236,260.9653015,328.8078918,260.6624146
365650.5578,145,227.3960419,261.1173096,287.2319336,260.4457703,268.3062439,260.85495,327.4786987,260.6717834,228.7021179,261.1782532,288.1766663,260.6169434,269.4885864,260.9719849,328.5991821,260.6825562
365650.5747,146,227.190918,261.0344238,286.4039307,260.6676025,267.8993835,260.8415222,327.0570679,260.7365417,228.4081879,261.1670532,287.8572388,260.6254578,269.1787415,260.9631958,328.2896729,260.6961975
365650.5917,147,227.0027313,260.7662964,286.2650146,260.480896,267.6992798,260.5984802,326.5982361,260.218811,228.1109924,261.1358643,287.5332336,260.6051636,268.8590698,260.9293518,327.9443665,260.6610718
365650.608,148,226.9073944,261.2010498,286.3704529,260.4118042,267.2962036,260.7761841,326.7493286,260.5323792,227.8264465,261.1289063,287.2753906,260.5725098,268.5527649,260.9131165,327.6801147,260.6394653
365650.6242,149,226.698288,260.6575928,285.9689941,260.5465088,267.4410095,260.4266052,326.2470398,260.4779358,227.5724945,261.0610962,286.9865417,260.5663147,268.2980347,260.8485413,327.390686,260.6213989
365650.6411,150,226.597702,260.9691772,285.7437744,260.4572144,267.2784424,260.7313538,326.4422607,260.230011,227.3549805,261.0352173,286.7406311,260.5332336,268.0597839,260.8210449,327.1506958,260.5726013
365650.658,151,226.3520203,261.1418457,286.1210327,260.4229126,267.0954895,260.8115234,326.5074463,260.4696045,227.1198425,261.0464172,286.5703125,260.5122681,267.8399353,260.8088379,326.9709778,260.5462952
365650.6743,152,226.9058685,260.9005737,286.0301514,260.5545654,267.3153687,260.8648376,326.5218506,260.5122681,227.0071259,261.0111389,286.4209595,260.4938965,267.6928711,260.7907104,326.8292542,260.5298462
365650.691,153,226.6414795,261.3061218,286.2095337,260.7123413,267.3113098,261.0386658,326.6549683,260.7690735,226.8885651,261.0234985,286.3200073,260.5066528,267.5749817,260.7935791,326.7389221,260.5360107
365650.7081,154,226.5682831,261.319519,286.1906738,260.8781128,267.5303345,260.9902954,326.7156067,260.7957459,226.8076172,261.0395813,286.2478027,260.5639038,267.4935608,260.8022461,326.6818542,260.5588684
365650.7247,155,227.2475586,261.0321045,286.6281128,260.961792,267.7404175,261.018219,326.9154053,261.0142212,226.8211212,261.0415955,286.2563477,260.6094971,267.4927673,260.8203735,326.6821289,260.5963135
365650.7413,156,227.1697693,261.6781616,286.5956421,260.8578491,267.9596558,261.4299622,327.3465271,260.955719,226.8515167,261.1045837,286.291748,260.6264038,267.5344543,260.8761292,326.7480164,260.6252747
365650.7582,157,227.3299255,261.3952637,287.0594482,261.0004272,268.017395,261.2108765,327.3981323,261.0133362,226.9228668,261.1352234,286.3852844,260.679718,267.5872498,260.913269,326.8492126,260.6608582
365650.7749,158,227.5980682,261.4036865,287.3426514,260.9033813,268.4945679,261.3625793,327.6358643,261.0140381,227.0365143,261.1748962,286.5416565,260.7089539,267.7165527,260.9655762,326.9755859,260.693573
365650.7913,159,228.1717224,261.5247803,287.5795288,261.0980835,268.8328857,261.2371216,327.8713989,261.0969238,227.2225037,261.2367554,286.7126465,260.7610168,267.8995972,261.0174561,327.1431274,260.7673645
365650.808,160,227.8978729,261.3045654,287.4954834,260.8990479,268.805603,261.2767944,327.8457642,260.9002991,227.3275146,261.2462463,286.8331299,260.7992859,268.0478516,261.0600281,327.261261,260.7956848
365650.8248,161,227.9854431,261.3939209,287.7513428,261.0004272,269.0501099,261.1976929,328.3218994,260.986084,227.4354248,261.2994995,286.97052,260.8357544,268.1825867,261.1162109,327.4230042,260.8366699
365650.8419,162,228.4945526,261.2561646,287.8291016,260.7973022,269.2503662,261.2164612,328.4091492,260.8225403,227.5832367,261.3179626,287.1151428,260.8554382,268.3366394,261.1511536,327.5577393,260.8774109
365650.8576,163,228.3284607,261.480835,288.1029053,260.734314,269.4135132,261.0917053,328.4542236,260.8181458,227.7476196,261.3426819,287.2918396,260.8728027,268.5295105,261.17099,327.7315369,260.8978577
365650.8745,164,228.9447479,261.3634033,288.3059692,260.7602234,269.7171631,261.2981873,328.8082275,260.8536987,227.9506226,261.375885,287.4968872,260.8824463,268.7627563,261.2017212,327.9374695,260.9188232
365650.8914,165,228.8328857,261.4889526,288.5019531,260.8869019,269.6030884,261.210968,328.9330444,261.0540466,228.1229706,261.3900757,287.6881104,260.8951111,268.9434509,261.2150269,328.1274719,260.9406738
365650.9085,166,229.0797729,261.2478638,288.5828857,260.868103,269.9921265,261.4051209,329.007019,261.1482544,228.3218231,261.381897,287.8729248,260.894104,269.1381836,261.247406,328.303894,260.9698792
365650.9244,167,229.1963806,261.5684814,288.6473999,261.0897217,269.8572388,261.4773254,329.1595154,261.282135,228.4767914,261.42453,288.02948,260.9096375,269.3071594,261.2835999,328.479187,260.9970703
365650.9412,168,229.3992615,261.4275513,288.7666016,261.2102661,269.9921265,261.3554993,329.180542,261.33255,228.6496735,261.4078369,288.1947937,260.9430237,269.4635925,261.2815857,328.6164551,261.0325012
365650.9576,169,229.3123779,261.6829834,288.72052,261.1124268,270.1148682,261.4710388,329.1316223,261.1975708,228.7906647,261.4345703,288.3126526,260.9552307,269.6141663,261.3059998,328.7403259,261.0507507
365650.9742,170,229.3290863,261.5355225,288.8641968,261.1487427,269.9309998,261.6231079,329.4286499,261.1234741,228.9100342,261.4473572,288.4291687,260.9753418,269.7090149,261.3295288,328.879425,261.0595093
365650.9911,171,229.5422363,261.6383667,288.99823,261.0465088,270.1968079,261.7243042,329.538208,261.2295532,229.0223541,261.4567871,288.5417786,260.9703064,269.8207703,261.3700867,329.0127258,261.0698242
365651.0077,172,229.5491638,261.8536987,288.8060303,261.2365417,270.0857239,261.6490173,329.416626,261.3053894,229.1356506,261.506012,288.6217957,261.0010071,269.9031372,261.404541,329.1144409,261.1061707
365651.0248,173,230.0107117,261.5663452,289.0250244,261.1849365,270.6880188,261.5934143,329.573761,261.311554,229.3017731,261.5205078,288.7156067,261.0183716,270.0369568,261.4376831,329.2063904,261.1352844
365651.0412,174,229.6592712,261.6702271,289.2680054,261.1520996,270.5162048,261.6398315,329.7073975,261.2814941,229.3854065,261.5541382,288.8235168,261.0464172,270.1290588,261.4720764,329.3026123,261.1719971
365651.0584,175,229.9728241,261.6455688,289.3183594,261.2339478,270.6774292,261.6832886,329.8598022,261.337677,229.5067444,261.566925,288.9119873,261.0860596,270.2186584,261.5204468,329.4069214,261.2133179
365651.0745,176,230.061203,261.6604004,289.3261108,261.0561218,270.7531433,261.7114563,329.7853394,261.2051392,229.6014099,261.5907593,288.9884949,261.1065674,270.3066101,261.5539551,329.4798584,261.2384644
365651.0915,177,229.9025116,261.6026001,289.4134521,261.362854,270.8650208,261.5415649,330.033783,261.3653259,229.6754913,261.5977173,289.0614624,261.145874,270.3967285,261.57901,329.568573,261.2640381
365651.1078,178,230.3278809,261.7051392,289.5016479,261.1088257,271.0348511,261.6499634,330.1048584,261.4732666,229.7783203,261.633728,289.1307983,261.1645203,270.4824219,261.59729,329.652832,261.2897034
365651.1252,179,230.5622253,261.3602295,289.8040771,261.0822144,271.1999207,261.6269226,330.1757813,261.3414917,229.8907928,261.6140747,289.225708,261.163269,270.5930176,261.6074829,329.736084,261.2940063
365651.1422,180,230.5961609,261.5855103,289.8526611,261.0386353,271.1897278,261.6451721,330.2329407,261.1936951,229.9946136,261.6246643,289.3183594,261.148407,270.6968689,261.6290283,329.8259277,261.2818909
365651.1586,181,230.4638062,261.6361084,289.8182373,261.0768433,271.0016479,261.6483765,330.4248657,261.3439026,230.0711212,261.6203003,289.395874,261.1447144,270.7513123,261.6433716,329.9197083,261.2933655
365651.1749,182,230.5401459,261.6273193,289.9836426,261.1608887,271.2679443,261.6317444,330.4801025,261.3770752,230.1628418,261.6272583,289.489624,261.1452332,270.8535461,261.6434326,330.0078125,261.3139954
365651.1909,183,230.8095093,261.3387451,289.9736938,261.1586914,271.5241089,261.5099487,330.7525024,261.3467712,230.269516,261.6010437,289.5755005,261.1537781,270.96521,261.6242676,330.1135559,261.3229675
365651.2076,184,230.8312225,261.3695984,289.9985352,261.0670166,271.4866333,261.6546021,330.7473755,261.3074341,230.3698883,261.5615845,289.670166,261.1396179,271.07547,261.6256409,330.2197876,261.3230896
365651.2246,185,230.807373,261.55896,290.4022827,261.086792,271.6594849,261.6298218,331.0274048,261.3152161,230.4411469,261.561554,289.7885437,261.1315613,271.1613159,261.6292419,330.3445129,261.3235168
365651.2414,186,231.1857758,261.4274292,290.1806641,261.1967773,271.9174194,261.6295776,331.0610657,261.3199768,230.569458,261.5417175,289.8649597,261.1354675,271.2791748,261.6287842,330.4577026,261.3269043
365651.2581,187,231.1707459,261.3390503,290.4782104,261.1204834,271.9072571,261.5178833,330.9822998,261.440033,230.6704559,261.5164795,289.9625854,261.1264343,271.3828125,261.6152954,330.5521851,261.3358765
365651.2755,188,231.0711517,261.6277466,290.5308533,261.0394287,271.8475342,261.7532959,331.3575439,261.4359436,230.7507629,261.5146484,290.0631714,261.1248169,271.4701843,261.6196899,330.6833801,261.3548889
365651.2922,189,231.2684937,261.1499023,291.0834351,261.0518188,272.0552063,261.6695862,331.5283813,261.4318542,230.860321,261.476593,290.210083,261.0991821,271.565094,261.6300354,330.8156738,261.3606567
365651.3082,190,231.6155853,261.5470581,291.1868896,260.7722778,272.0667419,261.5682678,331.5179138,261.216156,230.9727173,261.4637146,290.3572388,261.0708008,271.6561584,261.6235352,330.940155,261.3389282
365651.3251,191,231.5026855,261.4238892,290.9862671,260.8739014,272.1716309,261.5561218,331.6047363,261.2799377,231.0570984,261.468811,290.4598999,261.0532227,271.7431641,261.6174011,331.063385,261.3335876
365651.3421,192,231.8409119,261.5646362,291.186615,260.9478149,272.6087341,261.7424927,331.8168945,261.2810364,231.1767883,261.4674377,290.5800476,261.0453186,271.8773804,261.6259155,331.2044067,261.3405457
365651.3576,193,231.4621582,261.5055542,291.3045654,260.8352661,272.4797974,261.5308228,331.979248,261.1915588,231.2511597,261.4567566,290.7052917,261.0245361,271.9917297,261.616272,331.3352661,261.327179
365651.3742,194,231.6357117,261.3597412,291.5117798,260.8379517,272.7359009,261.6156006,331.9165344,261.1743164,231.3390961,261.4346619,290.8319092,260.9971313,272.1106873,261.6151428,331.4542542,261.3098145
365651.391,195,232.0632324,261.6546631,291.6016235,261.0409851,272.7183533,261.7286682,332.1348267,261.3440552,231.4482269,261.4611511,290.9679565,260.987793,272.2148743,261.6335144,331.5698242,261.3100586
365651.4082,196,232.1658173,261.2964478,291.4802246,261.1445923,272.9079895,261.7351379,332.1642456,261.3577881,231.561676,261.454834,291.0830688,260.9947205,272.3355408,261.6400146,331.6795349,261.3146973
365651.4245,197,232.1257935,261.4118042,291.5678101,261.168335,272.7958374,261.7211914,332.1376953,261.518158,231.6669922,261.4428101,291.1767273,261.0022583,272.4256897,261.6478271,331.7686157,261.3323669
365651.4416,198,232.0081024,261.4625244,291.792572,260.9310913,273.1825867,261.6832581,332.4206848,261.375,231.7391357,261.4457397,291.3057556,260.9804382,272.534729,261.6523438,331.8765869,261.3372498
365651.4581,199,232.3616791,261.6589966,291.9324646,260.7596436,273.1098633,261.70578,332.5678101,261.2518616,231.8401642,261.4723816,291.4216919,260.9502869,272.6367493,261.6680298,332.003479,261.3215332
365651.4743,200,232.5120697,261.4460144,291.9432068,260.9926147,273.4413757,261.6256104,332.5281982,261.4038391,231.9600067,261.4576111,291.5330505,260.946991,272.7693481,261.6577148,332.0947266,261.319458
365651.4914,201,232.6775818,261.489563,292.1157227,261.0795898,273.1967163,261.6365356,332.6932068,261.3959045,232.0750732,261.4853516,291.6230469,260.9500427,272.8620911,261.6544189,332.1957397,261.3171692
365651.5089,202,232.7937927,261.237793,291.9276733,261.1227417,273.4607849,261.6868286,332.9348755,261.5519714,232.1728058,261.4592285,291.6827698,260.9793701,272.9778137,261.6639404,332.3117981,261.3452759
365651.5247,203,232.6265717,261.3574829,292.1534424,260.8596802,273.6954956,261.7174683,332.9944763,261.4159546,232.2632141,261.4533081,291.7773132,260.9778442,273.1015625,261.6770325,332.4248962,261.3562622
365651.5416,204,233.0463257,261.6264038,292.3911133,260.8326416,273.7518005,261.8322144,333.1114502,261.5361938,232.3729095,261.4592896,291.8800964,260.9679565,273.2060547,261.6852722,332.5351868,261.3772278
365651.5581,205,233.1856689,261.4515991,292.5617065,260.8571777,273.9713135,261.594574,332.9558716,261.4413452,232.5136871,261.4544678,291.9833679,260.9691772,273.3275146,261.6902771,332.6150818,261.3974609
365651.5754,206,233.3959198,261.6148071,292.6721191,260.6622314,274.1092529,261.7588196,333.2823486,261.4062805,232.6638794,261.475769,292.0834961,260.9537048,273.4454346,261.7022705,332.7323608,261.4159241
365651.5913,207,233.4440308,261.3604736,292.7387085,260.6605835,274.0817566,261.6319885,333.4974976,261.3199158,232.7866516,261.4513245,292.1887207,260.9215393,273.5667725,261.6942749,332.8563843,261.4134827
365651.6081,208,233.4729919,261.5689087,293.0758057,260.8994141,274.2034302,261.8421021,333.4379272,261.4667358,232.9013977,261.4741516,292.3267212,260.9013977,273.6805115,261.7033386,332.9675293,261.4228516
365651.6254,209,233.5018921,261.4298096,293.1217041,260.7294617,274.3336182,261.7448425,333.7672729,261.4767456,233.0119934,261.4756165,292.4576111,260.8651733,273.8045959,261.7052612,333.1047363,261.4197388
365651.6414,210,233.7999878,261.4656982,293.0244751,260.5942383,274.3154602,261.7066956,333.8009949,261.4560852,233.1582031,261.4758301,292.5610657,260.836853,273.8959045,261.7071533,333.2205505,261.4262695
365651.6584,211,233.7978363,261.5039673,293.1887817,260.6170044,274.6748657,261.7609253,333.8129578,261.4431458,233.2770233,261.4634705,292.6671448,260.823822,274.0254822,261.7123108,333.3256836,261.44104
365651.6748,212,233.8495789,261.6427612,293.1436768,260.6428223,274.4512329,261.7835388,334.1237793,261.3041382,233.3855133,261.4803162,292.7653503,260.7939453,274.1066589,261.7258911,333.4568176,261.4320068
365651.6913,213,233.7363739,261.5029297,293.1675415,260.8487549,274.2991028,261.9764099,333.8557739,261.4317017,233.4594879,261.4817505,292.8461304,260.7754211,274.1842651,261.7545776,333.5468445,261.4356995
365651.7081,214,234.0635223,261.5193481,293.374939,260.8968506,274.8950195,261.8764343,334.09198,261.5642395,233.5651093,261.5048218,292.9613342,260.7582092,274.3035889,261.769989,333.6378479,261.4383545
365651.7246,215,233.8634491,261.4766235,293.3520508,260.7338867,274.6792603,261.7506714,334.1282349,261.5395203,233.6560974,261.5141602,293.0540771,260.7480469,274.3734741,261.7721558,333.7251587,261.4489746
365651.7416,216,234.0550537,261.3461304,293.4032593,260.7942505,274.8094177,261.802887,334.0879211,261.4947815,233.7349854,261.4909668,293.1312866,260.7454224,274.4564209,261.7698669,333.7994385,261.4460754
365651.7579,217,234.1163788,261.4638672,293.6316528,260.6744385,274.8459473,261.6056213,334.1690063,261.3769226,233.8094788,261.4910889,293.2128906,260.7301941,274.5262451,261.7698975,333.8929749,261.4407043
365651.775,218,233.9818573,261.6667175,293.6645508,260.5740356,275.0388489,261.9017944,334.1546021,261.5544739,233.8565216,261.4963074,293.289032,260.7225342,274.6019592,261.7826843,333.9591064,261.4527588
365651.7909,219,233.9345551,261.5352783,293.4682617,260.6971436,274.8474731,261.867981,334.1543274,261.5210571,233.8890228,261.5104675,293.3407898,260.7251892,274.6573792,261.8019714,334.0047913,261.4691162
365651.8076,220,234.3661346,261.5947876,293.4864502,260.6101685,274.8727417,261.8450317,334.2805176,261.2591248,233.9612885,261.513092,293.3695679,260.7008667,274.7109985,261.8026733,334.0695801,261.4515991
365651.8249,221,233.9492645,261.2437744,293.565979,260.4457397,275.0839233,261.9035339,334.3594971,261.3501282,233.9912872,261.4969482,293.4054871,260.6766052,274.7662354,261.8152161,334.1178284,261.4404297
365651.8409,222,234.1701508,261.4139404,293.56073,260.7861023,275.0071411,262.0180969,334.3526611,261.5803223,234.0158997,261.4925232,293.442688,260.6929932,274.817627,261.841095,334.156311,261.4511719
365651.858,223,234.1997528,261.6137085,293.7438965,260.8151855,274.9340515,261.9842529,334.5189819,261.4077454,234.0482788,261.5018311,293.4888306,260.7097778,274.8381348,261.8598633,334.2150269,261.4484863
365651.8743,224,234.2965698,261.6369019,293.8153076,260.8623657,275.0070496,262.0199585,334.2980347,261.4909363,234.0806732,261.501709,293.5415649,260.7279053,274.8796082,261.8799744,334.2263184,261.4638977
365651.8912,225,234.112915,261.5374146,293.8540039,260.5829468,275.0606079,261.9156799,334.5190125,261.4851379,234.1029511,261.5049744,293.5950623,260.7056885,274.93396,261.8752747,334.2778625,261.4682922
365651.9076,226,234.4617615,261.451355,293.5760498,260.7979736,274.9074097,261.9221497,334.4767456,261.6410522,234.137558,261.4993286,293.6083374,260.6981812,274.9364014,261.8790894,334.3064575,261.4754334
365651.9244,227,234.3628387,261.609436,293.8072205,260.7978516,275.2442627,262.006134,334.5303345,261.610321,234.1780701,261.5108032,293.6451111,260.7041626,274.9823914,261.9007568,334.3388062,261.4819946
365651.9412,228,234.5790863,261.4682007,293.6324463,260.8024292,275.0829468,261.9365845,334.5275269,261.7111816,234.2211914,261.5205383,293.6596375,260.7057495,275.0046387,261.911499,334.3708496,261.5009155
365651.9585,229,234.6208954,261.4672546,294.1677246,260.4562683,275.4429321,262.1101379,334.6336365,261.3707886,234.2655945,261.5203247,293.706604,260.6865845,275.0567322,261.9530334,334.4118652,261.4994202
365651.9743,230,234.6817322,261.6936646,293.8091736,260.8571167,275.5469971,262.0009766,334.5986938,261.5610046,234.3259735,261.5231934,293.7175598,260.7104797,275.1011353,261.9618835,334.4477844,261.5002747
365651.9914,231,234.6075897,261.6134644,294.0330811,260.7488403,275.4459839,261.7672424,334.9154663,261.6058655,234.381958,261.5293274,293.7658081,260.7150574,275.1509094,261.9531555,334.5123901,261.5075989
365652.0084,232,234.3853455,261.6616211,294.1052246,260.8199463,275.2511902,261.8982544,334.7241821,261.5538635,234.3825836,261.5349731,293.8173523,260.7320862,275.1814575,261.9576721,334.5493469,261.5317078
365652.0253,233,234.7469482,261.666687,294.2921753,260.7946777,275.4770508,261.8979797,334.8335266,261.5470886,234.450119,261.5696411,293.8799438,260.7603455,275.2153015,261.956604,334.5909119,261.5473022
365652.0413,234,234.4822845,261.3905029,294.0488281,260.6638794,275.3185425,261.6526794,334.9967651,261.3534241,234.4740143,261.5666199,293.9205017,260.7497559,275.2391052,261.9251099,334.6445007,261.5279846
365652.0582,235,234.7492523,261.2849731,294.2685547,260.5819092,275.5815735,261.7182312,334.9677429,261.3457642,234.5197296,261.5385742,293.9663086,260.7296143,275.2929993,261.9022827,334.68396,261.5220947
365652.0744,236,234.9963226,261.3621826,294.3265991,260.446106,275.8267822,261.962677,335.1272278,261.3508301,234.5826111,261.5158691,294.0124512,260.6942444,275.3658752,261.8977051,334.7565918,261.5097656
365652.0909,237,235.3649292,261.2210693,294.4033203,260.8621826,276.0148926,261.7562561,335.2327881,261.5453186,234.6946259,261.4883118,294.0654907,260.7172546,275.4530945,261.8832092,334.8233032,261.5145264
365652.1078,238,235.1478729,261.6044922,294.6566772,260.862854,275.9388428,262.2254334,335.348938,261.683197,234.7541656,261.5020752,294.1588745,260.723877,275.5414124,261.9094849,334.8993835,261.5192566
365652.1244,239,235.481369,261.6417236,294.802124,260.8839111,276.1060181,262.2638245,335.5866394,261.7051086,234.8574982,261.5063782,294.2524719,260.7322693,275.6233521,261.9325867,334.9980774,261.5283813
365652.1414,240,235.4396667,261.5255737,295.1185303,260.7359009,276.28302,262.1993713,335.5664368,261.4770813,234.9370422,261.5117188,294.3832397,260.7272644,275.7311707,261.9550476,335.0915833,261.5093994
365652.1576,241,235.7042236,261.5506592,294.8774414,260.8927002,276.3897095,262.084259,335.661438,261.5899963,235.0447998,261.5193481,294.4551392,260.7631226,275.8275452,261.9535522,335.1899719,261.5271606
365652.1746,242,235.654541,261.3998413,294.8294373,260.7426147,276.5661011,261.9512939,335.9439697,261.4977417,235.1414185,261.4951782,294.5437622,260.7538147,275.928009,261.9497375,335.3056946,261.5221252
365652.1914,243,235.9137878,261.5343628,294.9430542,260.9525146,276.7766418,262.01651,335.748291,261.678009,235.2661896,261.4886475,294.624939,260.771759,276.0548401,261.9705811,335.3804321,261.5291443
365652.2076,244,235.8953094,261.5223999,294.8968506,260.6242065,276.6018372,261.9306946,335.8222351,261.575592,235.3865662,261.4773254,294.6858521,260.7554626,276.1619263,261.9735413,335.4668884,261.5309448
365652.2243,245,235.8553314,261.646698,295.338623,260.8878174,276.7560425,261.9690857,336.2278442,261.7831116,235.4773407,261.4769897,294.7795105,260.7648926,276.2669373,261.9808044,335.5895386,261.5523071
365652.2413,246,235.7206879,261.5209961,295.2780151,260.956604,276.5838318,261.9358521,336.0574341,261.8052368,235.5622406,261.4865417,294.8780212,260.7896118,276.3540649,262.0030823,335.6740112,261.5902405
365652.2576,247,235.9984589,261.647522,295.4714355,260.6047363,276.9110718,262.2366333,336.1625366,261.6038208,235.6584778,261.5162659,294.9757996,260.7896118,276.4570007,262.0458069,335.7711182,261.6098633
365652.2747,248,235.9568329,261.4362183,295.5557861,260.6782837,276.8677368,262.0552673,336.3150635,261.5608826,235.7310638,261.5215149,295.0765381,260.8065796,276.5363159,262.0525513,335.8684082,261.6249695
365652.2913,249,236.0285645,261.4449463,295.4782104,260.7399902,277.1033325,261.9671936,336.1458435,261.6069336,235.7870178,261.5377808,295.1580505,260.7960815,276.627655,262.0677795,335.9364319,261.6297913
365652.3086,250,236.147934,261.6283569,295.2597046,260.7905273,277.2443542,261.8859253,336.2546082,261.7258911,235.8655548,261.5402222,295.1997986,260.7906799,276.7316284,262.0399475,336.0033875,261.6339722
365652.3247,251,236.2464294,261.480835,295.8533936,260.9405518,277.2801209,261.8544312,336.7034302,261.7243958,235.9286194,261.5271606,295.2953796,260.7965698,276.8287964,262.0061646,336.1044312,261.6367493
365652.341,252,236.3460388,261.4885254,295.836731,260.7704773,277.5084229,261.9439697,336.5002136,261.6425171,236.0053253,261.5244446,295.3596497,260.7987061,276.9320679,261.9852295,336.186676,261.6498108
365652.3579,253,236.5340271,261.6503296,295.9303589,260.7670593,277.2729187,262.0278015,336.4961243,261.7426453,236.0739136,261.5335693,295.4446106,260.7885437,277.005127,261.9814148,336.253479,261.6628113
365652.3745,254,236.4983368,261.5820923,296.4075928,260.9187622,277.5257263,262.0576477,336.7865601,261.8108215,236.1461334,261.548584,295.5845337,260.8033142,277.0869751,261.9900513,336.3320618,261.6889954
365652.3918,255,236.6491089,261.3927002,295.8643799,260.6606445,277.77771,261.9325562,336.8011169,261.6098938,236.208847,261.5363159,295.647583,260.7787476,277.171875,261.982605,336.4060669,261.683075
365652.4076,256,236.9151001,261.5311279,296.1463013,260.7442627,277.6409607,261.9090881,336.9786377,261.7162781,236.2935486,261.5370483,295.7449341,260.7881775,277.2581787,261.9808044,336.4956665,261.6942139
365652.4243,257,237.0617523,261.3511963,296.2306519,260.7111206,277.7653503,261.7577515,336.9746704,261.6364746,236.4026337,261.512207,295.8266907,260.7735291,277.3507996,261.9629822,336.5653381,261.6820984
365652.4413,258,237.0873718,261.4241333,296.2923584,260.7931519,277.7385559,262.0868835,337.1341248,261.9282532,236.5123291,261.5039673,295.9112854,260.7608032,277.4428406,261.9753723,336.6551514,261.6932068
365652.4577,259,237.1381073,261.2964478,296.289978,260.6260986,278.0769348,262.0532837,337.3421631,261.6565247,236.6108246,261.4751587,295.9820251,260.7619324,277.5435486,261.9605713,336.7559509,261.696991
365652.4748,260,237.231369,261.411499,296.3728943,260.6810913,278.2738953,262.2087708,337.2309875,261.5913391,236.7181854,261.4734192,296.0515442,260.7615356,277.6618958,261.9736633,336.8337097,261.6989136
365652.4913,261,237.6856689,261.1845703,296.6858521,260.3735352,278.0805969,261.844635,337.3360291,261.4268188,236.8587189,261.4508667,296.1512146,260.7294006,277.7457275,261.962616,336.9319153,261.682312
365652.5081,262,237.386322,261.4549561,296.7960815,260.7459106,278.1770325,262.0819092,337.5190125,261.631012,236.959671,261.4368591,296.2748108,260.7258606,277.821228,261.9794006,337.0328369,261.67453
365652.5243,263,237.3816376,261.3058472,296.8453064,260.5922852,278.4038696,262.0038147,337.7466736,261.6132507,237.0518646,261.4219055,296.3644714,260.6970215,277.9124756,261.9914551,337.1268311,261.6654663
365652.5409,264,237.7896423,261.1502075,297.0343018,260.5247803,278.5585632,261.8240051,337.8974609,261.4458008,237.1788025,261.3924255,296.4707031,260.6751709,278.0066223,261.9801941,337.2496643,261.6477051
365652.558,265,237.4274597,261.5238647,296.9191284,260.5013428,278.4907837,261.9561157,337.5685425,261.4177856,237.2459564,261.3829956,296.5472412,260.6525879,278.1007996,261.9753113,337.3331909,261.6202087
365652.5746,266,237.7725525,261.2886963,297.1654663,260.1226196,278.6902771,261.8174438,337.9703979,261.2929993,237.3498383,261.3587341,296.6187134,260.5854187,278.1955261,261.9554749,337.440155,261.5762329
365652.5915,267,237.7966156,261.2860718,297.0756836,260.6038818,278.7337646,261.9705505,337.8405457,261.6337891,237.4443512,261.3497314,296.7135925,260.5811462,278.2741089,261.9585266,337.5206909,261.5786743
365652.6079,268,237.8841553,261.3022156,297.2409668,260.5422058,278.7351685,261.8215637,337.9616394,261.5108948,237.5223084,261.3305969,296.8038025,260.5648499,278.3624878,261.9511719,337.601593,261.5621033
365652.6254,269,238.2575531,261.300415,297.1849365,260.513855,278.6745911,261.9125366,338.025116,261.5880432,237.6222534,261.3256836,296.8790283,260.5489502,278.4385376,261.9634094,337.684845,261.5585938
365652.6414,270,237.9467163,260.9942017,297.2631226,260.4445496,278.9057007,261.8839417,338.2789917,261.3388977,237.6885986,261.2894592,296.9583435,260.5208435,278.5305786,261.946106,337.778656,261.510437
365652.6581,271,238.1226501,261.1010437,297.015564,260.3543091,278.6958618,261.9593506,338.0822754,261.1731262,237.7660828,261.2730408,297.0102234,260.4976807,278.5775757,261.9381409,337.8317566,261.469635
365652.6751,272,238.2302246,261.1464844,297.1357422,260.3018188,278.8798218,261.8818665,337.9516296,261.2793274,237.8488464,261.2516785,297.0614624,260.4660034,278.627594,261.9116211,337.8794861,261.4435425
365652.6914,273,238.1893005,260.9855347,297.1564331,260.4856567,278.9077148,261.8860779,338.1752319,261.4364929,237.8903961,261.2338867,297.0939636,260.4749451,278.6960754,261.9138489,337.9427185,261.4439392
365652.7081,274,238.0961151,261.133667,297.326416,260.5236206,278.7808838,261.9002686,338.3695068,261.504364,237.9389038,261.2079773,297.1358337,260.4580078,278.7357788,261.8995667,338.011261,261.4349976
365652.7248,275,238.2183533,261.3095093,297.4600525,260.3329773,278.7289429,262.0808411,338.2360229,261.2668762,238.0013428,261.2095337,297.1869812,260.4365845,278.7555542,261.9072571,338.0519104,261.406311
365652.7411,276,238.5221558,261.2008057,297.4078979,260.3547363,279.4889526,261.8452454,338.2571716,261.3007202,238.070282,261.2131653,297.2184753,260.4222717,278.8410034,261.9084473,338.0822754,261.3940735
365652.7581,277,238.1249847,261.3000183,297.696167,260.5680542,278.8618164,261.9387817,338.7780151,261.559845,238.1174774,261.1958313,297.285675,260.4289246,278.8609924,261.9083252,338.1855164,261.4070129
365652.7748,278,238.1514587,261.0626221,297.3688354,260.4325562,279.1287231,261.8156433,338.290863,261.378479,238.1461487,261.1764221,297.3007202,260.4534302,278.8946228,261.9075928,338.2103271,261.4128113
365652.7914,279,238.4816895,260.9753418,297.5372314,260.3095398,278.991272,261.9619141,338.1593628,261.2319641,238.2012177,261.1506958,297.3338623,260.4291687,278.9140625,261.9070435,338.2315674,261.3796082
365652.8076,280,238.2762146,261.0038452,297.7371216,260.8986816,278.9889526,261.813324,338.6731262,261.620697,238.2288513,261.1253967,297.3768311,260.4613953,278.9301758,261.9059143,338.2924805,261.3912659
365652.8243,281,238.1253357,261.1116943,297.5883789,260.4866333,278.9807434,261.6087036,338.2281494,261.3251038,238.2143707,261.109436,297.405426,260.4597473,278.9522095,261.8803711,338.3043823,261.3699646
365652.8416,282,237.9511108,261.0916138,297.31073,260.6142578,278.8504028,261.5997925,338.2964172,261.4679871,238.209671,261.1164551,297.4065247,260.4744263,278.9425354,261.8555908,338.302948,261.3812866
365652.8577,283,238.1974792,260.9842529,297.3295898,260.3562622,279.2303162,261.7199097,338.3077393,261.1413269,238.2151184,261.106781,297.4275513,260.4726257,278.9862976,261.8356628,338.3166199,261.3766479
365652.8744,284,238.062912,261.239624,296.9932251,260.3725586,278.6325684,261.7127991,338.1073914,261.0831299,238.1977081,261.1147156,297.4077759,260.4770508,278.9622498,261.8217773,338.3216858,261.3588257
365652.891,285,238.087738,261.2618408,297.0927124,260.2838135,278.805603,261.855072,338.1474609,261.1585388,238.1872559,261.1379395,297.3969421,260.4596558,278.9517212,261.8194275,338.3138733,261.3351135
365652.9076,286,237.7400818,261.010376,296.9100037,260.3469849,278.8730164,261.786438,338.098114,261.2101135,238.1538696,261.127533,297.3594055,260.4450073,278.9556885,261.8097534,338.2883911,261.3106384
365652.9254,287,237.5290527,261.3244629,296.9169312,260.4478149,278.2940063,261.8852234,337.9077148,261.3035889,238.0839386,261.1304016,297.3055725,260.4541626,278.9069214,261.795105,338.2524719,261.3132935
365652.9409,288,237.6777802,260.8503418,296.5806885,260.5184326,278.6018982,261.4414673,337.8005981,261.2561646,238.0140839,261.1001892,297.2260132,260.4675293,278.8335266,261.760437,338.2038269,261.3092957
365652.958,289,237.6110687,261.0982666,296.765625,260.3707886,278.2186279,261.663147,337.4595947,261.0863953,237.9601135,261.0840759,297.1430969,260.4512939,278.7687988,261.7381592,338.0885315,261.27005
365652.9747,290,237.3628998,260.7575684,296.5481567,260.2528687,278.3380127,261.4766235,337.3204041,260.9743347,237.8830261,261.057373,297.0574646,260.4350891,278.6915283,261.7086487,337.9904785,261.2351379
365652.992,291,236.9109802,261.0545044,296.2578125,260.3485718,277.8613892,261.5890198,337.2062378,261.0769653,237.7315216,261.0638733,296.9267883,260.4367065,278.5767517,261.6774597,337.8869324,261.2205811
365653.0082,292,236.6459961,261.1552124,295.8094482,260.399353,277.1493835,261.6039124,336.6942139,261.1148682,237.5569763,261.0767517,296.7382813,260.3974304,278.3847656,261.6602783,337.6941834,261.1807861
365653.0252,293,236.2171326,261.0440063,295.8221436,260.1408081,277.1103516,261.6266174,336.4082336,260.7597656,237.3471527,261.0708618,296.5519104,260.3675232,278.1781006,261.6615601,337.5033264,261.1325378
365653.0413,294,235.6471405,261.0563354,294.8949585,260.2424927,276.5971375,261.5552063,335.8304138,261.0352173,237.0556946,261.0674438,296.2612305,260.3377075,277.8908691,261.6573181,337.2084656,261.0976868
365653.0577,295,235.2123871,261.5042725,294.2788086,260.3215942,276.1119385,261.6199036,335.1983032,261.0881653,236.7055969,261.1117554,295.8912964,260.3349609,277.5296631,261.6499634,336.8336487,261.0933838
365653.0747,296,233.9716492,261.309021,293.8188477,260.2585449,274.9451904,261.4589539,334.3928223,260.9148865,236.1210175,261.1181946,295.4108582,260.3247986,276.9787292,261.6294556,336.308197,261.0787048
365653.0918,297,233.0645447,261.3724365,292.9359131,260.5162354,274.1549072,261.5047607,333.4507751,261.2575989,235.3826599,261.1289063,294.7690125,260.3452759,276.2713928,261.6017761,335.6213379,261.0880737
365653.1081,298,232.4781494,261.4832764,291.9342041,260.6065674,273.2536316,261.7133179,332.6696167,261.2849426,234.5388947,261.1697998,293.9598694,260.3685303,275.3978577,261.597168,334.7744751,261.0959167
365653.1245,299,231.0986786,261.2999878,290.7462158,260.5316162,272.0108643,261.7151794,331.3332214,261.2106323,233.3425903,261.1698914,292.8467102,260.3771973,274.2138367,261.585144,333.6276855,261.0898743
365653.1414,300,230.0105438,261.6065063,289.3192139,260.9458618,270.5292358,261.598175,330.0231323,261.2746277,231.9052429,261.2341003,291.4278564,260.4173889,272.7427063,261.5993958,332.165863,261.0959778
365653.1583,301,228.8226013,261.4127808,287.6928101,260.8346558,269.4872437,261.4788513,328.4146118,261.0591736,230.222229,261.2609253,289.6218567,260.4580688,271.0644531,261.5846558,330.3621521,261.0957336
365653.1744,302,226.8057098,261.6757507,286.211792,261.0574341,267.7194214,261.5497437,326.953125,261.1579895,228.1311951,261.3361511,287.4863892,260.5263672,268.9682922,261.589447,328.2240906,261.1123047
365653.191,303,225.0710144,261.5290527,284.3861694,261.1844482,266.0140991,261.7270508,325.0928955,260.8215637,226.419693,261.3760376,285.7370911,260.5971069,267.2561951,261.6012878,326.4546509,261.0921021
365653.2076,304,223.4476166,261.8612061,282.8442383,260.9175415,264.0260925,261.6876831,323.3162231,260.8939819,224.5630341,261.4368286,283.9036865,260.6409302,265.4057922,261.610199,324.586853,261.0743713
365653.2254,305,221.1716766,261.7283936,280.7891235,261.0629272,262.0652771,261.4259949,321.1401672,260.8238525,222.5520172,261.4924622,281.9228516,260.7144165,263.3948059,261.5921021,322.5864258,261.0762939
365653.2416,306,219.4636078,261.7557983,278.8031006,261.1090088,260.214447,261.2451477,319.0924072,260.6729736,220.5130157,261.5479431,279.8217163,260.7839966,261.3392029,261.5634766,320.4314575,261.0434875
365653.2584,307,217.118988,261.8721924,276.4868774,261.2425537,258.0238953,261.2451477,316.9515076,260.6297913,218.3464508,261.5787659,277.5827942,260.8587952,259.1730957,261.5323792,318.1546326,261.0033875
365653.2744,308,214.8408661,261.9483643,274.5630798,261.2920532,255.4810181,261.1856079,314.9555359,260.7827454,215.9783936,261.6303711,275.3421631,260.9422607,256.7772522,261.5079346,315.8988647,260.9896851
365653.2915,309,212.312439,261.9334106,272.0648193,261.3388062,253.2869873,260.8686829,312.201355,260.5730896,213.5057678,261.6742249,272.9273682,261.0098877,254.2949677,261.4520569,313.4525452,260.9317017
365653.3084,310,209.5528564,262.0826416,269.4418335,261.8015747,250.45578,261.0371094,309.7610474,260.6177673,210.8751373,261.7244873,270.4290771,261.1113892,251.6749573,261.3959961,310.9195862,260.8780212
365653.3247,311,206.9019012,262.1100464,266.6739502,261.8154297,248.0387878,260.8684387,306.6771851,260.3531799,208.1540222,261.7907715,267.7377319,261.217865,248.9725647,261.3242188,308.1795654,260.8060608
365653.3414,312,204.3516083,262.3781128,263.5910034,261.8929443,244.9597168,261.0622559,304.035614,260.2466125,205.320755,261.8569946,264.8978577,261.2984009,246.1467438,261.2814941,305.3181152,260.7219849
365653.3583,313,201.4328613,262.4348755,260.8489685,262.3438721,242.1329956,260.8444519,301.4880066,260.23526,202.4419708,261.9414673,261.995697,261.4260864,243.2709198,261.2279358,302.4090576,260.6552734
365653.3743,314,198.4403076,262.5982056,258.2103882,262.2550659,238.9390564,260.9044495,298.5531921,260.385376,199.4072418,262.019928,259.073822,261.5271912,240.2016144,261.1757813,299.453949,260.5921936
365653.3912,315,195.397995,262.4867554,254.8836517,262.3886108,235.6314697,260.5594482,295.328125,259.981781,196.260849,262.0993652,255.9577637,261.625824,236.9960785,261.0780945,296.31604,260.5204773
365653.4082,316,192.3506775,262.8033447,251.9929047,262.6057129,232.6764374,260.9256287,292.2347412,260.0897522,193.0644379,262.1814575,252.8213196,261.7695618,233.7786102,261.0181274,293.1604309,260.456543
365653.4243,317,188.9255371,263.0193481,248.9450073,262.7807007,229.2076416,260.5738525,289.1752319,260.1123047,189.7144012,262.2913818,249.6182709,261.9154663,230.3776245,260.9494629,289.9472961,260.3999939
365653.4413,318,185.7914276,263.4613037,245.6068115,263.2233276,225.8613739,260.6701965,285.8196411,260.3956604,186.3672333,262.4393005,246.3174286,262.0993042,226.9737091,260.9073486,286.6400757,260.3845215
365653.458,319,182.5484314,263.6537781,242.6976013,263.4065552,221.9660339,260.702179,282.5810242,260.3399963,182.9314575,262.5968323,243.0380402,262.2889709,223.4139862,260.8711853,283.3122559,260.3697205
365653.4747,320,179.2081299,263.9051514,239.5031433,263.7404785,219.1893005,260.6363831,279.1647339,260.4675598,179.5157928,262.7726135,239.7743225,262.5092468,219.9434204,260.8381653,279.9876404,260.3596802
365653.4911,321,175.8491516,264.4597168,236.1559448,263.8491821,215.6721649,260.8024597,275.7329712,260.4948425,176.0964966,262.9978638,236.428833,262.7313538,216.4281616,260.8473206,276.59552,260.3660584
365653.5076,322,172.8332367,264.7911987,232.6354218,264.1463623,212.3898163,261.1140442,272.1273193,260.642395,172.7153931,263.2556763,233.0137634,262.9570618,212.9348602,260.8858337,273.1115112,260.3984375
365653.5244,323,169.7148285,265.2970886,229.6322479,264.5205688,209.0535584,261.4047546,268.8482666,260.9417725,169.4173279,263.5639954,229.6147003,263.2189331,209.4869385,260.9732666,269.6468506,260.4839172
365653.5415,324,166.6607819,265.7377319,226.4208832,264.9689941,205.7507324,261.5276184,265.7423096,261.0929565,166.1661072,263.9083557,226.2610168,263.5211487,206.1092072,261.0764465,266.1995544,260.6003418
365653.5582,325,163.7045288,265.9456787,223.6268768,265.4099731,202.4668427,261.848114,262.8123474,261.1079407,163.0124054,264.269104,223.0875854,263.8347168,202.7940216,261.228241,262.9049988,260.7311096
365653.5745,326,160.4844208,265.8228149,220.6389618,266.0041504,199.3137512,261.5571594,259.7405396,261.4767456,159.8806915,264.5823669,220.007019,264.2139282,199.5231934,261.3272095,259.7210083,260.888855
365653.5916,327,157.8529816,266.9800415,218.1901093,266.0830688,196.4002686,262.2997742,257.0821228,261.3321838,156.8949432,265.0142517,217.1093597,264.5530396,196.3969269,261.5296936,256.6939697,261.0326233
365653.6086,328,155.4885559,266.756897,215.7909546,266.3005371,193.8858032,261.8841858,254.5023193,261.8351135,154.176239,265.3660278,214.4191742,264.8883362,193.5175171,261.6318665,253.8762512,261.2054749
365653.6251,329,152.429718,267.3053589,213.2231903,266.6994019,190.940918,262.3034973,251.9423523,262.1937561,151.446167,265.7423401,211.8850403,265.2422485,190.6398621,261.7951355,251.2161865,261.4062805
365653.6415,330,150.3941345,267.6801758,211.5450134,266.7814941,188.7167664,262.7966309,250.2258606,262.1211853,148.984787,266.1289063,209.6964264,265.5630188,188.0328674,262.0073547,248.8999176,261.5743408
365653.6585,331,148.4404449,267.3428955,209.3379974,267.1027527,187.2270508,262.3401794,247.8020935,262.1339417,146.7693787,266.4049683,207.6475983,265.8665771,185.7648926,262.1124878,246.7328033,261.7193604
365653.6747,332,146.9020386,268.1286621,208.0090027,267.4393921,185.0259247,263.1639709,246.5634003,262.7590027,144.8679657,266.7518311,205.9666595,266.1859436,183.7086945,262.3180237,244.9595947,261.9214478
365653.6909,333,145.7745819,268.2376099,206.2398529,268.1801147,183.6633301,263.2667542,244.7937927,263.2351379,143.3078766,267.0565796,204.4281616,266.566803,181.9874268,262.5132751,243.3358459,262.1697388
365653.7079,334,144.3740387,268.3636475,205.9331512,267.7670288,182.7414246,263.3540039,243.9304199,263.0552368,142.043396,267.3392334,203.3132477,266.8470154,180.6238403,262.684906,242.0963745,262.3493347
365653.7247,335,143.4796143,268.3486938,205.0157776,267.9577332,181.8623047,263.2610779,243.0547333,263.1294556,141.087265,267.5716553,202.4529724,267.1108398,179.5880432,262.8177185,241.1380157,262.5090027
365653.7409,336,143.4773254,268.5084839,204.4893494,268.112854,181.5760193,263.2724609,242.2519836,262.8670654,140.5877686,267.7789917,201.8556061,267.3373718,179.0059357,262.9395752,240.4107513,262.6213684
365653.7578,337,143.2945404,268.8778076,204.3946533,267.8538208,181.4606018,263.823761,242.5790253,263.0715332,140.4185486,268.0219421,201.6657715,267.492981,178.7870331,263.1028137,240.1374969,262.736969
365653.7748,338,143.8619843,268.6415405,204.6360931,268.0834961,182.0187988,263.644989,242.9203186,263.0057373,140.6838531,268.2004395,201.8081665,267.6335449,178.9962921,263.2203979,240.2117767,262.8316956
365653.7916,339,144.4417725,268.8102722,205.290863,268.3264771,182.3373108,263.896759,243.3898926,263.3886108,141.2709045,268.3508606,202.3209229,267.7844849,179.5290222,263.3513794,240.6584473,262.967041
365653.8076,340,145.6100311,268.6785889,206.5839691,268.3410034,183.5195923,263.6651917,244.3023071,263.2745972,142.3194427,268.450531,203.2636566,267.9128723,180.5369263,263.4393311,241.5184326,263.0453491
365653.8245,341,146.8677216,268.7143555,208.0630798,268.2381592,184.8150635,263.5784607,245.75737,263.2696838,143.6365967,268.5264282,204.5862122,268.0096741,181.8070984,263.5040588,242.7555847,263.1035767
365653.8409,342,148.6056213,268.2836609,209.6128387,267.8165283,186.9493103,263.5585022,247.8975525,263.0079041,145.3700714,268.5377502,206.3618774,268.0302429,183.5423279,263.5285645,244.49823,263.1117859
365653.8581,343,150.6907654,267.8547363,211.707077,267.4614868,189.1228333,262.9859314,249.7060242,262.7471619,147.5285034,268.4750977,208.4118652,267.9767761,185.6712036,263.4770813,246.5094604,263.0795288
365653.8747,344,153.4100647,267.6654663,214.2813721,267.5985718,191.436615,262.9766235,252.5563202,262.8737183,150.0269165,268.3815002,210.9577484,267.9477539,188.1615143,263.4064636,249.0320587,263.046814
365653.8919,345,156.327179,267.2373047,216.9307709,266.3570557,194.4662781,262.6342163,255.1712646,261.8031311,152.9316711,268.2414246,213.7504272,267.7370911,191.0871277,263.2970581,251.7986145,262.8687134
365653.9081,346,159.2827606,266.9708252,219.9007263,266.4075928,197.5076904,262.6878357,258.0426636,262.0708618,156.1327362,268.0845337,216.8825684,267.5783691,194.2763214,263.2007446,254.9428101,262.741272
365653.9244,347,163.0237579,266.6143188,223.0464325,265.9770203,201.2681122,262.3512268,261.6929626,261.8676147,159.7211456,267.9091797,220.3079987,267.3899231,197.8532104,263.0940552,258.4188843,262.6127319
365653.941,348,166.6606903,266.1759033,227.0956421,265.5140991,205.2017517,262.0318604,265.9506226,261.4978333,163.6284485,267.6186829,224.1220093,267.0795593,201.7973633,262.8945618,262.3239136,262.4048157
365653.9585,349,170.6012421,265.8328857,230.7270355,264.9644165,209.1337128,261.8190918,269.998291,261.6222229,167.7745819,267.2808838,228.1972961,266.730957,205.9740448,262.6434937,266.4897766,262.1762085
365653.9744,350,174.9620209,265.491272,234.9897156,264.6218872,214.0016479,261.7848816,274.0388184,261.5019836,172.2963409,266.9331055,232.5250854,266.3417358,210.5693665,262.4031982,270.8812866,261.9501648
365653.9914,351,179.4514008,264.5179443,239.5822601,263.9549561,218.6529999,261.0355835,278.9809875,261.1106262,177.0098572,266.4742737,237.1478729,265.8895264,215.3917236,262.0636292,275.6123962,261.6723938
365654.0086,352,184.0177002,263.963501,244.3292694,263.9586182,223.7830811,260.9147034,283.5771179,261.2536316,181.9542999,266.0037842,241.9785004,265.5009766,220.4908142,261.7568359,280.5704956,261.4806824
365654.0247,353,188.8790283,263.8324585,248.9336395,263.6544189,228.6529999,261.1656189,288.6032715,261.02005,187.0345612,265.5950623,246.9738007,265.1388855,225.7232971,261.5538635,285.7304077,261.3130798
365654.0412,354,193.9372406,263.3787231,253.7772217,263.2151489,233.6924438,261.2693787,293.3763428,260.874176,192.2925873,265.200531,252.1120453,264.7698975,231.0989532,261.3773193,290.9781799,261.1497192
365654.0582,355,199.7264404,262.9391479,259.0109863,262.9006958,239.4447021,261.2954407,298.8246765,261.0725098,197.8417053,264.7945862,257.4056702,264.4180908,236.755249,261.2401428,296.4230347,261.0384216
365654.075,356,204.7302246,262.4031982,264.5160522,262.2079468,244.6989441,261.0716858,304.0941162,260.6186218,203.3845825,264.3672791,262.9069519,264.0079651,242.4599762,261.0926209,302.0328979,260.8895874
365654.0913,357,210.6726532,262.4620972,269.8019409,262.0595093,250.5244446,261.1474609,310.0357361,261.0529785,209.1563873,263.9996948,268.5163269,263.6505737,248.3745117,260.9990845,307.8083801,260.8278198
365654.1076,358,216.0187836,262.2188721,275.6760864,261.9727173,256.1672058,261.089325,315.6581421,261.0708923,214.9161835,263.655304,274.2420349,263.3262024,254.2945862,260.9174805,313.687439,260.7896729
365654.1243,359,221.8213348,261.878479,280.7015991,261.8905029,262.1410522,261.0692139,321.3848572,261.2398987,220.8118896,263.3113709,279.9305725,263.0427246,260.3632507,260.8613586,319.5457153,260.7944336
365654.141,360,227.5955658,262.0551147,286.9598999,261.5300903,268.2330322,261.5578613,327.5945435,261.4822388,226.7857513,263.0500183,285.903595,262.7588806,266.5118103,260.9039307,325.6670227,260.8412476
365654.158,361,233.8596649,261.8898315,292.7213135,261.6847534,274.2077026,261.8105774,333.6148376,261.7420044,232.8478088,262.8131714,291.9234619,262.5569153,272.7251587,260.9949341,331.8220825,260.9226074
365654.1752,362,239.8685913,261.8520508,298.4451294,261.4172363,280.5114136,262.1512756,339.6223145,261.9316711,239.0351868,262.625,297.9281921,262.3620911,279.0461426,261.140564,338.0041504,261.0306396
365654.1912,363,245.8003387,262.2628174,304.3692017,261.479126,286.1558533,262.5209656,345.7410584,261.8867493,245.1825104,262.5261841,304.0279541,262.2014465,285.2896118,261.3534546,344.2683411,261.1409912
365654.208,364,251.0740662,262.0646973,310.3981934,261.2544556,292.3686218,262.825592,351.52948,262.2127075,251.241684,262.43396,310.1226501,262.0397034,291.4762268,261.5787048,350.519989,261.2845154
365654.2247,365,257.2722168,261.7075806,316.2174072,261.0011597,298.2088013,262.8685913,357.4366455,262.4740601,257.293457,262.3125,316.1853333,261.8688049,297.6248779,261.7762451,356.7118225,261.4558716
365654.2419,366,262.894989,261.8106689,321.6941528,261.5836792,303.9992065,263.0908813,363.2385254,262.7593384,263.2087708,262.2337952,322.0781555,261.7914734,303.6526184,261.9799805,362.7667236,261.6716309
365654.2584,367,268.1201172,262.1629028,327.4162598,261.453125,309.7354126,263.4662781,368.8952332,262.9174194,269.0009766,262.2129822,327.9008484,261.7149353,309.6029053,262.2047729,368.7282104,261.8694458
365654.2748,368,274.0542908,262.1687622,333.4207153,261.5922241,315.1188354,263.8069153,374.4445496,263.0461426,274.6830139,262.2034607,333.6710205,261.6669312,315.3762512,262.4427185,374.618866,262.0750427
365654.2909,369,279.5007935,262.7579956,338.7487793,261.7609558,321.0314636,264.4829407,380.0052185,263.6092224,280.3087769,262.2460938,339.3218689,261.6545105,321.1419373,262.7386475,380.3549194,262.3005371
365654.3087,370,284.7192383,262.7809448,344.1288452,262.1994629,325.9924622,264.5622559,385.3397217,263.8335571,285.6946411,262.2857971,344.8304138,261.683136,326.621521,263.0209351,385.9658813,262.5405273
365654.3244,371,289.7062378,263.1147156,349.4909058,262.248291,330.7645264,264.7698364,390.5352478,264.0721741,290.8528748,262.4188538,350.1712646,261.7515869,331.8413086,263.3593445,391.3368225,262.815155
365654.3417,372,294.7438354,263.3649902,354.2247925,262.5198975,335.814209,265.3276672,395.3007202,264.6795959,295.8747559,262.5863342,355.2956238,261.8901978,336.8992615,263.731781,396.4979553,263.1377258
365654.3581,373,299.7199097,263.4894409,359.2675171,262.8267822,340.4421692,265.6012573,400.0209351,264.9943848,300.743988,262.7733765,360.2698364,262.0584106,341.7996826,264.1014709,401.4604797,263.481781
365654.3755,374,303.7677612,263.6952515,363.9274902,262.9882202,344.6689453,265.6755981,404.6541443,265.3746948,305.323822,262.9659424,365.0479736,262.2532959,346.401062,264.4341125,406.2010803,263.8326721
365654.3915,375,308.1084595,263.9156494,367.9862671,263.0090942,348.3759766,266.3339844,408.3415527,265.9885559,309.6066284,263.1782227,369.4854126,262.4519653,350.6765137,264.826416,410.5538025,264.2456665
365654.4081,376,311.7275391,264.1506348,371.4127808,263.4533081,351.8525391,266.7857056,411.80896,266.4315491,313.5431213,263.4243774,373.4851074,262.7092285,354.515564,265.2287292,414.4922485,264.6712646
365654.4247,377,314.3942871,264.3719482,374.5319824,263.8544312,354.9480591,267.2832336,415.0511475,266.6019592,316.9892578,263.6745911,377.0658264,262.9831238,357.9297791,265.6248169,418.0146179,265.0513916
365654.4413,378,317.3071289,264.6003418,377.4385376,263.9232788,357.7167969,267.5039063,417.699707,266.9248352,320.0474854,263.9147339,380.2003479,263.2153015,360.9301453,266.0002441,421.0422058,265.43573
365654.4583,379,319.6798096,264.7704468,379.6368408,264.2443237,359.8529053,267.9196472,419.8282471,267.4117432,322.6356506,264.1409302,382.8018799,263.4701233,363.3981323,266.380249,423.536438,265.8324585
365654.4744,380,321.7149658,265.2208862,381.3361206,264.5429382,361.3345642,268.2308044,421.4350586,267.5570374,324.7302551,264.3926392,384.8548279,263.7102661,365.3723145,266.7462769,425.5123291,266.2026367
365654.491,381,322.8717041,265.043457,382.3360291,264.6735535,362.4564819,268.124054,422.3951111,267.7416382,326.3229675,264.5751953,386.2903748,263.940979,366.8028564,267.0418091,426.8480835,266.5350037
365654.5083,382,323.6403809,264.5359497,382.9766541,264.4755249,362.9041443,267.9783325,422.8251343,267.7061157,327.3152466,264.6563721,387.130127,264.0926819,367.6276855,267.2613831,427.5743103,266.8197327
365654.5246,383,323.7478638,264.4200439,383.2529297,264.2850342,363.0286865,267.900116,423.1031494,267.5624695,327.6870117,264.6824951,387.4564514,264.184906,367.8513184,267.4396057,427.8011169,267.0330811
365654.5414,384,323.1824646,264.3384399,383.0354004,263.7247925,362.7375183,267.8582459,422.7260742,267.1827393,327.48703,264.6818848,387.2191162,264.1756287,367.5250854,267.5687561,427.4483337,267.1319885
365654.5577,385,321.9515381,264.2019653,381.682312,263.4772949,361.7727051,267.5923157,421.5169373,267.1891174,326.6734314,264.6392822,386.3166809,264.1138,366.6363831,267.6326904,426.4693298,267.1988525
365654.5745,386,320.5830078,264.0941162,380.2781372,263.8901978,360.1849365,267.2228088,419.928894,266.8773193,325.2923889,264.5479126,384.9096375,264.0808105,365.1470642,267.6370239,424.9726257,267.2159119
365654.5918,387,318.7460327,263.8527832,377.9543457,263.2119751,358.2347107,266.9535828,417.9084167,266.7891235,323.3801575,264.4242554,382.8713074,263.9735107,363.1699219,267.5702209,422.9008789,267.1584167
365654.6077,388,316.0024414,264.1264038,375.8952026,263.2096558,355.670105,266.7409058,415.574585,266.3934021,320.8690796,264.3312073,380.3972778,263.8455811,360.6207581,267.4754639,420.3671265,267.0476074
365654.6246,389,313.4278259,264.0985107,372.783783,263.3164673,352.9279175,266.5561829,412.7626343,266.276825,317.9235229,264.2419434,377.4140625,263.7200317,357.5873718,267.3484192,417.3388672,266.9398193
365654.641,390,309.5806274,263.7112427,369.1177368,262.4068604,349.4576416,265.9872131,409.4014282,265.7668762,314.4082947,264.0967102,373.9118958,263.4893799,354.027771,267.1508484,413.838562,266.7390442
365654.6576,391,305.9104919,263.1271362,365.5591431,262.3545532,345.6898804,265.3464661,405.4106445,265.4471741,310.4737854,263.9144897,369.9919434,263.2957764,350.0604553,266.8911743,409.8902893,266.5391846
365654.6745,392,301.6967163,263.1818237,360.9516602,262.4031982,341.4703064,264.9628296,401.0977173,264.7449341,306.1033325,263.7713623,365.5641479,263.1325378,345.7028198,266.6456299,405.4664307,266.3199158
365654.6916,393,296.7785645,262.8139038,356.4147949,262.3375244,337.1115112,264.6489258,396.3288269,264.5013733,301.2972107,263.5456543,360.7188416,262.9092407,340.9590454,266.3161621,400.6090393,266.0212708
365654.708,394,291.6816406,262.7184448,351.1668396,262.3829346,332.0359802,264.2759094,391.5977173,264.2793579,296.067627,263.34552,355.460907,262.7205505,335.820343,265.9589233,395.3996277,265.721405
365654.7255,395,286.2518921,262.1080933,345.8683472,261.6848755,327.1205444,263.8277283,386.3659668,263.2970276,290.5195923,263.0706177,349.906189,262.4368896,330.4046326,265.5372925,389.8988647,265.2989807
365654.7416,396,281.0556641,261.6500854,340.2322693,261.2703857,321.8358154,263.4757385,381.0366211,262.6406555,284.7816467,262.7503662,344.0911865,262.1149597,324.7687988,265.0758667,384.1766663,264.8030701
365654.7585,397,275.4632263,261.6102295,334.5325928,260.9194336,316.2171021,263.2528992,375.3095398,262.039032,278.8166809,262.4612122,338.0099792,261.7831421,318.8815308,264.6410828,378.1739807,264.255249
365654.7742,398,269.3685913,261.7562866,328.5655518,260.4289246,310.4553223,262.6880798,369.3959961,261.592804,272.6043396,262.2167969,331.7131958,261.4069519,312.7929382,264.2135925,371.9755249,263.7271118
365654.7914,399,263.3670349,261.1749268,322.5661621,260.4343262,304.5714722,262.1688538,363.4029236,261.4265747,266.2557068,261.9246826,325.2649536,261.1059265,306.5872803,263.7459106,365.6008301,263.2106628
365654.8076,400,257.3531494,260.8709717,316.1154785,260.0708618,298.5377808,261.4052124,357.2469482,260.9215393,259.7937012,261.6072388,318.6815491,260.7893677,300.2516785,263.255127,359.1384277,262.6996765
365654.8251,401,251.0383759,260.7015991,310.052063,260.0355835,292.3668213,261.1125183,351.3250732,260.7784729,253.2613983,261.3384399,312.1153259,260.5465698,293.8717651,262.8157349,352.6800537,262.2720642
365654.841,402,244.9108276,260.3652954,303.3832397,260.053772,285.5504761,260.5393677,344.8759766,260.5012512,246.619751,261.0552063,305.4208679,260.3663025,287.2936401,262.3573608,346.0863647,261.8491211
365654.8581,403,238.1647644,260.0523071,296.9344177,260.0750732,279.1313171,260.045166,338.0571899,259.8856506,239.8721924,260.7661743,298.6436157,260.207428,280.6450195,261.882782,339.4150391,261.416748
365654.8752,404,231.8067322,260.0015259,291.0095825,259.5189209,272.4176636,259.829071,331.9885254,259.3222961,233.0919647,260.5058594,291.987915,259.9779663,273.9345703,261.4596863,332.8287354,260.975708
365654.8911,405,225.2396088,260.0055542,284.369751,259.5465088,265.7404785,259.7337341,325.1887207,259.1482849,226.2858429,260.3031616,285.2463379,259.7994385,267.1424561,261.0814209,326.1625977,260.5837097
365654.9082,406,218.7237549,259.7667847,277.87323,259.8100586,259.4746704,259.2274475,318.5665283,259.1684265,219.4862823,260.0930786,278.5193176,259.7064209,260.375946,260.6965942,319.457428,260.2792053
365654.9242,407,212.3953705,260.3756714,271.741333,259.9884644,253.1352997,259.4831848,312.1296997,258.9013672,212.7772827,260.0307922,271.8911133,259.657135,253.6562195,260.416626,312.8201294,260.0049438
365654.9411,408,205.863739,260.2810669,264.9703369,260.0409546,246.511322,259.3265686,305.4560242,258.8903198,206.0985107,259.9943237,265.2287903,259.6416931,246.9664001,260.148468,306.1312256,259.7794495
365654.9577,409,199.7395935,260.81427,259.062439,260.4560242,239.8081665,259.7028503,299.3322144,259.085022,199.5118713,260.0749207,258.7489929,259.7069397,240.3226471,259.9995728,299.6091919,259.637146
365654.975,410,193.6199188,260.9395142,253.0898132,260.7828979,233.9279785,259.6311951,293.3469849,259.327179,193.0974884,260.1763,252.4313202,259.8499451,233.8433685,259.9142761,293.2437439,259.5618286
365654.9917,411,186.9963379,261.3760986,247.6858826,260.8292236,227.8055115,260.0788269,287.8836365,259.5849304,186.7258453,260.3634338,246.4287415,260.0074463,227.4387817,259.9104614,287.1878967,259.5329895
365655.0078,412,181.6195068,262.1472168,241.3871918,261.1286621,221.7369843,260.6646118,281.6922302,259.8368225,180.6357117,260.6569214,240.4342194,260.2099915,221.2597351,260.0358887,281.1245117,259.5569763
365655.0248,413,175.7672119,262.2822266,235.8153076,261.824646,215.6878662,260.8786011,276.0945129,260.5167236,174.6979523,260.960907,234.6911621,260.5206604,215.2046509,260.1886597,275.298645,259.6967773
365655.0418,414,170.5379334,262.9874878,230.2113953,262.458313,210.6625977,261.6591797,270.4744873,261.0136108,169.0545654,261.335968,229.0843201,260.8859558,209.5183411,260.4385376,269.589325,259.9043579
365655.0576,415,164.8888092,263.805481,224.933197,263.0096436,204.6896973,262.0315247,265.2443237,261.415802,163.4980774,261.7426758,223.6430817,261.2411499,203.8647156,260.6979675,264.0804443,260.1425171
365655.0744,416,159.6401062,264.3470459,219.9491425,263.7998657,199.3614197,262.5631409,260.0953979,262.0520325,158.1220856,262.2967224,218.4941711,261.7786865,198.4145966,261.1177673,258.8621521,260.5507813
365655.0914,417,154.4020233,264.8317566,215.1806335,264.15448,194.0770569,262.8399963,254.9668579,262.6909485,152.8811035,262.9558411,213.5235596,262.4099731,193.1047974,261.6335754,253.805481,261.0932922
365655.1086,418,149.8067474,265.5774536,210.778656,264.8172607,189.1469116,263.4610901,250.5279541,263.3123474,147.9353638,263.6659241,208.8335266,263.1012268,188.0414886,262.2122192,249.0367737,261.712616
365655.1246,419,145.002121,266.1021118,206.2495575,265.7995605,184.7895508,264.0558167,245.9252167,263.9699402,143.2418671,264.4156494,204.3388367,263.8939209,183.2686157,262.8657837,244.4826965,262.4434509
365655.1411,420,140.5245056,266.9735107,201.8561096,266.3823853,180.4255066,264.8274841,241.5708923,264.5244446,138.7502747,265.2004395,199.9690552,264.6758118,178.7148132,263.5513,240.0486755,263.1663818
365655.1578,421,136.5245209,267.6253052,197.6369019,267.1182251,176.3378143,265.4334717,237.2563782,264.8822937,134.5042572,266.0110168,195.7757263,265.472229,174.447525,264.2718201,235.8011475,263.8907166
365655.1752,422,132.7739105,268.2666626,194.0503845,267.6899414,172.2470398,265.5802917,233.6517334,265.1239014,130.5625763,266.7072144,191.9009399,266.1739502,170.436264,264.8531799,231.8717041,264.4998779
365655.1913,423,129.5346985,269.0883179,190.5332642,268.6152954,169.0196533,266.509613,229.7621765,265.6005859,126.9819717,267.4581299,188.3249207,266.908783,166.7453003,265.4973145,228.2149658,265.0872192
365655.2078,424,126.3946686,269.2886963,187.8115692,268.7937012,166.0552216,266.5653076,226.9281006,265.3851929,123.7469711,268.065033,185.1149139,267.4532776,163.472229,266.0008545,224.9059143,265.4553223
365655.2248,425,124.4427185,269.78479,185.4594421,269.2393799,164.2932587,267.151001,224.5152283,265.8451843,121.0893173,268.6412354,182.3564911,267.9858398,160.8087311,266.4745178,222.0455322,265.8139954
365655.2414,426,121.9006958,269.9630127,183.8101807,269.7629089,161.5004883,266.98526,222.9544067,266.6447144,118.7848969,269.122467,180.1453857,268.5329895,158.4605713,266.8182678,219.7411804,266.2217102
365655.2582,427,120.1207886,270.2709351,181.8848877,270.1380005,159.9729614,267.1921692,220.831604,266.5420837,116.8810959,269.5393372,178.2781525,268.9993591,156.5610504,267.1264343,217.7602539,266.5212708
365655.2751,428,119.0248871,270.4983521,180.6919861,270.2426147,158.7792664,267.2970581,219.8516846,266.6262817,115.4799194,269.8944397,176.9123688,269.3841248,155.1626282,267.3634033,216.3122559,266.7503052
365655.2915,429,118.1696625,270.8590698,180.1301117,270.4335938,158.0169678,267.4321594,219.2560425,266.8353882,114.5190887,270.198761,176.0664215,269.7254944,154.216156,267.5481567,215.4112854,266.9137878
365655.3082,430,118.0132751,270.6016846,179.6364441,270.2301636,157.5995178,266.9551086,219.0914612,266.5681763,114.0670319,270.3467102,175.7322388,269.9358826,153.7846069,267.568573,215.0525818,266.9444275
365655.3247,431,117.921463,270.4822998,180.0123138,270.3067627,157.9299316,266.5926514,219.3337708,266.5642395,114.1057892,270.3919067,175.9341431,270.1009521,153.8417816,267.460144,215.2249756,266.9500732
365655.3411,432,119.1456909,270.2199097,180.6475525,270.1716309,159.2044373,267.0879517,219.838501,266.1607361,114.8160934,270.4062195,176.5981445,270.1724854,154.5652313,267.3923035,215.8453217,266.8421936
365655.3576,433,120.4387665,269.7467651,182.2499084,269.836731,160.5408936,266.1839294,221.8290253,266.2583618,116.0538788,270.2583618,177.8863678,270.149231,155.8270874,267.130188,217.1301727,266.7070618
365655.3743,434,122.3442001,269.3800049,183.6559296,269.3910522,162.4043884,266.1861877,223.1459656,265.8413086,117.7945938,270.0413513,179.5723267,270.0042725,157.6167145,266.8709106,218.8068542,266.4801331
365655.3909,435,124.2969589,268.8876343,185.8602753,269.0089111,164.3032532,265.4692688,225.0144501,264.9511414,119.9568787,269.7709961,181.6419373,269.7648315,159.8224487,266.5305786,220.8702393,266.1537781
365655.4081,436,126.9250107,268.5458984,188.0044403,268.132782,166.9595032,265.8375549,227.2676239,264.5821228,122.5871277,269.519928,184.0688477,269.3922119,162.4838562,266.2807617,223.3093719,265.7693176
365655.4246,437,130.1023865,267.9224854,191.4914246,267.9293823,170.2367859,264.8821106,230.9281006,264.1956177,125.835701,269.2116089,187.1324615,269.0604248,165.7560883,265.9385681,226.4047241,265.4092407
365655.4414,438,133.6460724,267.1297607,194.8898773,266.9379883,173.7348633,264.1047668,234.4559631,263.7340393,129.446228,268.834259,190.708725,268.6972351,169.4073639,265.5572815,230.0161438,265.0388794
365655.4581,439,137.8080902,266.4589233,198.8199463,266.5227051,177.9699707,263.9377747,238.3212585,263.401001,133.5654907,268.4885254,194.6571808,268.3693848,173.5524292,265.2579956,234.0108185,264.7505188
365655.4747,440,141.9415741,266.0878906,203.1395874,265.5487671,181.7770081,263.503418,242.7868347,262.8268738,137.9879608,267.8740845,199.0606079,267.6916504,177.9816589,264.6949768,238.4548798,264.1473999
365655.4912,441,146.1498413,265.1190796,207.6421814,264.6222534,186.4147339,262.2353821,247.3335266,262.1658936,142.6828613,267.1121216,203.8257751,266.9041443,182.7113647,263.9782715,243.2671509,263.4550171
365655.508,442,151.2745209,264.809021,212.348999,264.125061,191.6914063,262.3297729,252.0838318,261.7906189,147.762085,266.4038391,208.8732758,266.1230164,187.8598022,263.3672485,248.3379822,262.7845154
365655.5247,443,156.6835175,264.1799316,217.1812744,263.2590942,197.0909119,261.5753479,256.780365,261.1217651,153.177475,265.6454773,214.1137085,265.2868958,193.3084412,262.7160034,253.6015472,262.0821533
365655.541,444,162.627655,263.5096436,222.4446259,262.8410034,202.4873352,261.3265686,262.2640991,260.8401184,158.9994965,265.0049744,219.5841217,264.5516357,199.1138611,262.1545715,259.1243286,261.5144043
365655.5584,445,168.426712,262.6708374,228.3535614,262.2607117,208.6360779,260.8168335,267.8987122,260.3743591,165.1208649,264.2936096,225.4638062,263.8659363,205.2441711,261.5856018,265.0011902,260.969696
365655.5743,446,174.4128113,262.2191162,234.4068451,261.5848999,214.2933044,260.6854553,273.8911743,260.5030212,171.4371643,263.6998596,231.5726318,263.2648315,211.5455017,261.1302185,271.1095581,260.5742493
365655.591,447,180.1998749,261.3850098,240.4125977,261.0791016,220.9238739,259.9993591,280.0821228,260.0252991,177.8686523,263.034668,237.8455353,262.6469421,218.0368042,260.6343994,277.4253845,260.2066956
365655.6082,448,186.394455,260.8943481,246.4954224,260.7936707,226.9347382,260.0103455,286.3656006,259.8731384,184.3849487,262.4839783,244.196228,262.1067505,224.5952454,260.2357483,283.8266602,259.8856812
365655.6243,449,193.0229492,260.642395,252.562912,260.3077393,233.5108032,259.635376,292.5253906,259.7539673,191.0952759,261.9614563,250.6873322,261.6020508,231.335022,259.8826599,290.3615723,259.6459656
365655.6423,450,199.9822845,259.9942017,258.7946777,259.8120117,239.9966431,259.5830994,299.5424194,259.4782715,197.965744,261.4324646,257.3226318,261.1190491,238.1992798,259.5715027,297.0953674,259.4021606
365655.6577,451,206.7518005,259.3503418,266.0828857,259.0987549,247.0887451,259.4252014,306.5638428,259.2644959,205.0193024,260.9275208,264.2451477,260.6283264,245.2674408,259.2828674,304.0995178,259.1853943
365655.6747,452,213.6431122,259.4677124,272.5916138,259.2203369,253.9014893,259.5653076,312.9523315,259.2286072,212.0896759,260.5574951,271.2064514,260.2527161,252.3730469,259.1363525,311.1202698,259.0372925
365655.6917,453,220.2723084,259.2833862,279.3919373,258.213562,260.7971191,259.624939,319.9715271,259.0204468,219.1321564,260.1964722,278.2671509,259.7849426,259.4371948,259.0440979,318.2550049,258.8414612
365655.7076,454,226.995163,259.0546265,286.1418457,258.7067871,267.7171631,259.6648865,326.8146667,259.7301636,226.1951294,259.9147949,285.3412781,259.5265198,266.5256042,259.0198975,325.4072876,258.862854
365655.725,455,234.0463104,258.9752808,292.8590088,258.5532227,274.8659058,259.9054565,333.9165344,259.6167603,233.3297272,259.6951599,292.3689575,259.2919006,273.6945496,259.0948181,332.556488,258.8949585
365655.7415,456,240.9009247,259.0855103,299.7536621,258.241333,281.7075806,260.2741394,341.1773376,259.5238342,240.4229889,259.5681152,299.4344788,259.0457764,280.8667297,259.2487488,339.7557068,258.9224548
365655.7588,457,247.9611664,259.0150757,306.5012817,258.7067261,288.9507141,260.6361694,347.9100952,260.0610962,247.5989532,259.5031433,306.4343567,258.9650269,288.1076965,259.4733582,346.9108887,259.1117859
365655.7747,458,254.5817871,259.0992432,313.4824219,258.4508057,295.7897339,260.9917908,354.7366638,260.3137512,254.6328125,259.4949036,313.4361877,258.9125671,295.2521667,259.7506409,354.0602112,259.304718
365655.7913,459,261.4205017,258.9710083,320.086853,258.7301025,302.4155579,261.0996704,361.6205444,260.6703186,261.6217041,259.4448242,320.363739,258.9064636,302.2636719,259.9934387,361.1430969,259.5481262
365655.8083,460,268.1123047,259.4354248,327.2493896,258.9752808,309.1690063,261.4219666,368.197937,260.9937439,268.4707031,259.4823914,327.2800598,258.9453125,309.1557007,260.2702026,368.149292,259.8318787
365655.8247,461,274.7460938,259.6538086,333.5712891,259.1126099,315.6860962,261.8833923,374.510498,261.0058594,275.2087708,259.5247498,333.9556885,258.9829102,315.931427,260.5822754,374.906311,260.0733948
365655.8412,462,281.3627319,260.3947754,340.0137329,259.5609131,322.3166504,262.9913635,380.8990173,261.6075745,281.848175,259.704071,340.5275879,259.0867615,322.6491394,261.0122375,381.4896851,260.3756104
365655.8583,463,287.5200195,260.5848999,346.3327026,260.2487793,328.213501,263.2917786,387.5638123,262.5097046,288.2961121,259.8439331,347.0542603,259.2604675,329.1268005,261.3714294,388.0788574,260.7239075
365655.8747,464,293.4295349,261.2531738,352.3681641,260.53479,333.7435303,263.8016663,393.6281433,263.2443237,294.4718933,260.0238342,353.332489,259.4248657,335.3071899,261.7555847,394.4320374,261.1134338
365655.8915,465,299.4960327,261.7357788,358.7351074,261.1543579,340.0136108,264.3036194,399.5617676,263.8100281,300.5264282,260.4184265,359.5174255,259.8352966,341.361145,262.3356934,400.6375732,261.6779175
365655.9075,466,304.8394775,262.0487671,364.2340088,262.0317383,345.3503113,265.2080994,405.1046753,264.5910339,306.2540588,260.9102478,365.4086914,260.4087524,347.071167,263.039978,406.5453186,262.379364
365655.9242,467,310.1212158,262.6635742,369.6533203,262.0049438,350.5639648,265.731781,410.4908447,265.4773254,311.7293701,261.4569092,371.0547485,260.9733276,352.5150757,263.764801,412.1730347,263.1446838
365655.9414,468,315.208313,263.1130981,375.0263672,262.8795776,355.3006287,266.3816834,415.5666199,266.3718567,316.889801,262.0437622,376.4992065,261.6381836,357.6159668,264.5249329,417.5438843,263.9936523
365655.9583,469,319.4962769,263.6954956,379.4344482,263.1938477,360.1633301,267.1805115,420.208252,266.6113892,321.7307129,262.6889648,381.5127869,262.2840881,362.4300232,265.325531,422.5045471,264.8115234
365655.9742,470,323.9937439,264.1651001,383.7731323,264.1379395,364.0898438,267.7558899,424.2218018,267.7756348,326.2230225,263.3444214,386.1226501,263.0471497,366.8296814,266.122467,427.0472717,265.7224731
365655.991,471,328.2713623,264.6102905,387.7875366,264.4944458,368.1995544,268.500946,428.3016357,267.9759827,330.4237671,263.9265137,390.3708496,263.6894531,370.9415283,266.8514099,431.2105103,266.4931946
365656.0081,472,331.4557495,264.9169922,391.2296753,264.6752319,370.960144,268.7182922,431.3302002,268.8128357,334.0910034,264.3822937,394.1266174,264.2260742,374.4794006,267.4584045,434.8955994,267.2064514
365656.0248,473,334.3392944,265.4768066,394.1554565,265.2371216,373.7921753,269.378479,434.4523621,268.9196472,337.2876892,264.8315125,397.3739014,264.6717224,377.5521545,268.0469971,438.0893555,267.8012085
365656.0421,474,336.619751,265.6630249,396.5206909,265.7144775,376.0960388,269.528717,436.2863159,269.7509155,340.0003662,265.241394,400.0116577,265.1196289,380.1416931,268.5625916,440.6338196,268.414917
365656.0581,475,338.8729248,266.1300049,398.2559204,265.8426514,378.2680054,270.1117249,438.1180115,269.9588013,342.2656555,265.6388855,402.1158142,265.4945068,382.2987671,269.0663147,442.6238709,268.944397
365656.0747,476,339.8331299,266.2506104,400.328125,266.312439,379.3155212,270.069519,439.8903809,270.2948303,343.8106384,265.937439,403.8381348,265.8600769,383.7744751,269.4707642,444.2047119,269.4160461
365656.0914,477,341.078186,266.602478,400.9044189,265.968689,380.00354,270.3948669,440.5473633,270.5274963,344.9316406,266.2108765,404.9339294,266.0738831,384.7627869,269.8462219,445.2018738,269.7884521
365656.1081,478,341.5753784,266.618042,401.0489502,266.1853027,380.5263672,270.6026001,440.7991638,270.3276672,345.5229797,266.4368896,405.4065247,266.2243652,385.2241211,270.1410217,445.5811157,270.0708313
365656.1247,479,341.168335,266.5131226,401.3342285,266.2976074,380.5080566,270.7703552,441.009613,270.4949036,345.5242615,266.5752869,405.460022,266.3519897,385.1334839,270.3785095,445.5377502,270.2588806
365656.1417,480,340.9277344,266.6172485,400.7094116,266.2296143,380.0075073,270.8452759,440.3588867,270.9309387,345.0582275,266.6754456,404.988739,266.4535828,384.5830688,270.5585938,444.9922485,270.4612122
365656.1576,481,339.8803711,266.6570435,399.6246948,265.9585571,379.0953064,270.7583008,438.9205933,270.4361877,344.1144409,266.7397461,403.9533691,266.4001465,383.51828,270.6742554,443.8337097,270.4960938
365656.1745,482,338.3555908,266.2608032,398.3343201,265.9293823,377.5273132,270.6365051,437.7306824,270.2641296,342.6386108,266.6833801,402.4824829,266.3260498,381.9654236,270.6833191,442.2751465,270.4801025
365656.1914,483,336.1883545,266.2589111,396.525238,266.0736084,375.4080505,270.3045959,436.0249023,270.1914673,340.6861267,266.6117859,400.6265259,266.2417297,379.9538879,270.6246338,440.3346558,270.448822
365656.2082,484,333.7633057,266.0577393,393.7553101,265.2631226,372.8865356,269.8520813,433.5109863,269.6680298,338.1952209,266.4614563,398.1863098,266.0300598,377.4312134,270.4737244,437.8656921,270.2594299
365656.2247,485,330.7057495,265.8115234,390.3359985,265.1835327,370.1287842,269.8196411,430.0944824,269.1114502,335.2272034,266.3071594,395.1598206,265.781189,374.4607239,270.3283081,434.7943115,270.0310059
365656.2411,486,327.5953064,265.6506348,387.0087891,264.9785156,366.8432007,269.3347778,426.7613525,268.9447937,331.8468018,266.128479,391.6366272,265.5767822,371.0612793,270.134491,431.27005,269.8207397
365656.2586,487,323.3881836,265.4077148,383.1513062,264.5335693,362.9480896,268.6889038,423.1506348,268.7219543,327.9756775,265.9465637,387.6694336,265.3590698,367.2038879,269.8941956,427.3143005,269.6090698
365656.2745,488,319.3426514,265.0647583,379.0481567,264.4992065,359.0457153,268.2357483,419.2004089,268.2081299,323.690155,265.7547302,383.3947144,265.1789856,362.9367676,269.648407,423.0887451,269.406189
365656.2913,489,315.0484314,264.6796875,374.8283691,264.1536865,354.6593628,267.5331421,414.9996033,267.630127,319.050354,265.5451355,378.7909546,265.0050049,358.3540955,269.3605347,418.5289917,269.1419983
365656.3084,490,310.1400146,264.3826904,369.5892334,263.6431885,350.1650391,266.7866516,409.8670349,266.7446289,314.0810547,265.2858582,373.6838379,264.7200928,353.4743042,268.9695435,413.4658508,268.7703552
365656.3248,491,304.819397,264.1879883,364.3894653,263.5560303,345.074585,266.4126892,404.4799805,266.2940369,308.7363281,264.9376831,368.2617188,264.3457336,348.2058716,268.4519653,408.0783081,268.2743835
365656.3411,492,299.3861084,263.6642456,359.1222534,263.1266479,339.8865051,265.6497192,399.5766602,265.7860413,303.1232605,264.5414429,362.6304932,263.9739685,342.7111816,267.868866,402.5141602,267.7324524
365656.3582,493,293.7213135,263.6748047,353.5496521,263.0023804,334.3956909,265.1416321,393.7251892,264.7058716,297.2709656,264.1768188,356.6856384,263.5849915,336.9804993,267.2846985,396.6426392,267.1123047
365656.3747,494,288.1252441,262.8786316,347.5634766,262.5861206,328.9666138,264.594635,388.2874146,264.3970032,291.2739563,263.7576294,350.5863037,263.1870117,331.1226196,266.6438599,390.6539307,266.5039978
365656.3909,495,281.9666443,262.4271851,341.7042847,262.4799194,323.3143921,264.4699097,382.5184937,263.7864075,285.0591431,263.3746948,344.4074402,262.8572693,325.085144,266.0940247,384.5845947,265.9399719
365656.4083,496,275.992981,262.3861694,335.1454468,261.7641602,317.3965149,263.7750854,376.3148804,262.9465027,278.717041,262.9883118,337.9856567,262.4414673,318.933075,265.5071716,378.2806396,265.2556458
365656.4247,497,269.6688232,261.9205933,329.2738037,261.333252,311.3169556,263.2355042,370.0528564,262.471344,272.2419739,262.6212769,331.4487305,262.0178833,312.6434326,264.9157104,371.8287659,264.5995483
365656.4415,498,263.3900757,261.8288574,323.0003357,261.023407,304.8912964,262.6808167,363.742981,261.8875122,265.6644287,262.3141479,324.8317261,261.6428223,306.2536621,264.3725891,365.2942505,263.9659729
365656.4585,499,256.9150391,261.5638428,316.493103,260.9865112,298.3799438,262.1297302,357.6708374,261.8339539,258.9376526,262.0155945,318.172699,261.3705444,299.6856384,263.8477173,358.733429,263.4152832
365656.4745,500,250.1850586,261.6524658,309.6468201,260.9898682,291.9418335,262.0580139,351.1801758,261.6439514,252.1209259,261.8047485,311.4088745,261.1582336,293.0400696,263.4064331,352.0846863,262.9484253
365656.4914,501,243.8167725,261.1629028,303.1974487,260.3647461,285.318573,261.6506653,344.7310791,261.0699158,245.2925873,261.5617371,304.6851196,260.8980713,286.3692932,262.9662781,345.4744873,262.4573059
365656.5077,502,237.108139,261.6946411,296.388916,260.4710693,278.5521851,261.4876099,338.073822,260.8378296,238.4169769,261.4329529,297.8387146,260.6950073,279.6119385,262.6199341,338.7453308,262.0263672
365656.5244,503,230.3920746,261.4348145,289.8826904,261.0148926,271.877655,261.37677,331.2102661,260.7697754,231.4889984,261.3206787,290.9342957,260.6242981,272.786499,262.3174133,331.9440002,261.7070618
365656.5415,504,223.6269226,261.1345825,283.0115356,261.2341309,265.1548462,261.2582092,324.422821,260.9432373,224.5346832,261.1990356,284.0221252,260.6478577,265.9177856,262.0406189,325.1115723,261.4847717
365656.558,505,216.6990662,261.4471436,276.4893799,261.5505981,258.10849,261.1669617,317.7194214,260.7593994,217.4966736,261.1502686,277.112854,260.7045898,258.94104,261.846283,318.2901611,261.3335876
365656.5748,506,209.8296967,261.9851685,269.6668701,262.0134277,251.4942322,261.5959778,310.8196106,261.0118408,210.496521,261.2398376,270.1980896,260.8795166,252.009491,261.7604065,311.4111328,261.2741699
365656.5914,507,202.9468689,262.5560913,262.7711792,262.2396851,244.5767517,261.7634277,304.2698059,261.164032,203.4955444,261.4555359,263.309082,261.0956116,245.0320282,261.7398376,304.5791626,261.291748
365656.6075,508,196.2402344,263.1524048,256.0714722,262.6642761,237.8034058,262.124176,297.5524292,261.5516052,196.5550842,261.7548218,256.4166565,261.3786621,238.1048737,261.8377075,297.7127075,261.3835449
365656.6246,509,189.3340912,263.8101196,249.7312927,263.5951538,230.7946014,262.5410767,290.7839966,262.0451965,189.6082153,262.1335754,249.6173096,261.7785034,231.1423645,262.0010986,290.9361572,261.5593872
365656.641,510,182.6228485,264.557251,243.5814819,263.9978638,223.7792206,263.0623474,284.9060974,262.6098022,182.6788177,262.5754089,243.0372467,262.1996155,224.1842346,262.2473755,284.4046021,261.7928162
365656.6577,511,175.8527069,265.2058105,236.8270721,264.9364014,217.5653534,263.6169128,278.0993958,263.3461609,175.8412781,263.04422,236.4731903,262.7098999,217.3673401,262.5366211,277.8484192,262.0999451
365656.675,512,169.5757141,266.1572876,229.9667816,265.5296631,211.0072479,264.2975159,271.3661499,263.668396,169.1509399,263.5909119,229.8653412,263.2314148,210.6499023,262.8945313,271.2294006,262.4118652
365656.6909,513,163.4019775,267.1572876,223.8922577,266.5151978,204.1591492,265.0140686,265.5094604,264.3608093,162.5821838,264.4806824,223.4816437,264.0934448,204.0190887,263.5650635,264.8526611,263.0355835
365656.7078,514,157.5014954,268.2352295,218.4509735,267.373291,198.4097595,265.6717224,259.4334106,264.9117737,156.2713776,265.526886,217.3590851,265.0569763,197.6636353,264.4148865,258.6715698,263.7634277
365656.7248,515,151.2516022,268.9816895,212.9656677,267.8824463,192.2507019,266.0589905,254.0667725,265.2540588,150.0852203,266.5986328,211.5137024,265.9776306,191.4369354,265.2478943,252.807312,264.4854736
365656.7409,516,146.0999756,269.8481445,207.7930908,269.1730347,187.2814941,266.8497009,248.6704102,266.3887939,144.3302612,267.7339783,205.9473572,267.0758667,185.6531067,266.1230774,247.1964722,265.375946
365656.7579,517,140.5430298,270.5250854,203.0891724,269.6506042,181.7744141,267.5095215,243.6519165,266.8429871,138.7610168,268.7628174,200.754303,268.0384827,180.0690308,266.9239807,241.9478149,266.1705017
365656.7751,518,135.938797,271.4110718,198.2653503,270.6765747,177.2247314,268.2208557,239.172287,267.9139709,133.6593781,269.8421936,195.8644257,269.1066284,174.9358368,267.769928,237.0374603,267.0919495
365656.791,519,131.5261688,272.1772156,194.0983124,271.2143555,172.6461182,268.7231445,234.7749939,267.9310303,128.9367828,270.7744751,191.366333,269.9588928,170.1707459,268.4804382,232.470871,267.7601929
365656.8077,520,127.901413,272.7067261,190.0856171,272.2625122,168.5945435,269.2117615,230.7277527,268.3231812,124.7308578,271.5738525,187.2196045,270.771637,165.8923187,269.0742493,228.2542419,268.3374023
365656.8251,521,124.2916107,273.1756592,186.7832489,272.9396973,165.7097473,269.5043335,227.6622009,268.8375549,121.0184708,272.2705383,183.5679626,271.5508423,162.1763916,269.5707397,224.5881195,268.9039307
365656.8419,522,121.2119904,274.2437134,184.2176971,273.3434448,162.7435913,270.3760071,224.8851318,268.8939819,117.7558899,273.0331116,180.5708923,272.2192383,158.9450836,270.1356201,221.5362854,269.3171997
365656.8589,523,119.0853119,274.5301514,181.7608032,274.0845947,160.4673767,270.1005859,222.4483032,269.7362061,115.1463089,273.6272888,178.0150452,272.9312744,156.3079529,270.493042,218.9317017,269.7993774
365656.8744,524,116.981781,274.5886841,180.1221008,274.2993774,158.404541,270.6541443,220.8660126,269.7772522,113.0291748,274.1192627,175.9836578,273.4877625,154.190094,270.8121033,216.8456879,270.1341248
365656.8918,525,116.094017,274.7305298,178.6062469,274.326416,157.1286316,270.576355,219.8496094,270.1289063,111.5189743,274.4900208,174.5026093,273.93573,152.7030182,271.0152893,215.3334961,270.4118347
365656.908,526,115.0604477,275.397583,177.6259766,274.7889404,156.2728577,271.026001,218.9548798,269.8809509,110.5724792,274.8915405,173.504303,274.3016357,151.7818604,271.2661438,214.3640442,270.5738831
365656.9247,527,115.0085602,274.9576416,177.4797821,274.8300171,156.6678162,270.8731384,218.2534637,270.1758423,110.2541504,275.0667419,173.0683136,274.5526733,151.5185547,271.3444824,213.9007874,270.6560974
365656.9413,528,114.9544907,274.7562256,178.0041199,274.2622681,156.7438354,270.2776794,218.7388916,269.7397461,110.4791107,275.0862427,173.2638702,274.6242371,151.7941589,271.2406921,214.0844574,270.5827942
365656.9583,529,116.0607758,274.8147583,178.636322,274.1109009,157.4796753,270.5729065,219.6553192,269.646637,111.2573853,275.0890198,174.0010834,274.5868225,152.5880585,271.1412659,214.8596954,270.4073486
365656.9747,530,117.1940918,273.8864746,179.6832733,273.7367554,158.5253143,269.7485962,220.3864441,269.3235168,112.5380325,274.8313904,175.1843719,274.4605713,153.8724823,270.8046265,216.026001,270.1435242
365656.991,531,119.3044052,273.8012085,181.6360168,273.4827271,160.5822449,269.5749207,222.5493622,268.7941589,114.3992004,274.5534668,176.9610443,274.1980591,155.7468109,270.4624023,217.8223877,269.763916
365657.0085,532,121.3659821,273.3277588,183.9222107,272.8806763,162.9031067,269.1833801,224.4714355,268.2666321,116.705246,274.20578,179.1749878,273.8220825,158.1231842,270.0605774,220.028595,269.3317261
365657.0246,533,123.9420013,272.7826538,186.4195862,272.3336792,165.5589905,268.8355408,227.1826172,267.8645325,119.5034637,273.8121338,181.8659973,273.4170837,160.937973,269.6439514,222.7099457,268.8961182
365657.0415,534,127.6280518,271.9336548,189.7550507,271.8012695,168.83078,268.1396179,230.5754852,267.4709473,122.8553085,273.3865356,185.1088104,272.9917297,164.2624207,269.2244873,225.9655151,268.4807129
365657.058,535,131.1885834,271.0141602,193.2711487,270.8475342,172.8716278,267.6444702,234.0443573,266.7955627,126.6942673,272.8753052,188.7605286,272.5318604,168.1264496,268.8015747,229.6243591,268.0455322
365657.0743,536,135.4362335,270.4533691,197.6442108,270.348938,177.0885925,267.028595,238.3470917,266.512085,130.9656982,272.4590149,192.9838715,272.1524353,172.4170227,268.4277954,233.8442993,267.7232056
365657.0914,537,139.6990814,269.6275024,202.4995575,269.3959351,181.9368134,266.6173706,243.163208,265.9340515,135.6453552,271.7927246,197.7714386,271.5249329,177.1969299,267.8568115,238.5835571,267.1570129
365657.1081,538,144.9160004,269.1193848,207.227829,268.867157,186.3502655,266.1352844,247.8491211,265.6613464,140.6972961,271.0428772,202.8882446,270.7857361,182.2673645,267.2225952,243.6413879,266.5596619
365657.1243,539,150.3029633,268.5969238,212.5255737,268.0524292,191.9176483,265.8296204,253.4073944,265.0541382,146.2514191,270.3395081,208.3760529,270.043396,187.8177795,266.6289978,249.1382141,265.9552917
365657.1409,540,156.2308197,267.8267212,217.8402557,266.7860107,198.0336609,264.8670044,258.8075867,264.4008179,152.2240448,269.4897156,214.1726074,269.1214294,193.7915192,265.9057922,254.9541321,265.2114868
365657.1581,541,162.585556,267.121582,223.5870056,266.6741943,204.1855774,264.602356,264.46521,264.3247375,158.5993042,268.7941284,220.2585297,268.4280396,200.1818848,265.3537292,261.0283203,264.6943054
365657.1748,542,168.8990326,266.1409302,229.8395844,266.104248,210.5691376,264.0550537,270.9674683,264.0342407,165.2286835,268.0008545,226.6234436,267.7441101,206.8394928,264.7314758,267.4286499,264.205658
365657.192,543,175.477356,265.8676453,236.4988251,265.3514404,217.0802612,264.1979065,277.2164917,263.8231812,172.1405792,267.377655,233.3230438,267.0985413,213.7784729,264.3213196,274.1119385,263.8234253
365657.2085,544,182.0197144,265.3353882,243.3809662,264.8526001,223.7727966,263.7620239,284.0098877,263.6954651,179.2067871,266.7790527,240.2717896,266.4904175,220.8626862,263.9369507,281.0673218,263.5033875
365657.2244,545,189.1801758,264.9934692,250.2013855,264.3585815,230.8550415,263.4878235,291.2803345,263.4917297,186.4784698,266.2499695,247.4338226,265.9190063,228.1391907,263.6113281,288.2556763,263.2321777
365657.2414,546,196.576828,264.6957397,256.7106323,263.8406982,238.0283813,263.3121643,298.0917664,262.9988098,193.9598694,265.7729187,254.6510925,265.3583984,235.6413269,263.335144,295.5196838,262.9622498
365657.2577,547,204.0791931,263.9080811,263.6512146,263.2716064,245.3058777,263.2731934,305.291687,262.8487549,201.6265411,265.2859802,261.9364624,264.8035278,243.2699585,263.0761414,302.8773193,262.7098084
365657.2744,548,211.1789551,263.7028198,271.1259766,263.0834351,252.9404602,263.1868286,312.7350464,262.6961365,209.3526764,264.8563843,269.4190979,264.3314209,251.0052032,262.888916,310.4354553,262.525177
365657.2917,549,218.221283,263.6118774,278.5751953,262.7926636,260.0375671,263.4243774,320.235321,263.1255798,217.0295715,264.5299072,277.0643311,263.9380798,258.6469727,262.7976685,318.1637268,262.4480591
365657.308,550,225.7751923,263.489563,286.0230713,262.6703796,267.611908,263.3716431,328.0496826,263.1504517,224.6931305,264.2581177,284.7821045,263.6242676,266.3440552,262.7647095,325.9986267,262.4414063
365657.3246,551,232.9825897,263.3534546,293.0432129,262.7479248,274.8458862,263.629303,335.52005,263.0888977,232.2874298,264.0643311,292.4754639,263.3792725,273.9590759,262.8245239,333.8248901,262.4747314
365657.3412,552,240.5779877,263.161438,300.0134277,262.8763428,282.5138855,263.9500122,342.6954041,263.5844421,239.9557953,263.8922424,300.014801,263.2421265,281.6385498,262.9648132,341.5071106,262.5952759
365657.3581,553,247.8422546,263.6615601,307.5844727,262.8748779,289.9110718,264.5101013,350.1257324,263.9224854,247.5673523,263.8818054,307.5249023,263.1809082,289.2891541,263.2350159,349.1558228,262.8171997
365657.3743,554,255.0520935,263.7090454,314.829834,263.081604,297.2132263,264.901886,357.3444214,264.3438416,255.0875397,263.9001465,314.9793091,263.199707,296.8502808,263.5265808,356.725769,263.1136475
365657.3915,555,262.1306152,263.918457,322.1218872,263.303833,304.504364,265.3069763,364.5571289,264.5335999,262.4824219,263.980072,322.3385925,263.2592163,304.3093872,263.8613586,364.2281799,263.4030151
365657.408,556,269.34021,264.1349792,329.2243042,263.5992432,311.7011719,265.8315125,371.6163025,265.065918,269.7633972,264.082428,329.5973206,263.3778381,311.6410217,264.2362061,371.6338501,263.7402954
365657.4249,557,276.1546326,264.7246094,336.1303711,264.1696777,318.4373169,266.4134216,378.5163574,265.6332092,276.8589172,264.2444153,336.7492371,263.5664673,318.7872009,264.6643982,378.8946838,264.1231079
365657.441,558,283.1019897,264.6605225,342.9415283,264.7289429,325.3824463,266.7108459,385.3206177,266.225647,283.8507996,264.3418274,343.7013855,263.7771301,325.8481445,265.0479736,385.9299927,264.5286255
365657.4583,559,289.5079956,265.5458984,350.1454468,265.0651855,331.5465698,267.4327393,392.3245239,266.8677368,290.5845032,264.5291748,350.6100464,263.9801331,332.6495056,265.4454651,392.8835449,264.9171143
365657.4747,560,296.0836182,265.5213623,356.3833008,265.4354858,337.9862976,267.7236633,398.5590515,267.7522888,297.1915894,264.7470398,357.2625122,264.2808228,339.2683716,265.8898621,399.5832214,265.4431458
365657.491,561,302.4946289,266.4950562,363.147644,266.0330811,343.9455566,268.8496399,404.9361267,268.5454407,303.5536194,265.2487183,363.8265381,264.8257751,345.5999451,266.6033325,406.157959,266.1697083
365657.5082,562,307.9490662,267.1932373,368.9644165,266.7852173,349.4913025,269.7002563,410.5405273,269.3989563,309.5609741,265.8492432,370.1151428,265.4795532,351.5827637,267.4226379,412.4089966,267.0013123
365657.525,563,313.617981,267.6176147,374.7334595,267.4393921,354.9183044,270.3859558,415.7894897,270.0006409,315.2640076,266.471344,376.0948181,266.1544189,357.2388916,268.2524719,418.2702942,267.8612061
365657.5414,564,318.4958496,268.2183228,380.0248413,267.6262817,359.829071,271.0644531,420.8367615,271.1666565,320.5932922,267.1328125,381.6816711,266.8425903,362.5179443,269.0853577,423.7012939,268.7854004
365657.5576,565,323.4233398,268.59021,384.3554077,268.2626648,364.2762146,271.8736267,425.5611267,271.8042297,325.566864,267.805542,386.789978,267.5584106,367.3901978,269.9610291,428.6983032,269.7090454
365657.575,566,327.3545532,269.2348633,388.4763794,269.0141602,368.230896,272.809021,429.4460449,272.648468,330.0316772,268.5299683,391.3656921,268.3246765,371.7479248,270.8838806,433.1452942,270.6729431
365657.5913,567,331.0439453,269.6820679,392.0822754,269.1748047,371.3934021,273.1053772,432.9671631,272.8673401,333.9788513,269.1212463,395.3982544,268.8712158,375.5264282,271.6446838,437.048645,271.4247437
365657.6076,568,334.4041443,269.8631592,395.3319702,269.6288452,374.6231384,273.5726624,435.8856812,273.2896423,337.4914856,269.6006775,398.8714294,269.3347778,378.8605347,272.2919006,440.3686218,272.071167
365657.6248,569,336.5240479,269.9945068,397.4050293,270.0556641,376.9248962,274.0512085,438.3082886,273.9386292,340.3131104,270.0088501,401.6358337,269.7739258,381.5253601,272.8973999,443.0094604,272.7119141
365657.6414,570,338.7368164,270.2692261,399.3935547,270.0517273,378.6973267,274.1408997,440.0328369,273.9810181,342.6125793,270.3208618,403.7648315,270.0801086,383.6315002,273.3612061,444.9934998,273.2208252
365657.6581,571,339.9376831,270.2775879,400.935791,270.0434265,380.0872192,274.347229,441.2251892,274.2711792,344.228363,270.5411072,405.3494568,270.2890625,385.0898438,273.7633667,446.4206543,273.6318665
365657.6743,572,341.0300903,270.4094238,401.8034058,270.1162109,380.9798584,274.3856506,442.4458008,274.6491394,345.3208313,270.6554871,406.3493347,270.4501038,386.0195923,274.0255432,447.2927246,273.9776001
365657.6913,573,340.9638672,269.9006958,402.1599121,269.8201294,381.086792,274.3623047,442.3503113,274.5309143,345.7329407,270.6352844,406.7680664,270.4728699,386.3210449,274.1809387,447.5783081,274.1835632
365657.7087,574,341.1661987,269.5383911,401.8522339,269.8320313,381.0412598,274.1998291,442.1416931,274.4233704,345.6449585,270.5037231,406.5797424,270.4358215,386.0941162,274.2289124,447.2827454,274.3113098
365657.7247,575,340.2702026,269.5884399,400.9093628,269.5222168,380.2073364,274.2907104,441.2225952,274.115387,344.9683838,270.3561401,405.7722473,270.2745667,385.3039551,274.2424622,446.4133606,274.319397
365657.7415,576,339.0191345,269.5066528,399.7080994,269.0147095,379.0050964,274.12677,439.6884155,273.6997681,343.7463074,270.1660767,404.4342041,270.022644,383.9696045,274.2002563,445.006012,274.1628113
365657.758,577,337.0489502,268.8746948,397.7144165,268.4059448,377.1060486,273.5567322,437.7714844,272.9684753,341.9485474,269.8482056,402.5463257,269.6264648,382.1055298,273.9989014,443.0223999,273.8517456
365657.7744,578,334.8270264,268.4492188,395.3483887,268.0394897,374.7264099,272.9329224,435.5205078,272.4141846,339.6282959,269.4815369,400.1385193,269.1983643,379.7038574,273.7080688,440.5481567,273.4853516
365657.7914,579,331.9644775,268.0882568,392.8322144,267.567688,371.9068604,272.3378296,432.734314,272.1259155,336.7489319,269.0844421,397.3016663,268.7521057,376.7905579,273.3798218,437.6293945,273.1112366
365657.8077,580,328.5202026,267.7133789,389.0637207,267.0502319,368.5204468,271.8326111,429.1973877,271.6509705,333.3762207,268.7129517,393.8683167,268.3164368,373.3996277,273.04245,434.1610413,272.7539063
365657.8247,581,324.9702759,267.7189331,385.118103,266.8526001,364.6475525,271.5812073,425.1705933,271.4681702,329.5291443,268.4707947,389.9013367,268.0073853,369.4922485,272.7841187,430.1231689,272.5058899
365657.8413,582,320.7832947,267.6958618,381.0303345,267.3079834,360.6047363,271.5476379,421.3447266,271.4665833,325.2347107,268.3194885,385.5440369,267.8703918,365.1862183,272.631134,425.7388,272.3880005
365657.8583,583,316.3696899,267.6755371,376.6128845,267.28479,356.5076904,271.2954712,416.9448242,271.2818298,320.5892944,268.1770935,380.8118286,267.7404785,360.539856,272.4512634,421.0101318,272.2388611
365657.8748,584,311.7090759,267.4830322,371.4879761,267.0324707,351.705658,270.5502014,412.2523193,270.6283264,315.6184387,267.9246826,375.7375793,267.5004578,355.5729065,272.1231079,415.9460449,271.9207459
365657.8909,585,306.5668945,266.9926147,366.4892578,266.5281372,346.9450684,269.8259888,406.9549561,269.8829041,310.309082,267.6394043,370.3243103,267.2146606,350.2848206,271.7021484,410.5557251,271.5219727
365657.9076,586,301.059082,266.8800659,361.1126099,265.8599854,341.6983337,269.2054138,401.4504089,269.2063599,304.723999,267.3691101,364.6398315,266.8669739,344.7634277,271.2371826,404.8752747,271.0705261
365657.9247,587,294.7784424,267.0403442,355.2529297,265.9596558,335.874115,268.7313843,395.7996826,268.5149231,298.7215576,267.1724243,358.661438,266.5834351,338.8575134,270.7895508,398.9163208,270.6171265
365657.9409,588,288.6635132,266.1431885,349.1657104,265.7103882,330.3283081,268.0590515,390.0390625,267.8225403,292.5011902,266.8927307,352.432312,266.3070984,332.7770386,270.2845154,392.7616272,270.1264038
365657.9577,589,282.4103394,266.2821655,342.4683838,265.364502,323.9786377,267.9177856,383.8824158,267.2430115,286.0117188,266.6886902,345.8896179,266.019928,326.4135132,269.8265991,386.3320007,269.6155701
365657.9747,590,275.9598999,265.3815308,335.7107849,265.2216797,317.9385681,267.0652161,377.34021,266.7640076,279.3459778,266.346405,339.0958557,265.7050781,319.921051,269.2509766,379.6596985,269.0646973
365657.9916,591,269.4046326,265.3661499,329.0170898,265.2379761,310.9561768,266.7877502,370.8189392,265.9062195,272.4545288,266.0326843,332.1591797,265.4139099,313.1636963,268.7015991,372.8813171,268.4493713
365658.0081,592,262.4210205,265.196228,322.0474854,264.9376831,304.4276733,266.5995483,363.8777771,265.622345,265.360321,265.7339478,324.9891357,265.1234741,306.2366943,268.1765442,365.8526611,267.8325806
365658.0247,593,255.8577728,265.2012939,315.3676147,264.9788208,297.603302,266.1021118,357.4657593,265.4425049,258.1748657,265.4954834,317.7548828,264.9263916,299.2235718,267.6912842,358.7888794,267.2895508
365658.041,594,249.2091522,265.1956177,308.4296265,265.1028442,291.0231323,265.7456055,350.2618103,265.3847961,250.9747314,265.3233337,310.4414978,264.8153687,292.1894836,267.2439575,351.6019897,266.8554382
365658.0582,595,242.1453094,265.4708252,301.4710693,265.1428833,283.4439087,265.6863098,343.5367126,265.2286682,243.6556702,265.2417603,303.1300049,264.7634277,284.9671631,266.8786926,344.434967,266.4775696
365658.0745,596,235.1736298,265.4295654,295.138031,264.9802246,276.5929565,265.4791565,336.7640991,265.1309509,236.3316345,265.1757813,295.9612122,264.7264404,277.7616882,266.5612488,337.3379822,266.1534729
365658.0913,597,227.9597168,265.7269897,288.062439,265.4130249,269.539978,265.3399963,329.8582153,265.1402893,229.004425,265.1763306,288.7734985,264.7834167,270.5346375,266.293457,330.2611084,265.9081726
365658.1083,598,221.3918915,266.0634155,281.2202759,265.7862549,262.2694702,265.2780151,322.7249146,265.0619202,221.7811279,265.2356262,281.6161804,264.9164124,263.3312073,266.0935059,323.2010193,265.7019348
365658.1247,599,214.9402313,266.2624512,274.4865112,265.9379578,255.7394257,265.3845825,315.7456055,265.0812073,214.7169495,265.3356018,274.5471497,265.0649719,256.2423096,265.9794006,316.1913452,265.5661316
365658.1414,600,207.8016815,266.9110107,267.8883667,266.4317627,248.8571167,265.8317871,309.3527222,265.1615906,207.7033081,265.5639648,267.6731873,265.2796326,249.1779022,265.9582214,309.3666382,265.4989624
365658.158,601,201.1792908,267.6529541,260.9779663,267.1094971,241.6209106,266.1218567,302.2237244,265.4459229,200.7395172,265.9034424,260.8045044,265.5899963,242.1202087,266.033783,302.4839478,265.5141602
365658.1742,602,194.1604919,268.2476807,254.9167328,267.6021729,234.5605927,266.1153564,295.9394836,265.7031555,193.8238373,266.3014526,254.1630707,265.9544678,235.072998,266.1137695,295.7919617,265.5918274
365658.1919,603,187.8151703,268.7248535,248.8503113,267.8792725,228.2492371,266.5977173,289.6324463,265.9727173,187.0712585,266.7301636,247.7324371,266.2881165,228.2272949,266.2467651,289.2763367,265.7109375
365658.2078,604,182.0637207,269.4499207,242.6744843,268.9058838,222.220993,266.8680115,283.1205444,266.4714966,180.6459656,267.1789856,241.3900757,266.7006226,221.6478882,266.3634644,282.818634,265.8634949
365658.2242,605,175.7977905,270.1845093,237.2850189,269.1618042,215.8290253,267.1618652,277.5881958,266.6747437,174.3594055,267.6323242,235.4430084,267.0734558,215.2184601,266.4898682,276.7219849,265.990448
365658.2409,606,170.2159729,270.8088379,231.6190643,270.1990356,210.4849091,267.7320557,271.9517212,267.247467,168.4647064,268.3186951,229.6764374,267.7179565,209.1950073,266.8739929,270.8304443,266.3654785
365658.2577,607,165.6133423,271.2357788,226.8293915,270.4489746,205.6651611,268.1720581,266.9784546,267.3642883,163.0160522,269.0238037,224.3306274,268.3569641,203.6424561,267.3058472,265.3249207,266.7402954
365658.2743,608,161.0783539,271.8137817,222.1553192,271.4900513,200.4991913,268.4378967,262.4211426,268.1245728,157.9840851,269.7410584,219.416153,269.1091003,198.4439545,267.7376404,260.2970886,267.1994019
365658.2917,609,157.0652924,272.2462769,218.3740082,272.3129272,196.3366699,268.7163391,258.0890808,268.7828979,153.4589996,270.4277954,215.0035553,269.9169617,193.7264557,268.1624756,255.7111053,267.7358398
365658.3078,610,153.3043365,272.6498413,215.2728882,272.541626,192.5332642,269.0290833,254.8357391,269.0548706,149.4090729,271.0343018,211.2040253,270.6196594,189.5391388,268.5326843,251.7497559,268.208313
365658.3249,611,150.3448486,273.5980835,212.2290955,272.7854004,189.8000488,269.7905273,251.9720764,269.1256409,146.0757904,271.6808777,207.9467926,271.2167358,186.0938568,268.9351196,248.3661804,268.5718384
365658.3414,612,148.3096313,274.1524048,210.1958923,273.3995361,187.2668762,270.1851196,249.6513367,269.7277527,143.4422607,272.3269348,205.409256,271.8199158,183.2854767,269.3405151,245.6612396,268.9748535
365658.3576,613,146.1834564,274.6812134,208.5021362,273.7381592,185.4030457,270.29422,247.8874969,269.7869263,141.3575897,272.9252014,203.4433899,272.3459167,181.0989685,269.7007751,243.5403442,269.3102112
365658.375,614,144.7532043,274.7139282,207.1333618,273.9168091,183.8486633,270.2125854,246.4462891,269.9485474,139.8017731,273.3970337,202.0822296,272.8018188,179.434433,269.9751892,242.0366974,269.593689
365658.3914,615,144.7075653,274.4029541,206.2919312,273.784729,183.5727997,269.8563843,245.7849121,269.6200256,139.0802155,273.7199402,201.3215637,273.1242981,178.5821533,270.0965271,241.1685944,269.7279968
365658.4081,616,144.7001648,274.1025391,206.5901337,273.6663818,183.9780273,269.8161316,246.0220947,269.4728088,139.0950928,273.9122314,201.2327271,273.3399048,178.5237427,270.1467285,240.9952545,269.7970276
365658.4245,617,144.9377289,273.0053406,207.2257538,272.7371216,184.6633911,268.7577209,246.7301331,268.711853,139.6212921,273.8189087,201.8302155,273.3103027,179.0244751,269.9513245,241.5261841,269.6391907
365658.4412,618,146.6739349,272.789978,208.1905975,272.3304443,186.2068787,268.7276306,247.8374634,268.086792,140.9312592,273.6764221,202.9581299,273.1517639,180.2731018,269.7267151,242.5969391,269.3729858
365658.458,619,148.5626831,271.4407959,210.4980469,271.8232422,187.9375305,267.4156189,249.6630554,267.8184814,142.9068298,273.2612305,204.808548,272.8796082,182.1922607,269.2314148,244.3653564,269.0242004
365658.4743,620,150.8188019,271.5690308,213.1053925,271.3012695,190.196167,267.4290161,252.3708496,267.3294983,145.3820343,272.8795166,207.3210449,272.5222168,184.6638489,268.7860107,246.7944946,268.6162415
365658.4912,621,154.2255096,270.4744873,215.618454,270.521698,193.5998993,266.5891724,255.1589355,266.5689392,148.5693817,272.3209229,210.2719116,272.0535584,187.8597717,268.1978149,249.7308044,268.1123657
365658.5076,622,158.036911,269.8875122,219.1419373,269.3327332,197.4183044,266.1561584,258.9707031,265.4518433,152.3564453,271.7160645,213.8657074,271.4151611,191.6595459,267.5837402,253.346756,267.4411316
365658.5243,623,161.8882904,268.625946,222.9373474,268.5661011,201.6996155,265.2363892,263.0215759,264.5348206,156.6747284,270.9620056,217.96698,270.6755676,196.0075073,266.864502,257.4764709,266.6705627
365658.5416,624,166.6165619,268.1004639,227.2375183,268.0196533,206.8767395,264.7977295,267.7536926,264.5254211,161.5824432,269.9603577,222.5886993,269.729126,201.0238037,265.9182129,262.1865845,265.7389221
365658.5581,625,171.5552826,267.3591919,232.4402313,267.0474854,212.1196289,264.171814,272.6910095,264.358551,166.927887,268.9935608,227.7496033,268.7900085,206.481308,265.0514221,267.4196167,264.9049988
365658.5915,626,182.474762,266.309021,243.5350952,265.2547607,223.2781982,263.5204163,283.9240417,263.0578308,174.2628784,267.9689941,235.0221405,267.6216736,213.9586334,264.1695557,274.7817993,263.8842773
365658.6085,628,188.8973846,265.0768433,249.4341278,264.5093994,229.6152039,262.7822876,289.955658,262.7115479,184.8727722,266.120636,245.3171387,265.7204285,224.7231293,262.5090942,285.1626587,262.1803894
365658.6254,629,195.0185242,264.4581909,255.6391296,263.8276367,236.1586609,262.6989441,296.0272827,262.237854,192.0025635,265.4940186,252.2823792,264.9970398,232.0078125,262.0927734,292.2074585,261.6738586
365658.643,630,202.0021973,263.5500183,261.7237244,263.2056274,242.8677979,262.4473267,302.5740967,261.9291687,199.1262512,264.7860107,259.1345825,264.2891541,239.2265625,261.6469421,299.171814,261.1950684
365658.6583,631,208.7029266,263.2470093,268.3563843,262.6777954,249.7567596,262.2848206,309.2687378,261.8200378,206.2666626,264.2355957,265.9848938,263.6455994,246.4934845,261.3546143,306.1276245,260.8337097
365658.6752,632,215.8582001,263.1216431,275.515564,262.1054382,257.001709,262.2909546,316.777832,261.8587952,213.4803772,263.7265625,273.0365295,263.0932007,253.8549805,261.1121826,313.3540039,260.5944214
365658.6915,633,222.8485718,262.5499878,282.697937,261.8757019,264.07724,262.2017517,324.0058289,261.9559631,220.6717834,263.2993164,280.2454834,262.6660156,261.2005615,261.0007629,320.7331543,260.5049133
365658.7081,634,230.4841919,262.1692505,289.8770142,261.5390015,271.7139282,262.1245422,331.3252258,261.7752991,228.0657349,262.8939514,287.51651,262.2798767,268.7490845,260.9154663,328.163147,260.467865
365658.7247,635,237.9327393,261.9401245,296.8895264,261.0845337,278.9890137,262.344574,338.5119019,261.7276306,235.5405426,262.5956116,294.8360291,261.8743286,276.3634644,260.9617615,335.6321411,260.4393005
365658.7419,636,245.3388367,262.0426025,304.6462402,261.2163086,286.6733704,262.5675049,346.370697,262.1158752,243.0847168,262.3885803,302.3450928,261.5899963,284.0339966,261.0804138,343.2778931,260.5658875
365658.7582,637,252.5521698,261.9237976,312.1498413,261.2160645,294.4536438,263.0261536,353.7753906,262.5431824,250.7064514,262.2923279,309.9361877,261.4872131,291.793396,261.3520813,350.9614258,260.8648987
365658.7745,638,259.7809753,262.0230713,319.4642334,261.1166382,301.6691284,263.4016418,361.2561035,262.813385,258.2884827,262.3391724,317.5500183,261.5492249,299.486084,261.7796326,358.7038269,261.2924805
365658.7915,639,267.6094971,261.8800049,326.8690186,261.6813965,309.2047729,263.3215942,368.4782104,263.2038879,267.0977783,262.3515625,326.3537903,261.661377,308.3606873,262.1440125,367.6091309,261.7144775
365658.8077,640,275.2254639,262.1098022,334.1954346,261.9631958,316.2635498,263.9153137,375.824707,263.3840637,274.7593384,262.4117432,333.9855957,261.8308411,316.0489502,262.5458679,375.333252,262.1521606
365658.8249,641,282.7192383,262.7321777,341.7476807,262.1915894,323.8248291,264.826355,382.9438171,263.6996155,282.3842773,262.6211243,341.534668,261.9958801,323.6710205,263.0763855,382.9496765,262.5753479
365658.8409,642,289.6760864,263.0755615,349.2424316,262.5578003,330.9225464,265.1123657,390.447876,264.366394,289.8326721,262.811615,349.0391846,262.1824646,331.151123,263.5285034,390.4837646,263.0190125
365658.8576,643,296.7370605,263.5666504,356.4379272,263.3005371,337.7180481,265.8668518,397.3815308,265.4193726,297.0960083,263.0302124,356.3780212,262.4602051,338.4084167,264.0189819,397.8251953,263.5447998
365658.8752,644,303.5717773,264.0679321,363.5281982,263.9522705,344.4798279,266.4803162,404.2521973,266.2809753,304.1862183,263.2539673,363.6329346,262.7761841,345.4790039,264.51297,405.0352783,264.0754089
365658.8912,645,310.4120483,264.6789246,370.5669556,264.1272583,351.1159668,267.4754334,411.1036987,266.9006653,311.0784607,263.5006104,370.7715759,263.0256653,352.3275146,265.0216675,412.1096497,264.5493164
365658.9081,646,316.8222656,265.3392334,376.6960449,265.0828247,357.4133301,268.1078491,417.1125488,267.8280334,317.7639771,264.0386658,377.5541077,263.6296082,358.9598084,265.7941589,418.8062134,265.3623047
365658.9247,647,323.1434021,266.1617432,382.8455811,265.581665,363.2575378,269.3120728,423.199646,268.8158569,324.1742859,264.7852173,384.0145264,264.3755493,365.2915955,266.7695618,425.1609192,266.3241882
365658.9411,648,328.6727295,266.4953613,388.7363281,265.8974609,368.9173584,269.7098389,428.6994324,269.2710876,330.2387695,265.4988709,390.1945496,265.086792,371.2652588,267.7073364,431.1941834,267.2416077
365658.958,649,333.5526733,267.1580811,393.8657227,266.8794556,373.9221191,270.5780029,434.1156006,270.6114807,335.8442993,266.3181458,395.9552917,265.9756165,376.743103,268.7197266,436.840271,268.3308411
365658.9742,650,338.8453369,267.9299011,398.931488,267.3839722,378.3482361,271.4500122,438.8153076,271.2457581,341.0360413,267.1723328,401.2944641,266.8183289,381.736084,269.7523804,442.0204468,269.3539734
365658.9911,651,343.0477905,268.243042,402.9666748,267.8543091,382.5700073,272.2340393,442.6783447,272.0139771,345.7420654,267.8752747,405.9968262,267.568634,386.2693481,270.6677856,446.5646973,270.3240356
365659.0084,652,346.799408,268.6119385,406.9465942,268.2459717,386.1025391,272.8979187,446.2335815,272.4420471,349.8692627,268.4488525,410.1611023,268.1404114,390.2519836,271.4480591,450.5337524,271.1271057
365659.0242,653,349.5169373,269.0819702,410.0379639,268.614563,388.8580933,273.4213867,449.2641602,273.1676331,353.3397217,268.9894104,413.6819763,268.6198425,393.5754089,272.1756897,453.8904724,271.8602905
365659.0418,654,352.1911621,268.9093628,412.3733521,268.5849609,391.1318359,273.4199524,451.5792847,273.7031555,356.1982422,269.3160095,416.5509644,268.9737854,396.2417603,272.7084656,456.5928345,272.4900208
365659.0582,655,353.5598145,269.1541748,414.0889587,269.3535156,392.4441834,273.9241638,453.2550659,273.9867859,358.2379456,269.5942383,418.6985168,269.360199,398.1067505,273.1925049,458.5922852,273.085968
365659.0747,656,354.5571289,269.578186,415.350647,269.0408936,393.4952393,273.9745178,454.1614685,273.6753235,359.5622253,269.8111877,420.1515808,269.5473633,399.2668762,273.5747986,459.8858948,273.465271
365659.0912,657,355.4114685,269.3618164,415.7759399,268.8817749,394.2047119,274.1723328,454.5556641,274.0960083,360.3145752,269.9205933,420.9201355,269.6215515,399.8599854,273.8520203,460.5080261,273.7428894
365659.1078,658,354.8527832,269.0370483,415.4703979,269.0348511,393.8062439,274.0054626,454.5724487,274.1524963,360.2793884,269.8656921,420.9341431,269.6497803,399.6883545,273.9804382,460.4125061,273.968811
365659.125,659,354.6850586,268.6288452,414.6893311,268.8647461,392.9043579,273.5895386,453.3327637,273.8291321,359.6797485,269.6944275,420.2203979,269.5740967,398.9307861,273.9600525,459.5562134,274.0372925
365659.1415,660,353.0455322,268.4521484,412.8406372,268.3508911,391.6434326,273.4814148,452.1651306,273.3302612,358.3978882,269.4291382,418.7746277,269.3011475,397.5117188,273.8459778,458.0572205,273.8981323
365659.158,661,351.0305176,267.7304688,411.052063,267.8283081,389.7521362,272.8616638,449.9916382,272.7670288,356.4581299,269.0028381,416.7366638,268.9405823,395.4346313,273.5622864,455.9100647,273.6381531
365659.1744,662,348.6028748,267.5516968,408.3491211,267.078064,387.207489,272.1448669,447.4068604,271.7586975,353.9234009,268.5405579,414.0769043,268.3983154,392.8250427,273.1894531,453.1814575,273.1641235
365659.1909,663,344.9541016,266.8015137,405.4284058,266.8565063,384.1784668,271.5547485,444.5197754,271.533844,350.7230835,268.0162354,410.8641663,267.9074402,389.5999146,272.7286377,449.9170532,272.7164001
365659.2083,664,341.5318298,266.1768799,401.5059509,266.0153503,380.6066895,270.4831238,440.6252136,270.4994812,347.0281372,267.4501648,407.025238,267.3162842,385.8859558,272.1642151,446.0641479,272.149231
365659.2243,665,337.2741699,265.9851685,396.8731689,265.1536865,376.3173828,269.907959,436.418457,269.5215149,342.7390442,267.0049133,402.5853882,266.7350159,381.5720215,271.6842957,441.6508789,271.5525513
365659.2417,666,332.6942139,265.093689,392.2191162,264.4420776,371.9682617,268.764801,431.7548218,268.9116516,337.9961243,266.5386353,397.6590881,266.2510681,376.8568726,271.1480408,436.7520447,271.0145569
365659.2582,667,328.1609497,264.6277466,387.653656,263.6513367,367.1124878,268.1504822,427.0783691,267.79422,332.8468933,265.7606812,392.4245911,265.3426819,371.7132568,270.2661438,431.5391235,270.0652771
365659.2743,668,322.5716248,264.0441284,381.9833374,263.2520752,361.8391113,267.3411865,421.7549744,266.8814392,327.2314758,264.8721008,386.7323914,264.3272705,366.1252747,269.2860107,425.9269714,268.966095
365659.2909,669,316.6015625,263.4239502,376.7518311,262.8292847,356.200531,266.4122009,415.7471924,266.2877502,321.2388611,264.0312805,380.7473755,263.4313049,360.1997986,268.2933044,419.9599304,267.9237976
365659.3082,670,310.553772,263.3809204,370.1677246,262.7442017,350.1291504,266.0376282,409.519043,266.2079468,314.864563,263.4598084,374.3446655,262.8591919,353.8773499,267.5291748,413.5780029,267.2138977
365659.3245,671,303.7320251,263.4486694,363.4321289,262.6294556,343.7575378,265.9127502,403.4099121,265.6357117,308.0984192,263.0738831,367.5722046,262.431366,347.2617188,266.9352112,406.9167175,266.6228943
365659.3415,672,296.9824829,263.5639648,356.2303467,262.3978882,337.5320435,265.456665,396.6626892,264.9491272,301.0965576,262.8396912,360.446991,262.06604,340.4224854,266.4396362,399.8838501,266.0552063
365659.3584,673,289.6972046,262.8796387,349.2106323,262.3040161,330.2441101,264.6370544,389.8240967,264.0996704,293.7445374,262.5516968,353.0808411,261.7655945,333.2225647,265.8704529,392.6571655,265.4928589
365659.3748,674,282.6710815,262.4674072,341.8970642,261.8981323,323.6427917,264.1978149,382.488739,263.5954895,286.2702942,262.2801209,345.4664307,261.4625244,325.9455872,265.3603516,385.1705933,264.9411621
365659.3914,675,274.7894287,262.4099731,333.828186,261.8693237,315.9729004,263.7431946,375.0613709,263.0699768,278.4540405,262.0872498,337.5843506,261.278656,318.2926025,264.8824768,377.46698,264.4675598
365659.4089,676,267.5484619,261.9787598,326.3109131,261.5432129,308.7789917,263.0311584,367.3035889,262.4472656,270.5794983,261.8392029,329.522583,261.0824585,310.5976868,264.3632813,369.5613403,263.973053
365659.4242,677,259.6109314,262.0704956,318.6312866,261.6307983,300.8830872,262.9607544,359.7420654,262.2233887,262.4592896,261.7093811,321.3460388,260.9628601,302.6632385,263.9807434,361.5152588,263.5388489
365659.4412,678,251.9202881,261.8196411,310.5881348,261.7216187,292.9893188,262.3783264,352.1966553,262.0256653,254.259552,261.5360413,313.0527649,260.9330139,294.6130676,263.5480347,353.3947144,263.1618652
365659.4575,679,243.8405609,261.9202881,302.9329834,261.2866821,284.6935425,262.0176392,344.0733643,261.5870056,245.9307861,261.4267883,304.77771,260.8268127,286.442749,263.1533203,345.2626343,262.7354431
365659.4742,680,235.9140472,262.1790161,294.9969177,261.4819336,276.6385498,262.0288391,336.3438721,261.6457825,237.5656128,261.437439,296.5081482,260.8226013,278.1990051,262.876709,337.1243591,262.4424438
365659.4911,681,228.3389893,262.263855,287.7009888,261.9320679,268.9193115,261.9421997,328.3158875,261.4422913,229.302887,261.4971924,288.3562012,260.9433899,270.0180664,262.660614,329.1073608,262.2342224
365659.508,682,220.3566132,262.5067749,279.7364197,261.8937988,260.7867126,261.8905334,320.5302124,261.3779297,221.0354309,261.6122742,280.2156982,261.0968018,261.8218384,262.5029907,321.0870667,262.0559998
365659.525,683,212.5147095,262.9512329,271.864624,262.1378174,253.2067871,261.6948547,312.5342102,261.2697449,212.8553314,261.8118286,272.1469727,261.2826843,253.6972809,262.3924866,313.0759888,261.9190063
365659.5409,684,205.2378387,263.0899658,264.6856079,262.347168,245.6257324,261.8828735,305.3240662,261.116333,204.9334259,262.0446167,264.3230896,261.4846802,245.7619019,262.3669739,305.2692871,261.8058472
365659.5584,685,197.5192566,263.6533813,257.2330933,263.2924194,237.7543945,261.949646,297.3772888,261.4267273,197.0365753,262.3109436,256.6190796,261.7788086,237.8390656,262.3448486,297.5261841,261.7948608
365659.5748,686,190.2232666,264.234314,250.3943329,263.0444946,230.4656067,262.2453918,290.4612427,261.345459,189.4225006,262.6414185,249.2153168,262.0045471,230.1642151,262.365387,290.0786743,261.7375793
365659.5912,687,183.2554169,264.9515381,243.7003632,263.8057251,223.5344543,262.3370056,283.7437439,261.8673401,182.0402374,263.0125122,242.1000061,262.3070679,222.7065735,262.4075012,282.8642273,261.7785034
365659.608,688,176.7804565,265.7664795,237.1825409,264.5672607,216.4804077,263.1300354,277.2720032,262.3245544,175.0244446,263.4674988,235.2740326,262.6785584,215.5632324,262.5550842,275.9629822,261.8877563
365659.6251,689,170.7683105,265.81604,230.8105469,265.3529053,210.3332214,263.002594,270.8028564,262.7811584,168.4243317,263.8610535,228.7390747,263.1030579,208.8208618,262.6400146,269.3348084,262.048584
365659.6414,690,164.5083771,266.9769897,224.8701019,266.2022095,204.2312622,263.7795105,264.6491089,263.1182251,162.1377563,264.372406,222.5508118,263.5856628,202.4221039,262.8383484,262.9940796,262.2488403
365659.6582,691,159.2825165,267.7220459,220.0364685,266.8261719,198.7092743,263.8778992,259.4730225,263.3916321,156.2931519,265.0639648,216.8986664,264.2552795,196.4586487,263.2014465,257.1999512,262.6072083
365659.6751,692,154.4438782,268.6013794,215.1728363,267.7110596,193.5065918,264.582428,254.7236023,264.3468933,150.9257813,265.897583,211.748703,265.0879517,190.9527893,263.712677,251.9003143,263.145874
365659.691,693,149.8730316,268.94104,211.3245087,268.0808716,188.72229,264.7883606,250.6655884,264.5032654,146.0729065,266.6934814,207.2389984,265.8776855,185.955658,264.1893005,247.2844543,263.6782837
365659.7076,694,146.0879211,269.9629517,207.3500214,269.3529663,184.9922791,265.728302,246.2831116,265.3963013,141.8117828,267.6305237,203.1711731,266.8574524,181.5673981,264.8248596,243.0615692,264.3713074
365659.7244,695,142.8954926,270.2426147,204.5005951,269.4136353,181.3564148,266.030426,243.4885712,265.2705383,138.173996,268.4122314,199.7613068,267.6323547,177.7436829,265.360199,239.5115662,264.8733215
365659.7414,696,139.7328339,270.9735107,201.3220215,270.2431641,178.6409912,266.7857361,240.3175964,265.9804382,135.1206512,269.2142029,196.8378448,268.4152527,174.5670166,265.9137878,236.4512024,265.4035645
365659.7576,697,137.8300018,271.524292,199.4891052,271.2006226,176.5825653,267.0096741,238.0932922,266.5089417,132.732132,269.9611511,194.4972992,269.2419128,172.0549622,266.4265137,233.9823303,265.9947205
365659.7748,698,136.1373138,271.8252563,197.3565979,270.9029541,174.8419189,267.0195313,236.1089478,266.1755676,130.9485626,270.553894,192.6446991,269.7719116,170.1432495,266.7845154,232.0201721,266.2723694
365659.7909,699,134.7308655,271.9227295,196.7993011,271.4457703,173.877533,267.2425232,235.2142334,266.4619446,129.7500916,271.0293274,191.5386658,270.2863464,168.8504028,267.0877991,230.7784424,266.5329895
365659.8082,700,134.5639801,272.0637817,196.480072,271.6987305,173.3257141,267.1533203,234.8640747,266.7142639,129.1982727,271.4346008,191.0898743,270.7395325,168.2203979,267.3035889,230.1875305,266.7577209
365659.8242,701,134.6146088,271.70578,196.7329712,271.3743896,173.7259216,267.0667114,235.1289978,266.5289917,129.3211975,271.6429749,191.2410736,271.0234985,168.3055267,267.3598022,230.2057037,266.8522034
365659.8412,702,135.747345,271.710144,197.5206299,271.0848389,174.8172913,267.170166,235.8543091,266.4135132,130.1494446,271.7946777,191.9425812,271.1599426,169.079361,267.3996277,230.7867737,266.8563843
365659.8576,703,137.3129883,270.9628906,199.2429657,270.6990356,176.4584656,266.8780823,237.6431885,266.0688171,131.6580963,271.7194214,193.390274,271.1340637,170.5645752,267.3043213,232.1481018,266.7308655
365659.8744,704,139.8451996,270.8577271,201.0875092,270.6364746,178.6899414,266.4228821,239.7385559,265.9156799,133.8800507,271.5740051,195.4317474,271.0811462,172.7683716,267.1242676,234.1145935,266.5648804
365659.8915,705,142.5019073,270.3778076,204.4115448,269.7313843,181.4671326,265.7658997,242.6621704,265.0932312,136.6753387,271.2767639,198.302475,270.7921448,175.5733185,266.7887573,236.894455,266.1875
365659.908,706,145.9153748,269.1880493,207.0266571,268.7894287,184.6592407,264.9789734,245.5961914,264.3843689,140.1110535,270.7886963,201.5514984,270.352417,178.9956512,266.3027954,240.1131744,265.7104187
365659.9247,707,149.8488922,267.6500244,210.9200134,267.5444946,188.7774658,263.6006165,249.9692841,263.5344238,144.1484222,270.0528564,205.5506897,269.7076721,183.071991,265.5805359,244.1174774,265.0767517
365659.9413,708,154.3622437,267.2250671,214.9491882,266.758606,193.6848145,263.1543579,254.2232056,263.0192566,148.8106842,269.3975525,209.9848633,269.0618896,187.7687988,264.9349976,248.5748596,264.4745789
365659.9578,709,158.7945251,266.1303711,219.6303406,265.6891785,198.217865,262.3852234,258.9547729,262.2910156,153.883316,268.6899109,214.9208069,268.3738709,192.8973236,264.2914734,253.570816,263.8943481
365659.9747,710,164.1520081,265.1906738,224.3404999,264.9976807,203.7125549,261.4631653,263.6618042,261.6078186,159.4429016,267.4804382,220.1199036,267.2452393,198.5282288,263.1718445,258.8173218,262.8771973
365659.9914,711,169.6952972,264.4124146,230.0714722,264.4432373,209.9259033,261.3944397,269.4620972,261.3868103,165.4348297,266.2894287,225.8323975,266.1385193,204.6104889,262.1193542,264.611145,261.9310913
365660.0082,712,175.8718262,264.1517944,236.0245056,263.3131104,216.0205078,261.1963806,275.132019,260.8243713,171.7978058,265.2989807,231.9147949,265.0710144,211.0890503,261.2918701,270.7538147,261.0715637
365660.0251,713,182.0637512,263.3769531,242.4817352,262.7014771,221.9186249,260.9205933,281.5657654,260.5087891,178.3922272,264.4214783,238.4075623,264.128418,217.7454376,260.5962219,277.3039246,260.3500366
365660.0421,714,188.4859924,262.8255615,248.4158936,262.2059937,228.5915985,260.6427612,288.0988159,260.2769165,185.2512665,263.7606812,245.0641632,263.3879089,224.6907806,260.1318665,284.0729675,259.8380127
365660.0576,715,195.5787811,262.0645752,254.4526367,261.7294922,235.6296844,260.3219299,294.6034546,260.0317688,192.4180298,263.1398621,251.8622437,262.7355652,231.9329834,259.7062073,291.0169067,259.4300537
365660.0746,716,202.6937256,261.4215698,261.353363,261.1419678,242.4515991,260.2313843,301.6398621,259.8766174,199.7778473,262.5924988,258.8911743,262.1842346,239.3688965,259.4291992,298.1821289,259.166687
365660.0913,717,209.7346039,260.9175415,268.7487793,260.5169067,249.7617493,260.0379639,309.0289307,259.5848694,207.2653198,262.1100769,266.2546997,261.64505,246.94487,259.257843,305.7147827,258.9363403
365660.1081,718,216.7739258,260.8457642,275.6529541,259.8814697,257.1181946,260.2284546,316.0514526,259.5751343,214.7969818,261.7662964,273.6287842,261.1381226,254.6098938,259.2133789,313.2413025,258.7709656
365660.1244,719,224.2353973,260.4249268,283.049408,259.6947632,264.6178894,260.3092346,324.0549622,260.0954895,222.4554443,261.3980408,281.2822876,260.7488403,262.3895264,259.1729126,321.0578308,258.7492676
365660.1418,720,231.9290009,259.7305908,290.604126,259.2576294,272.6248169,260.2844849,331.4955444,259.802887,230.3281708,261.0209961,289.0391846,260.370636,270.3766785,259.1812744,328.9494934,258.7280884
365660.1581,721,239.4023285,259.7271729,297.7933044,258.7640381,280.1899719,260.5041809,338.7251282,259.6344299,238.155838,260.7263489,296.7658386,259.9703369,278.3180542,259.2634583,336.8101196,258.6835022
365660.1742,722,246.8058929,259.9101563,305.6221313,258.6795044,287.425354,260.9315796,346.5913086,259.7344666,245.9323425,260.5182495,304.5523987,259.6317444,286.1828003,259.4511108,344.7339783,258.715332
365660.1909,723,254.4624939,259.3538818,312.8247986,258.6712646,295.0302734,260.9512634,353.8189392,259.973175,253.7693787,260.300354,312.2713623,259.4202881,294.0479126,259.6178284,352.5865784,258.8670654
365660.2086,724,261.7965088,259.2736206,320.4558716,258.9968262,302.6132507,261.0022583,361.5097656,260.4234619,261.54776,260.1431885,319.9899902,259.3495789,301.8819885,259.8510132,360.4674072,259.1226196
365660.2247,725,269.3427734,259.5579834,327.8768921,258.9032898,310.053009,261.3031921,368.4069214,260.6838684,269.2176819,260.0985413,327.6299133,259.324707,309.6231689,260.1564941,368.2278137,259.4288635
365660.2415,726,276.4040527,259.6626587,334.9567871,259.2975464,316.8716125,261.482605,375.6680908,260.9963684,276.6724854,260.0674133,335.1283264,259.37146,317.1081543,260.4589539,375.8119507,259.7779541
365660.2585,727,283.4444275,260.1435547,342.2861328,259.9185791,323.9788513,262.1795044,383.1703491,261.7314148,283.9972534,260.1166687,342.522583,259.5114136,324.4732056,260.8230591,383.2673035,260.2104797
365660.2748,728,290.5234985,260.4401855,349.4408569,260.3339844,331.0717163,262.6598206,389.8294678,262.061615,291.1713257,260.1938782,349.7489319,259.6650085,331.7131348,261.1844177,390.5021667,260.6134644
365660.2912,729,297.1906738,261.0419922,356.3064575,260.5436401,337.4540405,263.360321,396.6912231,262.5218201,298.0951233,260.3311157,356.841156,259.8006592,338.6566162,261.5881348,397.6031189,260.9916382
365660.3085,730,303.5488281,261.7275391,362.8543701,261.2563477,343.7217712,263.8531494,403.0896912,263.4832459,304.7287903,260.525177,363.6442261,260.0274963,345.276001,262.0108032,404.3925781,261.4295654
365660.3248,731,310.2395935,262.3793335,368.9998779,261.7823486,349.6429138,264.687439,409.0195313,263.8467407,311.1681519,260.8134766,370.194519,260.3246155,351.6337891,262.5010986,410.8607178,261.8653259
365660.3409,732,315.8547363,262.7744141,375.0882263,262.2828979,355.5214233,265.5507507,415.0889893,264.7328186,317.3235168,261.3574829,376.4961243,260.8916931,357.7033691,263.2302856,417.0881042,262.5911255
365660.3577,733,321.2162476,263.4569702,380.8190918,263.0375977,361.0189819,266.4154358,420.4525757,265.6057434,323.1231384,262.0259094,382.4197083,261.5865479,363.420929,264.0805054,422.9035034,263.4274597
365660.3748,734,326.2663574,264.2257996,385.807373,263.5993042,365.7635193,267.1121521,425.4226074,266.4928284,328.4647522,262.8326111,387.9534302,262.3642273,368.6690063,265.0426331,428.3243713,264.3583374
365660.3914,735,330.9840698,264.3151245,390.5314941,264.1012573,370.0462341,267.484314,430.102417,267.2974548,333.3865051,263.5322571,393.0210266,263.1064758,373.4653015,265.87323,433.2733765,265.2584534
365660.4076,736,334.8356934,265.2319946,394.5726013,264.9572754,374.0890503,268.4007874,433.7585144,268.3596802,337.8034973,264.3248901,397.5574646,263.9611816,377.7520142,266.7858887,437.6541443,266.2778015
365660.4246,737,338.4689941,265.717041,398.0649414,265.1177368,377.4165039,269.0594788,437.5529785,268.874115,341.724762,265.0269775,401.5122986,264.6566467,381.5263672,267.6210327,441.5221558,267.1379089
365660.4409,738,341.8650818,265.937439,401.1992188,266.0112915,380.5838318,269.6558228,440.6584473,269.4014587,345.144989,265.5764465,404.9114075,265.3058472,384.8008728,268.3287354,444.816925,267.9280701
365660.4585,739,343.9586182,266.4925537,403.3200684,266.0765381,382.5960388,270.3155823,442.8835449,270.1613464,347.871582,266.1180115,407.6664124,265.8725891,387.3693848,269.0192261,447.461853,268.6841431
365660.4745,740,345.9519043,266.9934692,405.4384155,266.8568115,384.8346863,270.7579651,444.822937,271.1487122,350.102478,266.6022339,409.8355713,266.4526978,389.4614868,269.6322021,449.5473633,269.4779358
365660.4909,741,347.4075623,267.1582031,406.7731934,266.5669556,386.117981,271.2213135,446.3178711,271.3753967,351.7201233,267.0125427,411.4245911,266.8319702,390.9497375,270.1878967,451.0663452,270.0930786
365660.5076,742,348.1806641,267.2133789,408.1265564,267.0661316,386.9533691,271.3729553,447.2216797,271.7103882,352.7191467,267.2992859,412.5129089,267.2016602,391.8320618,270.6441345,452.0596619,270.6641846
365660.5242,743,348.4827576,266.8723145,408.5863647,267.1304321,387.008728,271.0600281,447.6794434,271.6937256,353.1104126,267.40802,413.0145569,267.4231567,392.1502075,270.9095154,452.4841003,271.0939636
365660.5417,744,348.8395386,267.1084595,408.4954529,266.7865601,387.1263123,271.1190491,447.7067871,271.685791,353.096344,267.4889832,413.009552,267.490448,392.0211487,271.0933228,452.4132996,271.3653564
365660.5579,745,348.1488037,267.057251,408.1175232,266.5495605,386.5783081,271.4981995,446.8270874,270.9718933,352.5621948,267.5356445,412.4795532,267.3912964,391.3725586,271.2635193,451.8063049,271.4207153
365660.5745,746,346.5213013,266.7880859,406.3518066,266.4241333,385.4143066,270.95224,445.8406677,271.1021423,351.3911438,267.4458618,411.3082275,267.2426453,390.1511841,271.2802429,450.6244507,271.4208069
365660.5916,747,345.5306091,266.5878296,405.1051636,266.0464478,384.1901855,270.8071899,444.1945801,270.4962769,349.8677979,267.2592163,409.7211609,266.9610291,388.5942688,271.1810913,448.9972534,271.2436523
365660.6081,748,343.1826172,266.3268433,402.9063416,265.39328,382.1337891,270.5287476,442.2509766,270.0330811,347.7970581,267.0204773,407.5868225,266.5698853,386.4983521,271.0284424,446.8761597,270.9555969
365660.6249,749,340.4978027,265.8215942,400.3287048,265.255188,379.630249,269.8364563,439.3611755,269.5621643,345.2058716,266.666748,404.9556274,266.1401978,383.9225769,270.7307434,444.2070007,270.5717773
365660.6416,750,337.4952393,265.1733093,397.3998413,264.5117798,376.5977478,269.3196411,437.1552124,269.0013733,342.1820068,266.2335815,401.9777527,265.6197815,380.9306946,270.3332214,441.2537842,270.1429443
365660.658,751,334.2947388,264.7752686,393.798584,263.7891846,373.3771973,268.5695801,433.5377808,268.0746765,338.7117004,265.7979126,398.4431763,265.0617065,377.497467,269.8952332,437.7338562,269.6016235
365660.6743,752,330.9805298,264.0057373,389.7906189,263.5599976,369.7671814,267.7404175,429.6760254,267.9984436,334.9588928,265.3500671,394.4357605,264.6871033,373.7366638,269.4448547,433.7681885,269.2392578
365660.6919,753,326.7745056,263.9498291,385.1758728,263.3482056,365.5169373,267.391449,425.3135986,267.0201416,330.7598572,265.0515747,389.9289551,264.3942566,369.5402832,269.094574,429.310791,268.8516846
365660.7078,754,321.637085,263.1689148,380.968811,262.4577332,360.7912598,266.5727539,420.6286621,266.0760803,326.0191345,264.5708618,385.1196899,263.8813477,364.8313599,268.5509033,424.548584,268.2532959
365660.7243,755,317.1532593,262.4992065,376.1589355,261.7877197,356.0779724,265.6466675,415.7548828,265.1810608,320.9650574,263.8243103,379.9954224,263.1089783,359.8105164,267.7176514,419.4662476,267.3834229
365660.7409,756,311.6923828,262.0336914,370.5145874,261.2755737,350.8259277,264.8390808,410.4871826,264.3217163,315.5496521,263.0558472,374.4837952,262.3482971,354.4656677,266.8487549,414.0180664,266.4683228
365660.7577,757,306.1547852,261.1573486,364.9922791,260.8408813,345.5308838,263.7854919,404.8570557,263.4762573,309.8422241,262.2341309,368.652832,261.5563354,348.8371277,265.8760071,408.2833557,265.5274353
365660.7746,758,300.3143311,260.78125,359.7139587,260.3480225,339.8960571,263.1811829,399.417572,262.7973022,303.8179932,261.4799805,362.6879883,260.8650208,342.8703003,264.9747925,402.3363953,264.6503906
365660.7909,759,293.925415,260.4367676,353.5003052,259.6727295,333.9641418,262.5411682,393.6810913,262.1956482,297.527832,260.8328857,356.4732971,260.2028503,336.6950684,264.1514587,396.2126465,263.8276367
365660.8075,760,287.7479858,259.8880615,347.2360229,259.3473511,327.8832703,261.8098755,387.5564575,261.4906311,291.0297546,260.250824,350.055481,259.6274719,330.2956543,263.3793945,389.8761597,263.04422
365660.8247,761,280.9869385,259.4746094,340.4769897,258.7079468,321.7712097,261.0188293,380.805603,260.4877014,284.2911987,259.7026062,343.2992554,259.047821,323.6947632,262.6252747,383.2279663,262.2539673
365660.8415,762,274.4368896,259.1918335,333.3977051,258.5288086,315.3630066,260.5608215,373.9662476,259.5527039,277.3891602,259.2467651,336.360199,258.5425415,316.9446716,261.9379883,376.3566589,261.4598999
365660.8582,763,267.7332764,258.7409058,326.8118896,258.0223389,308.5115356,259.8266907,367.2012939,259.0831604,270.3491211,258.7970276,329.3039551,258.0462036,310.0459595,261.2625427,369.3546143,260.6948242
365660.8748,764,260.3736267,258.2183228,319.7171631,257.9050903,301.4577332,258.9078674,360.355835,258.7248535,263.1093445,258.3189087,322.0962524,257.699585,302.9976196,260.5306702,362.2096558,260.0466614
365660.8919,765,253.3680878,258.7240601,312.7000427,257.8620605,294.4186401,258.7784729,353.4672852,258.4786072,255.7652588,258.0818787,314.776062,257.444458,295.8458862,260.0113831,354.941925,259.5369263
365660.908,766,245.8297729,258.3551636,305.2271729,257.835144,287.0752258,258.2941589,346.5212402,257.7486877,248.1931,257.861908,307.3225708,257.2328186,288.447998,259.5026855,347.6246338,259.0165405
365660.9248,767,238.4943695,258.2254028,298.083313,257.6929321,279.6741028,257.7473755,339.1157837,257.5857849,240.5504456,257.6731262,299.8069763,257.0803528,280.9932861,259.0117188,340.2287598,258.5723572
365660.9414,768,231.217453,258.3909912,290.5154419,257.6307983,272.4757996,257.605835,331.7946167,257.1461182,232.8682861,257.5925903,292.1675415,256.9656067,273.4881897,258.632019,332.6981812,258.1633911
365660.9586,769,223.9384766,258.2822266,283.2979736,258.2990417,264.9555664,257.4199829,324.2826843,257.0807495,225.1759491,257.5305786,284.4866638,257.0231628,265.9325867,258.2791443,325.1106567,257.8998108
365660.9747,770,216.7306976,258.8912354,276.0877075,258.1542358,257.6928711,257.5871887,316.8934937,256.8197632,217.5353546,257.649292,276.8814087,257.0971069,258.4070435,258.0892029,317.597229,257.6584473
365660.9911,771,209.1914978,259.0762939,268.7207031,259.1124878,250.4934692,257.3735657,309.9569702,257.0583801,209.8881073,257.831665,269.3686218,257.4024048,250.8650513,257.9542847,310.1723938,257.5823059
365661.0076,772,201.9107361,259.6846924,261.6441345,259.3847351,243.196579,257.7057495,302.571106,257.321106,202.3094635,258.15271,261.9502869,257.7792664,243.3822937,257.9502869,302.8046265,257.6086121
365661.0249,773,194.5969696,260.3724365,254.9524384,259.6497803,236.329834,258.0104065,295.665741,257.5149231,194.8550568,258.5915527,254.6910248,258.1747742,236.0069275,258.0635681,295.5774231,257.677887
365661.041,774,187.3655243,261.0856323,248.2145233,260.1397705,229.1797485,258.5292358,289.2767029,257.9182739,187.507431,259.1398621,247.6139526,258.5989685,228.7333221,258.28479,288.5414734,257.8316345
365661.0579,775,180.8352051,261.8123779,241.6391449,260.84021,222.3162231,258.8486023,282.6127319,258.2624207,180.3950043,259.7060547,240.7353821,259.0727234,221.6794586,258.5135193,281.7115784,258.0021667
365661.0742,776,174.3969421,262.3728638,235.0901489,261.7827148,216.1127625,259.3589783,276.0685425,258.7619934,173.5493011,260.2507324,234.0395355,259.6219482,214.8863983,258.7495728,275.0440369,258.2313538
365661.0909,777,168.0673523,263.0745239,228.7335663,262.5621948,209.7587891,259.8558044,269.9088745,259.2548828,166.9574738,260.796051,227.5850525,260.1910095,208.3479767,259.0221252,268.6235657,258.4734192
365661.108,778,162.2847443,263.9581909,223.2356873,263.3783569,203.4060516,260.3016357,264.4285889,259.8394165,160.6366577,261.3612671,221.5532684,260.756073,202.0168152,259.2877197,262.583374,258.7507935
365661.1248,779,156.4408417,264.4399414,218.0365906,263.742981,197.3468323,260.5888977,258.7991943,260.1351624,154.5547333,262.1686096,215.8750305,261.5557556,195.9120789,259.8139954,256.8826294,259.2587585
365661.1409,780,151.4882965,265.4824829,212.8387146,264.5563354,192.7059021,261.554657,253.8392792,260.784729,149.0035858,263.1019287,210.5426788,262.4224548,190.3575287,260.4854126,251.5270691,259.851532
365661.1581,781,146.4832916,266.1300049,208.6957855,265.213562,187.9007263,261.9832153,249.4371338,261.6925354,143.8217163,264.0282898,205.7144775,263.3143921,185.2090302,261.1380615,246.6785889,260.5515747
365661.175,782,142.2169342,267.159729,204.5505829,265.9089966,183.825531,262.613678,245.4159393,261.8664246,139.1652069,264.9852905,201.3270264,264.1445618,180.6063843,261.8248901,242.2960968,261.1560669
365661.1919,783,138.4422913,267.5543213,200.7315063,267.0249023,179.9594727,263.0736694,241.6646729,262.6825562,135.0254364,265.8434143,197.3968506,265.0489807,176.4845428,262.4515381,238.3406677,261.869812
365661.2081,784,135.5517883,267.9921875,197.6153259,267.5785522,177.1700897,263.3127747,238.583786,262.9599609,131.5455322,266.5701904,193.9542542,265.8524475,173.0323486,262.9532471,234.9015198,262.4603577
365661.225,785,132.8587341,268.4442749,194.9449158,268.0232544,174.3525391,263.803894,235.8734131,263.1411438,128.6411438,267.2087708,191.039856,266.5361938,170.1080322,263.4019775,232.0050507,262.9151306
365661.2414,786,131.0438232,268.4144897,193.0588379,268.4163208,172.7982178,264.0972595,234.0083008,263.3461609,126.4132156,267.7278748,188.79599,267.1478577,167.8751221,263.774353,229.7518005,263.2894287
365661.2589,787,129.8600922,268.8444214,191.6379395,268.6453857,171.4846497,264.4841919,232.4858856,263.4811707,124.859848,268.201355,187.1389771,267.6561279,166.3337097,264.1314392,228.0843201,263.5821838
365661.2748,788,129.0366669,268.5560303,191.0321503,268.758606,170.743103,264.0377808,232.248703,263.5289612,123.9864655,268.4768372,186.1769562,268.0592346,165.459549,264.2815857,227.1421356,263.8012085
365661.2917,789,128.8421936,268.7955322,191.1367188,268.6477661,170.8753662,264.1441956,231.8899536,263.3364563,123.7771225,268.6985474,185.8519135,268.3210449,165.2786865,264.3839417,226.7819214,263.8960266
365661.3076,790,129.3747559,268.3200073,191.4598084,268.5922241,171.1059875,263.947937,232.5366516,263.4894104,124.159935,268.7409668,186.1963959,268.5033569,165.7123261,264.3666992,227.1167297,263.947998
365661.3243,791,130.5890503,268.2495728,192.8152771,268.1315308,172.193573,263.6514587,233.8542175,263.0635071,125.1405411,268.6717224,187.2406311,268.4935913,166.7511444,264.235199,228.1839905,263.8165283
365661.3411,792,132.0071869,267.9402466,194.5811462,267.5423584,173.8596191,263.3345032,235.6982117,262.59198,126.7599411,268.5255737,188.9420166,268.319397,168.4234467,264.0325623,229.8950958,263.5441284
365661.3575,793,134.2818298,267.5501709,196.9461517,267.2089233,176.3302917,263.0322571,237.8105164,262.3829651,128.9986725,268.2792053,191.2911224,268.0939331,170.7147675,263.755249,232.2544556,263.2099304
365661.375,794,137.1988068,266.8356323,199.6032104,266.848999,179.1700134,262.5067444,240.4093018,262.2556152,131.8593597,267.9093933,194.1917419,267.7860107,173.6056671,263.4035339,235.1501312,262.8561096
365661.391,795,140.500824,266.2293701,203.3058929,265.8963623,182.3191834,262.2295227,243.7375183,261.7601013,135.2230377,267.492218,197.707962,267.3690491,176.9944458,263.0264282,238.6245575,262.4562988
365661.4075,796,144.5108948,265.6901245,206.6755981,265.0964966,186.2523499,261.717926,247.4082642,261.1974182,139.2069702,267.043457,201.6453247,266.8800964,180.9886475,262.6365967,242.5422668,262.0273132
365661.4249,797,148.3639679,265.2848511,210.9603729,264.5386963,190.3089294,261.281311,251.4658508,260.8450623,143.5372314,266.6575928,206.0281067,266.4234009,185.3565063,262.3038025,246.889801,261.6696777
365661.4413,798,153.0306702,264.5444031,215.1840515,263.8666687,194.6566467,260.8782654,255.6739502,260.5022583,148.3348999,266.2923584,210.7351227,265.9963379,190.1434631,261.9928284,251.5585175,261.3847656
365661.4578,799,158.2585144,264.1225586,219.5890503,263.133728,199.482666,260.6616516,260.0108643,259.9689331,153.5749054,265.8533325,215.6422119,265.4299316,195.3500977,261.6287537,256.4300842,260.9849548
365661.4749,800,163.887207,263.184021,224.7131195,262.7741089,205.2069702,260.1472473,265.4408569,259.9060364,159.2732239,265.1860657,220.9708557,264.7480774,201.0162048,261.0849304,261.7180176,260.4999084
365661.4919,801,169.4503326,262.6044312,230.4239197,262.15802,210.5992889,259.7696228,270.714386,259.6227417,165.2693481,264.5378723,226.6107025,264.0840759,206.9386444,260.5881348,267.3192749,260.0672302
365661.5082,802,175.1757507,262.1627197,236.3438568,261.5130615,216.1543884,259.2864075,276.5203857,259.2795715,171.4418793,263.9309387,232.5762787,263.4558411,213.0484619,260.105835,273.2098389,259.6781006
365661.5247,803,181.3250427,261.5227051,242.1586609,260.9327393,222.3587341,259.0917358,282.3778992,259.0665283,177.8729401,263.3403931,238.7731628,262.8553467,219.4319458,259.6958923,279.3384094,259.3443909
365661.5419,804,187.3366699,261.057251,247.9696655,260.3688354,228.3318481,258.5188293,288.5415649,258.5552063,184.3995056,262.7516479,245.142868,262.2396545,225.8870697,259.2794189,285.6626892,258.9901428
365661.5581,805,194.1239624,260.963501,254.0031128,260.0449219,235.2585144,259.0238342,294.8123169,258.2454224,191.2342529,262.2945557,251.6364288,261.6766663,232.6456604,259.0371704,292.1516418,258.6793518
365661.5748,806,201.1256409,260.2127686,260.2829285,259.5526733,241.5367432,258.8311462,301.2698669,257.9846497,198.249527,261.8067322,258.2426453,261.1442871,239.5309296,258.7949524,298.7729492,258.3990784
365661.5918,807,207.7781982,259.5595093,266.9862671,259.2194214,248.2260132,258.2250061,308.0061646,258.0209045,205.3328552,261.2903137,265.0619812,260.6689148,246.5000458,258.5006714,305.6412964,258.1685181
365661.6078,808,214.5101776,259.461853,273.8051758,259.0269165,255.1455688,258.3995667,314.6089478,258.04245,212.5185852,260.8551636,272.007843,260.2506104,253.5935974,258.3080139,312.5930786,257.9931335
365661.6244,809,221.2175293,259.5196533,280.7194824,258.5294189,262.1430054,258.5538635,321.6051025,257.9419861,219.7094116,260.5131836,279.1036377,259.8375549,260.6994629,258.2191772,319.7205505,257.8388977
365661.6411,810,227.8852997,259.0578003,287.8984375,257.9316406,269.0976868,258.3752136,328.7511597,257.8532715,226.8521729,260.1687927,286.3244629,259.4154663,267.8077698,258.1234131,326.9716187,257.6906433
365661.6576,811,235.047821,259.008606,294.8895264,258.361145,276.272644,258.5638733,335.6834412,258.4281006,234.0582886,259.9034424,293.5225525,259.1514893,275.0139465,258.109375,334.2007141,257.6959839
365661.6743,812,242.4430389,259.2787476,301.6910095,258.0418091,283.2167358,258.9062805,342.8578491,258.1638489,241.3939514,259.7506409,300.7545471,258.8945923,282.3041077,258.1786194,341.4692993,257.6882629
365661.6912,813,249.6785584,259.0437622,308.5695801,258.2003784,290.5126343,259.1521606,349.9389038,258.4786682,248.7645111,259.6159973,307.9642639,258.7359314,289.648407,258.2892456,348.7689209,257.7640686
365661.7076,814,256.4727783,259.2585144,315.755249,258.512085,297.4521484,259.5220642,356.7555847,258.750946,256.0071716,259.5623779,315.1998901,258.6931458,296.8911438,258.4972839,356.0732117,257.9272766
365661.7242,815,263.3146362,259.3175964,322.6244507,258.6657715,304.5650024,259.6659546,363.7282715,259.1580505,263.2008972,259.5368042,322.3763123,258.7098389,304.1029053,258.7033081,363.3233337,258.1405334
365661.7411,816,270.3210449,259.5838623,329.6862183,258.958252,311.3373413,260.0655823,370.5317383,259.3973084,270.2753601,259.5441589,329.5084839,258.7614136,311.1791382,258.9623413,370.478302,258.3798523
365661.7576,817,277.4458923,259.6862793,336.2471619,259.4705811,318.0603638,260.4518433,377.3633728,259.7247925,277.3647766,259.5976868,336.4909668,258.8730164,318.2252197,259.241333,377.4863892,258.6625977
365661.775,818,283.8340759,259.9970093,342.7557373,259.7675781,324.6568604,260.98526,383.7979431,260.1843567,284.2417297,259.6959839,343.2845154,259.0072937,325.1364746,259.5371094,384.2845459,258.9622803
365661.7909,819,290.1356201,260.3430176,349.5223999,260.1913452,330.7533569,261.4126282,390.1325073,260.6683655,290.8795166,259.8167114,349.9758911,259.1892395,331.7884216,259.8581848,390.9417725,259.283844
365661.8081,820,295.8944702,260.8712769,355.4259644,260.6604004,336.7228699,261.7871399,396.0232849,261.1861267,297.2122498,259.9590149,356.3496094,259.3785706,338.1372375,260.1653137,397.2982788,259.5990295
365661.8257,821,301.8685913,261.4367676,361.3480835,261.0054932,342.2966003,262.2433777,401.9393005,261.7891541,303.2845459,260.2316284,362.4962769,259.6998901,344.1680908,260.5856018,403.4204102,260.0346069
365661.8414,822,307.5557556,261.7526245,367.4961853,261.2399597,347.8172607,262.7463989,407.7490234,262.3032227,309.0709534,260.5798645,368.5169983,260.0956726,349.8752441,261.0735779,409.3911438,260.5254822
365661.8582,823,312.8162231,262.0798035,372.3929138,261.8250122,353.1707153,263.6777649,413.0374451,263.1780396,314.5677185,261.007019,374.1309814,260.5992432,355.2994995,261.6709595,414.9926758,261.136261
365661.8745,824,317.7664185,262.6888428,377.1607666,262.0811157,357.8518982,264.1902771,417.6968689,263.6700134,319.6974792,261.4759216,379.3415527,261.0843811,360.3718872,262.2960205,420.1506958,261.7436523
365661.8921,825,322.8270264,263.2468872,381.8061523,262.4598389,362.4352417,265.1054993,422.3636475,264.219635,324.5986328,262.0164795,384.2053528,261.5774536,365.1708984,262.9824219,424.9468384,262.3601379
365661.9082,826,326.3359375,263.5731201,385.940033,263.009491,365.9437256,265.4151001,426.2755127,264.940155,328.8951416,262.5440979,388.6149597,262.0961304,369.3530884,263.641571,429.3010254,263.0198364
365661.9245,827,329.924408,264.0449829,389.0396423,263.6071167,369.6668396,266.353302,429.4589844,265.8205872,332.7775574,263.1052856,392.4186096,262.6712341,373.1098633,264.3660889,433.0476379,263.7384033
365661.9409,828,332.7422485,264.5169678,392.4004822,264.3944092,372.3313904,266.6846313,432.6413269,266.6577759,336.0802002,263.653595,395.7977905,263.2954407,376.2935791,265.0549011,436.3764343,264.5145874
365661.9585,829,335.1398315,264.9490356,395.0535584,264.538147,374.5722351,267.3235168,435.0463257,267.1793518,338.8371277,264.1726379,398.6599121,263.8220215,378.9519959,265.7080383,439.144928,265.2400818
365661.9744,830,337.2849121,265.2388916,397.1849976,264.5974121,376.6875916,267.8380432,437.041687,267.7247009,341.1178894,264.6293945,400.9714966,264.2447205,381.1144104,266.2990112,441.3577271,265.8886719
365661.9909,831,338.7802734,265.4858398,398.2223511,264.9314575,377.9790955,268.3439026,438.3716736,268.1192322,342.814209,265.034668,402.6230469,264.6217041,382.6925049,266.8533325,442.9708862,266.4915466
365662.0076,832,339.2811279,265.8985596,399.0293884,265.1004028,378.5984802,268.6749573,438.8343201,268.3227844,343.8132019,265.4062195,403.5942383,264.9312134,383.5655518,267.3799133,443.8760376,267.0257874
365662.0249,833,339.354187,265.9262695,399.1155396,264.9550476,378.8577576,268.6847839,439.019165,268.2893982,344.1593933,265.6752014,403.9257202,265.1269531,383.8347168,267.811554,444.1502075,267.434082
365662.0411,834,339.3036499,265.9827881,398.7236328,264.5487671,378.8184509,269.0563965,438.558197,267.9476929,343.9949646,265.8854675,403.6773376,265.158783,383.6080627,268.1951599,443.8669739,267.660553
365662.0582,835,337.7805176,265.8133545,397.541748,264.9813843,377.6630249,268.7479553,437.5175171,268.1217346,343.1019592,265.9975281,402.7674866,265.2220459,382.6757202,268.4186096,442.9013977,267.8727417
365662.0747,836,336.5113525,265.5550537,396.2459412,264.720459,376.1408386,268.5951538,436.1478271,267.9781494,341.6482849,265.9942932,401.2944031,265.1799622,381.1840515,268.5435791,441.3754578,267.9697571
365662.092,837,334.4429932,265.1478882,393.9490356,264.6811523,373.8355103,268.07901,433.9160156,267.6471252,339.6311951,265.8790588,399.2059631,265.069458,379.1489868,268.5177307,439.2378235,267.9597473
365662.1082,838,332.0628662,264.6793213,391.1395264,264.6083374,371.3388672,267.3457947,431.4249878,267.7080994,337.0421143,265.6137695,396.5282898,264.9360352,376.5322571,268.3211365,436.5559692,267.9237366
365662.125,839,328.5423584,264.5368652,388.0061646,263.9853516,368.0748901,267.1524963,428.3302917,267.0385437,333.8430786,265.3460999,393.2588501,264.6795654,373.3157349,268.079071,433.278595,267.7372742
365662.1414,840,325.2059937,264.0598755,384.5310974,263.5775146,364.513916,266.6058655,424.6767578,266.2536926,330.144165,264.983429,389.5252686,264.3538818,369.5933838,267.7479553,429.5370789,267.4459839
365662.1581,841,320.9683533,263.4679565,380.4950562,262.9391479,360.2712402,265.7146301,420.8336792,265.6490173,325.8704529,264.5476685,385.337616,263.9647522,365.3088684,267.3015442,425.3782654,267.062561
365662.1749,842,316.2330933,263.1832275,376.1030884,262.6237488,355.9993591,265.077301,416.3883667,264.9924927,321.1507568,264.1535034,380.7407837,263.608551,360.6194763,266.8486023,420.8171387,266.643158
365662.1918,843,310.9634705,262.7601929,371.0095215,262.1849365,351.2012939,264.5781555,411.3858337,264.1716003,315.9535522,263.836731,375.6637268,263.2886353,355.5088501,266.4451599,415.7590027,266.2231445
365662.208,844,306.0111084,262.171875,365.7160034,261.7009888,345.8355408,263.7051086,405.9759216,263.5503235,310.4004822,263.4247131,370.1471558,262.9082336,349.9980469,265.9295349,410.2803345,265.7283325
365662.2244,845,300.4133911,261.4209595,359.5962524,261.305481,340.4450378,262.8437805,400.1477966,262.850647,304.5240479,262.7209473,364.1561279,262.317688,344.1656189,265.1144714,404.3433228,264.988678
365662.2413,846,294.414917,261.3783569,353.6113892,260.9516296,334.7824097,262.5350952,394.2417603,262.1637268,298.3948669,262.1376038,357.8422241,261.724823,338.1074829,264.3713989,398.0957031,264.213562
365662.2576,847,287.963562,260.6027222,347.5622559,260.4295044,328.7283325,261.8076477,388.6204529,261.6921692,291.9076233,261.5314941,351.3303223,261.15271,331.6937866,263.6211548,391.6740112,263.4849854
365662.2742,848,281.6132202,260.0369873,341.366394,259.7456055,322.5520935,261.3736877,382.2304688,260.9536438,285.222168,260.9638672,344.6471863,260.5659485,325.1174316,262.9115601,385.0710754,262.727417
365662.2911,849,274.8034058,260.2205811,334.9546814,259.1810303,316.0734253,260.947113,375.4833984,260.1604309,278.2756348,260.5507813,337.7554932,259.9985657,318.3273621,262.3147583,378.2261963,261.9945068
365662.308,850,267.9015503,259.81073,327.6972656,259.3081665,309.3119507,260.7311096,368.5989685,259.881012,271.1552734,260.179718,330.5930176,259.6180115,311.3848572,261.7981873,371.1150513,261.4033508
365662.3243,851,261.0456543,259.4036865,320.5601807,258.8845825,302.3634644,259.7978516,361.7093201,259.4373779,263.8755188,259.8093567,323.2630005,259.2535095,304.2538757,261.2427063,363.8537903,260.8305054
365662.3412,852,253.8554382,258.8738403,313.3841553,258.8311768,295.2934265,259.3365173,354.7738647,259.198761,256.4658508,259.4391174,315.8191834,258.9580383,297.0217285,260.6988525,356.5136414,260.3426514
365662.3575,853,246.8196716,259.3092651,306.3436279,258.9621582,288.4430542,259.3167114,348.0991211,258.9788513,248.9975128,259.2146912,308.401947,258.764801,289.7467651,260.2878418,349.2144775,259.9249268
365662.3745,854,239.2924194,259.2390747,299.1970215,258.6556396,281.0035095,259.0922852,340.9978638,258.8348084,241.3948364,259.0428162,300.9682007,258.5941162,282.3061523,259.9458923,341.9070435,259.5718079
365662.3909,855,232.0769501,259.131958,291.8132935,258.7480164,273.607605,258.9338989,333.788147,258.4534302,233.7479706,258.9265137,293.4668884,258.4718018,274.7670288,259.6615601,334.5389404,259.2593994
365662.408,856,224.4910584,258.9171143,284.755188,258.9888916,266.118866,258.8896484,326.2110596,258.6618042,226.0066986,258.8218079,285.947876,258.4623413,267.1760254,259.4268188,327.1195984,259.068573
365662.4252,857,217.1949921,259.4395752,277.1091919,258.9699097,259.078125,259.058197,318.9345093,258.5819397,218.3346558,258.8396606,278.3207397,258.48349,259.6582642,259.2943115,319.5986023,258.9286194
365662.4417,858,209.7100525,259.9750366,269.8893433,259.1543579,251.8521118,259.3328552,311.413208,258.591095,210.6902618,258.9992981,270.6932678,258.5601807,252.1617584,259.3040466,312.0455933,258.8573608
365662.4576,859,202.2859955,260.2492371,262.515686,259.958374,244.3679657,259.5664673,304.4205322,259.2831116,203.0485382,259.2269592,263.1799622,258.8388062,244.6298065,259.3743896,304.6028442,258.9744873
365662.475,860,194.8600159,260.9963074,255.4157715,260.4397583,236.9197235,259.9446106,296.9279175,259.5604553,195.4480896,259.5772705,255.7294006,259.1742249,237.122757,259.5256653,297.2062683,259.1359863
365662.4914,861,187.1247253,261.4602661,248.7950134,260.9096375,229.7877808,260.2118225,290.3843384,259.9130554,187.8520813,259.9620056,248.5175171,259.5363464,229.6428375,259.7458191,290.0827637,259.3334351
365662.509,862,180.3934326,262.046814,241.7089081,261.1395264,222.5104065,260.7930603,283.3331909,260.2148438,180.4261322,260.4065247,241.3503418,259.8779297,222.2757721,260.0091553,282.9758301,259.5502625
365662.5246,863,173.4144897,262.5922241,234.8599091,261.9213562,215.813446,261.3397522,276.46521,260.7835999,173.1700134,260.8266602,234.2963257,260.2713318,215.1097412,260.2920837,275.9598084,259.8027344
365662.5414,864,166.8705902,263.2310181,227.9155273,262.7513428,209.3950653,261.8134155,269.6747742,261.2875366,166.1638336,261.2492676,227.3323669,260.6969299,208.1941071,260.5580139,269.0266418,260.0757141
365662.558,865,160.0913391,264.3666382,221.7638855,263.5550537,202.5050354,262.5664978,263.6003723,261.8714905,159.3221588,261.9143066,220.7150726,261.3067932,201.4182892,261.0724182,262.4161072,260.5439148
365662.5745,866,153.9070129,264.7713623,215.894165,264.4096069,196.0484314,262.8515015,257.6445618,262.3310852,152.7050323,262.7061462,214.4239349,262.1210327,194.8370209,261.7164917,256.1207581,261.1700134
365662.5909,867,148.1012268,266.1401978,210.3450165,264.8338623,190.2615967,263.9080505,252.0814209,262.8319397,146.4286041,263.6748657,208.4910889,262.9315186,188.6130676,262.5157166,250.168045,261.8381958
365662.6076,868,142.7196808,267.1837158,205.3658142,266.3282471,185.1905212,264.5438538,247.0323944,263.9298706,140.5636902,264.759613,202.9793854,263.9747009,182.8184204,263.3827515,244.6739044,262.7087708
365662.6242,869,138.1664734,268.0494385,200.6031799,267.2130737,180.1983643,265.4219055,242.0517578,264.77005,135.2544861,265.8925476,197.861496,265.0727539,177.5216064,264.3285522,239.5246277,263.6355591
365662.6411,870,133.2292175,268.9317627,196.2329559,268.3222046,175.7602539,266.1129456,237.6922913,265.6122742,130.3637848,267.0514526,193.1648712,266.2271729,172.6633148,265.3060303,234.8226166,264.611084
365662.6583,871,129.2709351,269.6524658,192.3280487,269.3647461,171.8714294,266.6967468,233.7779999,266.2134094,126.0024872,268.177002,188.9686737,267.4506531,168.3452301,266.242157,230.5885162,265.6282654
365662.6743,872,125.9243011,270.6019897,188.6853943,270.1393433,168.3677673,267.6235657,230.6524353,266.6808472,122.1956024,269.3278503,185.2289276,268.6278381,164.5703278,267.2324524,226.886673,266.5904846
365662.691,873,123.1017303,271.4929199,185.8693695,270.7660522,165.6231995,268.3103333,227.7882996,267.497406,118.994873,270.4043579,182.1177063,269.7156982,161.3578033,268.1477661,223.8029175,267.4890137
365662.7076,874,120.817627,271.8816528,183.6003418,271.7514648,163.4440613,268.6703186,225.6694794,267.7197571,116.4067307,271.2448425,179.5905304,270.6322632,158.8121033,268.8251343,221.3128052,268.146698
365662.7253,875,118.7290497,272.4641724,181.8087158,272.258606,161.7354431,269.0022278,223.9410858,268.5548401,114.3965836,271.9809875,177.6242676,271.4797363,156.8525848,269.3771667,219.3904724,268.7802734
365662.7414,876,118.1292572,272.629364,180.6916504,272.8014526,161.0554199,269.3666382,222.9933319,268.8572083,113.2177277,272.553009,176.2386627,272.2225037,155.7071991,269.7954102,218.0500793,269.3163757
365662.7583,877,116.6485291,272.916626,179.9394379,272.821167,159.49823,269.6813965,221.7594452,268.7206726,112.3173904,273.0313416,175.3705444,272.7440491,154.8432007,270.1541748,217.1805725,269.6365051
365662.7753,878,116.2532349,273.3076782,179.5757904,272.9103394,159.4561462,269.6863709,221.67276,269.0509338,111.9355774,273.35672,175.0444031,273.1130371,154.5498352,270.337738,216.883316,269.8570862
365662.7912,879,116.4247665,272.9945679,179.9253387,272.822998,159.6852112,269.4389954,221.7335663,268.875885,112.0729828,273.496582,175.2543793,273.2597656,154.7789307,270.3673401,217.0992737,269.8417358
365662.808,880,117.4654846,272.6361084,180.3960876,272.71521,160.2911072,269.2028809,222.5511475,268.6988831,112.8103256,273.4396667,175.9698639,273.2940674,155.5458374,270.2442932,217.8554688,269.7411804
365662.8244,881,118.9214706,272.3641357,181.9301147,272.2191772,161.6384735,268.7391968,223.9679565,268.3269653,114.1162643,273.2403564,177.255249,273.1337891,156.9088593,269.9618835,219.1899719,269.4601135
365662.8418,882,120.3467712,272.2780762,183.8717499,271.8856812,163.3077698,268.6523438,225.5504456,268.0433044,115.8348236,272.9880676,179.0550232,272.865509,158.6632538,269.642334,221.0080261,269.0975037
365662.8581,883,122.7874756,271.7700195,186.098877,271.4552612,165.8877869,268.1109314,227.8839569,267.4455261,118.1240005,272.5797729,181.34198,272.4581909,160.9940796,269.1754456,223.3229065,268.6186523
365662.8742,884,125.8130188,271.0588989,188.9537354,270.7290649,168.9350891,267.6140747,230.6061401,267.1184082,120.9699707,272.0704346,184.1473846,271.910675,163.8966064,268.6272278,226.1020813,268.0584412
365662.891,885,129.0577393,270.3807983,192.0529175,269.7131958,171.9881592,267.0508118,233.8049316,266.407135,124.2829971,271.5137024,187.3975677,271.2446289,167.2437134,268.058197,229.3383636,267.3892822
365662.9076,886,132.9457855,269.4963074,195.8399658,268.9962769,176.1038513,266.5121765,237.5379028,265.5714417,128.1620789,270.9109497,191.1647186,270.5407104,171.1670837,267.4744263,233.074585,266.7359314
365662.9244,887,137.014801,268.5682373,200.2517548,268.3319702,180.013031,265.7041321,241.9290009,265.240387,132.4467926,270.3146057,195.4762573,269.9850159,175.4511261,266.9278564,237.3481903,266.2312622
365662.9409,888,141.9446411,267.7747192,205.4214783,267.1167603,184.6243591,265.0400696,246.5748291,264.6057739,137.3383484,269.8268433,200.3912048,269.4653015,180.3221436,266.4841003,242.16745,265.8309937
365662.9583,889,147.0220795,266.8346558,210.4062195,266.3648071,189.5092468,264.2694397,251.5986328,264.070343,142.5391693,269.0220947,205.6654816,268.6354065,185.4927521,265.735199,247.3894196,265.1515808
365662.9743,890,152.67659,266.0837097,215.1184998,265.3474731,194.658783,263.5943604,256.5023193,263.15802,148.1709442,268.0002136,211.1638184,267.5503845,191.0227966,264.8076477,252.8283234,264.205719
365662.9912,891,158.6723938,265.2799683,220.7710876,264.7402344,201.1022644,263.0352173,262.0193787,262.9008179,154.2764282,266.9862976,216.9834442,266.533844,197.0590668,263.9029541,258.6012878,263.3648071
365663.0082,892,164.6753693,264.5097656,226.6737518,263.9000854,206.8563538,262.5012817,267.711853,261.9804382,160.635849,265.9955444,223.0829773,265.510498,203.3647766,263.0309448,264.6077576,262.5161743
365663.0243,893,171.1281738,263.3863525,232.7094116,263.2471313,213.2577362,261.6705322,273.7833862,261.6954041,167.3183136,264.9360352,229.4486237,264.5618896,209.9982758,262.1305237,270.8930664,261.7626343
365663.0417,894,177.6381226,263.0409546,239.2148132,262.4268799,219.5435791,261.1931458,280.0827942,261.1852722,174.1680603,264.1187134,236.0549469,263.744812,216.7600708,261.4613647,277.4318237,261.1622925
365663.0586,895,183.8606873,262.387085,245.7812347,261.6702271,225.8608093,260.9540405,286.8136597,260.7698364,181.1036682,263.3846741,242.8864136,262.9681091,223.6039886,260.9128418,284.2005615,260.6447144
365663.0748,896,190.9246826,262.0543213,251.7818298,261.4000854,232.6247253,260.7676697,293.6618042,260.5458679,188.2696686,262.7714844,249.7551575,262.3351135,230.6514893,260.4794922,291.0882874,260.2414246
365663.0911,897,198.1971741,261.2576294,258.3704529,260.9004517,239.6420593,260.3281555,300.2112732,260.2263794,195.5930328,262.1635132,256.6706848,261.7477112,237.851059,260.0715637,298.0112305,259.8733521
365663.1081,898,205.4584961,261.0773315,265.7735596,260.6001587,246.9667358,260.4155579,307.5652771,260.2172241,203.1100616,261.7074585,263.8360291,261.2440796,245.2306061,259.809021,305.1843872,259.6231995
365663.125,899,212.6852417,260.8936768,272.9702148,260.4511108,254.4537354,260.4755249,314.7831726,260.348877,210.686554,261.3525085,271.1668701,260.8934631,252.7046204,259.6578979,312.5265198,259.521698
365663.1414,900,219.6529999,260.9927368,280.3866577,259.7084961,261.7926941,260.8165588,322.3687439,260.1247253,218.2519684,261.1615601,278.6991577,260.5122681,260.2250366,259.6801758,320.1278687,259.3843994
365663.1576,901,227.3365479,260.9788818,288.1241455,259.9558105,269.3276672,261.0710754,329.9352417,260.5549622,225.9111176,261.0663452,286.4313965,260.3253784,267.8428345,259.8063965,327.9116821,259.4386902
365663.1747,902,234.6794128,260.9315796,295.6665955,259.8809204,276.992218,261.1014709,337.5012207,260.4978943,233.5693054,261.0250549,294.1984253,260.1657715,275.5285645,259.9867249,335.7162476,259.5129395
365663.1922,903,242.5341034,261.2875977,303.0578003,259.8138428,284.56604,261.6113586,345.3047791,260.7545776,241.4088593,261.1347656,302.0069885,260.1055908,283.3349609,260.3105164,343.6080627,259.6844177
365663.2077,904,250.6717224,261.3935547,310.661377,260.6522827,292.7229309,262.2818298,353.2365723,261.6252747,249.4015961,261.34021,309.8658142,260.2709656,291.3168945,260.7573242,351.5949707,260.0908813
365663.2243,905,257.8771362,261.722229,318.0075684,260.9503174,300.1520691,262.7001648,360.7336426,262.1339417,257.3066406,261.5733337,317.6573181,260.5381775,299.2340698,261.2149048,359.5241394,260.5860291
365663.2415,906,265.4718628,262.1901855,325.8165283,261.6578979,307.8104858,263.1947327,368.0324402,262.4701843,265.1755981,261.847229,325.4435425,260.8769836,307.1390991,261.7265015,367.422699,261.0960083
365663.2576,907,273.1325684,262.6240845,333.3292236,262.3529663,315.3759155,263.7533264,375.8048096,263.207428,272.9557495,262.1369629,333.2307129,261.276062,314.9395142,262.2297668,375.3301392,261.6412964
365663.2743,908,280.8428955,263.2428589,340.897644,262.8585205,322.8309937,264.66922,383.1345215,263.5684204,280.6841125,262.449646,340.9353943,261.6345215,322.6918945,262.7685242,383.0645447,262.130127
365663.2915,909,287.8601074,264.1842651,348.163208,263.7747192,329.8532104,265.3691711,390.6565857,264.5596313,288.1984253,262.788269,348.4684448,262.0360413,330.2518921,263.2833557,390.6519775,262.6532288
365663.3076,910,294.7810974,264.6746826,355.2496948,264.3867188,336.8937378,265.9160461,397.4715271,265.1447144,295.525177,263.1974792,355.8239746,262.5170288,337.6290283,263.8511658,398.0433655,263.2292786
365663.3243,911,301.7280884,264.9750366,362.6851196,264.7688599,343.407074,266.6298523,404.5523376,266.1427917,302.6444397,263.8641357,363.0869446,263.3062439,344.7408142,264.6905518,405.3108521,264.14151
365663.3414,912,308.3845215,265.4008484,369.2124939,264.9917603,349.8487244,267.4166565,411.1782227,266.8312683,309.4884644,264.524292,370.0906372,264.0349121,351.5285645,265.5333862,412.3131714,264.9888
365663.3586,913,314.2888794,265.8945313,374.8917236,265.6814575,355.7467957,268.2547913,417.013031,267.9888306,315.9351196,265.2301636,376.6376038,264.8597107,357.9307861,266.4282532,418.8859863,265.9559631
365663.3743,914,319.9707031,266.9512939,380.6488647,265.8955688,361.0501404,269.3274536,422.4035645,268.3225708,321.947113,265.9712524,382.7602234,265.5128479,363.8399963,267.353241,425.0019531,266.7599182
365663.3911,915,325.168396,267.0543823,385.8984375,266.7335205,366.2681885,269.8375854,427.3447266,269.4299622,327.5112,266.5852051,388.4145813,266.1714478,369.3263855,268.1721191,430.5895996,267.5648193
365663.4086,916,329.8114014,267.4893799,390.5395508,267.3760986,370.5568542,270.6920166,432.1006775,270.3682556,332.6052551,267.2208862,393.5871582,266.8890686,374.3116455,269.0006714,435.6776733,268.4507446
365663.4246,917,333.7930908,267.6486816,394.6306763,267.2562866,374.2568359,270.9266052,436.0485535,270.8381958,337.0537415,267.6699524,398.1413879,267.3866577,378.6091919,269.6413879,440.1228638,269.1481323
365663.4413,918,337.2323608,267.7658081,398.0179443,267.7461548,377.5716553,271.0882263,439.2142944,271.4415894,340.8919373,268.0021667,401.9868469,267.8356323,382.2807617,270.166748,443.8833618,269.8373413
365663.458,919,340.0169678,267.8630371,400.7125244,267.8842163,380.2647095,271.6508789,441.8427124,271.8617554,344.0848694,268.2596741,405.1470947,268.2012939,385.3074036,270.6458435,446.9315186,270.4632874
365663.4743,920,342.1132813,268.0054932,403.0501404,268.0261841,382.1687927,271.9891052,443.8994141,272.133728,346.5946655,268.4704285,407.6326599,268.4502563,387.6561584,271.0696716,449.3014221,270.9953918
365663.4914,921,344.053772,268.1022949,404.9307251,268.0025635,383.9787598,272.1452942,445.5601807,272.5460205,348.5136414,268.6104126,409.528717,268.631958,389.402771,271.447876,451.0421753,271.4903259
365663.5079,922,344.7280884,268.2174683,405.9036865,267.5426025,384.933075,272.4666748,446.6699219,272.6279602,349.7079468,268.6978149,410.725769,268.6346741,390.4381104,271.7859192,452.1179199,271.8536377
365663.5243,923,345.182373,268.0115967,406.1726074,268.1448364,385.383728,272.1487732,446.9412537,272.8818665,350.255127,268.6552124,411.2770386,268.6976013,390.8621521,271.9501343,452.5776367,272.1968384
365663.5409,924,345.2955322,268.1740112,406.3009644,267.7406006,385.3253784,272.3377991,446.8265076,272.082489,350.2571716,268.6079712,411.2891846,268.5594482,390.7446899,272.0819092,452.4697571,272.2672119
365663.5579,925,344.9740601,267.3027954,405.5970154,267.1906738,384.502655,271.7848206,446.1867676,272.0861511,349.7026367,268.3523865,410.6677551,268.3318176,390.0293579,272.0031433,451.7207031,272.255249
365663.575,926,343.7478027,267.2029419,404.8626709,266.2608032,383.8082275,271.7354126,444.9786072,270.9248352,348.5993042,268.1063843,409.5418396,267.8176575,388.8411255,271.9368286,450.4582214,271.9275208
365663.5914,927,342.0684814,266.9386597,403.1225586,266.6005249,382.0187988,271.3587036,443.2886658,271.144104,346.9630432,267.8058167,407.8447266,267.4486389,387.1090698,271.7726746,448.6544189,271.7124329
365663.6077,928,340.0689087,266.468689,400.5157166,265.8460693,380.1263123,270.8700256,441.1405029,270.4480286,344.8501587,267.4759827,405.5774536,267.0056763,384.9388428,271.5427246,446.3091431,271.4036255
365663.6245,929,337.3465271,266.0865479,398.0461426,265.3733521,377.4134216,270.2358093,438.4626465,269.7644653,342.1826477,267.1133118,402.8581848,266.5549622,382.2382507,271.252655,443.5064087,271.0203247
365663.6409,930,334.1351929,265.6692505,394.52771,265.0924988,374.3634644,269.6049805,434.9760742,269.2322388,339.0138855,266.7296753,399.5295715,266.1517029,379.0602417,270.9201355,440.1154785,270.6540833
365663.658,931,330.4500122,265.3579102,390.5657654,264.6099854,370.4743042,268.828949,431.4915771,268.6491089,335.310791,266.3984985,395.6726379,265.7948914,375.3385315,270.562561,436.2415161,270.3024292
365663.6749,932,326.5332031,264.7139893,386.830658,264.3069458,366.4857788,268.2123413,427.2391968,268.2274475,331.1427612,266.0600891,391.4082947,265.4836426,371.1619263,270.1837158,431.9404297,269.9755859
365663.6917,933,321.692627,264.0042114,382.3919067,263.5886841,361.5345459,267.35849,422.6794128,267.3375244,326.4440308,265.4122009,386.7405396,264.8483276,366.4562683,269.4783936,427.2442017,269.2740479
365663.7076,934,316.7506714,263.7897339,377.1691895,262.8817139,356.90271,266.7832336,417.6645508,266.2831726,321.3298645,264.788147,381.6074524,264.1582336,361.3377075,268.7497253,422.0885315,268.443634
365663.7247,935,310.9017944,263.2383423,371.6165466,262.6574097,351.4958496,265.8691101,412.0863037,265.6316223,315.690094,264.1497803,375.9898376,263.5549316,355.7306519,267.9858398,416.4460144,267.6934204
365663.7417,936,304.9036865,263.1382446,365.581543,262.3361511,345.7667847,265.1011047,406.163269,264.8695984,309.6184692,263.6121826,369.9303589,262.9833374,349.7284546,267.2648315,410.3912048,266.9711609
365663.7587,937,298.9371338,262.4692993,359.0915527,261.8619385,339.5831909,264.4187622,400.4035645,264.0874329,303.1858215,263.0220337,363.4901428,262.4257813,343.3889465,266.463623,404.0111694,266.1910706
365663.7757,938,292.9629822,262.0984497,352.7029724,261.4291382,333.6292725,263.823761,393.8338623,263.2405396,296.60495,262.4640808,356.7401428,261.808197,336.858551,265.6717529,397.3457642,265.3357544
365663.7912,939,286.0198975,261.6554565,346.413208,261.4085083,327.203064,263.2909241,387.5592651,262.8973389,289.6793823,262.0201416,349.8399353,261.4189453,330.0357056,264.9957581,390.5272217,264.6919556
365663.8076,940,279.1634216,261.6089478,339.3969116,260.901825,320.7622375,262.8696594,381.0220947,262.1297302,282.5881348,261.6674805,342.7066345,261.0133667,323.072937,264.3813782,383.4772949,264.005249
365663.8243,941,271.9555664,261.3187866,332.3687134,260.7786865,313.8239136,262.3163147,373.7405701,261.7313538,275.2603149,261.3424072,335.367981,260.6724243,315.8952332,263.7936707,376.2182312,263.3777161
365663.8414,942,264.9386597,260.8928223,324.6516113,260.977417,306.944458,261.9221191,366.234375,261.3994141,267.8433228,261.0334167,327.7013245,260.4529114,308.6263733,263.2424622,368.6461182,262.8483887
365663.8579,943,257.5518494,261.0973511,317.6489258,260.3919678,299.9002075,261.486908,359.3482361,260.9381104,260.2719116,260.8182068,320.0472107,260.2157593,301.2486267,262.7704773,361.0564575,262.3201294
365663.8749,944,249.9365082,261.3535156,310.4661865,260.3128052,292.3598328,261.3966675,352.5628052,260.7720337,252.5601959,260.7312927,312.4195557,260.0695801,293.7427979,262.3956299,353.5694885,261.8855591
365663.8913,945,242.7389374,260.8583374,303.0331421,260.1820679,284.9729614,260.7633362,345.2911072,260.5334167,244.7840118,260.585907,304.7669067,259.9596252,286.1659546,261.9628296,346.0810242,261.4924622
365663.9078,946,235.5094604,261.0519714,295.8833618,260.4125671,277.7275391,260.7974243,338.1414185,260.4308167,237.0801544,260.5467834,297.1758728,259.9211731,278.6342773,261.6529541,338.6369019,261.1720886
365663.9244,947,228.0430145,261.1036987,288.7132263,260.8306274,270.3956909,260.8424988,331.0019226,260.3483582,229.3542633,260.5545654,289.6376648,259.9914551,271.0549316,261.4197388,331.2502441,260.9543152
365663.9417,948,221.1110535,261.4195557,281.7928162,260.928772,263.4995728,260.9422913,324.0077515,260.4992065,221.7751312,260.6513367,282.2127686,260.1216431,263.6029053,261.3131714,323.9614563,260.8375854
365663.9576,949,214.4891052,261.6044922,274.8013611,261.137207,256.640686,261.1515198,316.7559204,260.3925476,214.390213,260.8083191,274.8996277,260.2844849,256.3434753,261.2700195,316.7018738,260.7529297
365663.9747,950,207.0921326,262.0682983,267.541687,261.6026001,249.7178345,261.5596313,309.4840698,260.6748657,207.100174,261.0637817,267.5867004,260.5227661,249.2167053,261.3392944,309.4565735,260.7629089
365663.9916,951,200.2921143,262.1449585,260.8482361,262.3190613,242.5566711,261.5513,303.0439148,261.3766174,199.93927,261.3084717,260.5402527,260.8989563,242.1459198,261.3982239,302.4975891,260.9364929
365664.0076,952,193.3249969,262.7076416,254.6264038,262.7227173,235.9619141,262.0864563,296.6018982,261.7740784,192.9489746,261.6244507,253.7971802,261.2814026,235.2421265,261.557373,295.7836914,261.1376038
365664.0242,953,186.6750488,263.6530151,248.3647308,263.3846436,229.4439697,262.6627502,290.3239136,262.1430664,186.1256561,262.0205383,247.2566376,261.6855774,228.493866,261.7878113,289.2921143,261.3589172
365664.0414,954,180.1200867,264.083313,242.2389526,263.7007446,223.0064697,263.1099548,284.0925903,262.5987854,179.4922943,262.4239502,240.8583984,262.0679626,221.9338837,262.0243225,282.9164429,261.6143188
365664.0578,955,174.0858459,264.6699219,235.8382416,264.3383789,216.8794403,263.5691528,277.7266846,263.0813904,173.1268005,262.8062439,234.5884247,262.4598999,215.6054993,262.2824402,276.6622314,261.8559875
365664.0748,956,167.9529877,265.3478699,229.5328369,264.9675903,210.7408142,264.1529846,271.5953369,263.4764709,166.8940887,263.3582764,228.4730377,263.0249023,209.4031525,262.7312927,270.5440063,262.2584534
365664.0917,957,162.1644897,265.7761841,223.7917938,265.5050659,204.6850281,264.5599976,265.9649658,264.1629944,160.8491974,263.9909973,222.5712891,263.6976318,203.3821411,263.2705994,264.6351929,262.7900696
365664.1082,958,156.5239105,266.8428955,218.2873383,266.2294922,199.0283661,265.0600891,260.329895,264.5916443,155.0259552,264.7354126,216.8903809,264.4205627,197.5827637,263.8876343,258.9363098,263.375
365664.1247,959,150.9655609,267.4675293,213.007309,266.6825562,193.3670349,265.6613159,254.8847046,265.0835266,149.3576355,265.5003967,211.4324799,265.1153259,191.9185181,264.5238647,253.4441376,263.9767151
365664.1417,960,145.8033295,268.0722656,208.3727722,267.3126221,188.5385437,266.2235718,250.3763428,265.5647888,144.015152,266.2576599,206.3783722,265.8105774,186.6049194,265.1668701,248.3724213,264.5620728
365664.1581,961,141.0861359,268.883667,203.7830505,267.9779663,183.6199951,266.6235962,245.7563477,265.9889221,139.0169067,267.0029907,201.5978241,266.4541321,181.6385193,265.7615662,243.5934296,265.1019287
365664.1743,962,136.4361267,269.5541382,199.3773804,269.2720947,178.9530334,267.1149597,241.5805969,266.7568054,134.2879944,267.7815247,197.0621185,267.2303467,176.9005432,266.3792419,239.0794678,265.7458496
365664.1914,963,132.4415436,270.1358643,195.5038452,269.5437622,175.0782928,267.3404846,237.4777527,267.0260315,129.9350128,268.446991,192.892746,267.8980408,172.5785828,266.8612366,234.8916168,266.2822876
365664.2077,964,128.980011,270.4862061,192.1183777,270.197937,171.3256836,267.4502869,234.0621796,267.1371765,126.0183868,269.0281982,189.1749268,268.5292664,168.6376953,267.2412415,231.1711426,266.7374878
365664.2247,965,125.7728729,271.3117676,189.0140991,271.0532837,168.6694641,268.4020691,230.9194336,267.5143738,122.6029129,269.6782227,185.8967896,269.1843567,165.2328491,267.7312927,227.8885193,267.2011414
365664.2409,966,123.1070175,271.9234619,186.0664978,271.5177002,165.8387909,268.4723511,228.2022705,267.6880493,119.6460495,270.2957459,183.0234528,269.7973022,162.2631073,268.142334,225.0386963,267.586792
365664.2576,967,121.333786,272.0803833,184.3442383,271.906311,163.9634705,268.9074097,226.2581024,268.0726318,117.3339844,270.839447,180.7114258,270.3729248,159.9373779,268.5133667,222.7287903,267.9476624
365664.2743,968,119.8352356,272.2025146,182.8164978,272.2540283,162.6316834,268.6567688,224.8715057,268.3269043,115.6068954,271.2733765,178.9147339,270.8937988,158.2110138,268.7513733,220.9314728,268.265564
365664.2918,969,118.9908295,272.6460571,182.0604858,272.3771973,161.7241211,268.9454346,223.8250427,268.2146606,114.4764862,271.6856079,177.7183228,271.3304443,157.0983276,268.956604,219.7010193,268.4671326
365664.3076,970,118.9977875,272.3692017,182.0557861,272.8113403,161.5602264,268.7615662,223.697876,268.3072205,114.0443878,271.9423828,177.1867371,271.7364197,156.6710663,269.0612793,219.1360474,268.6342773
365664.3242,971,119.0989227,272.3655396,182.4217834,272.4210815,161.9578094,268.7722473,223.971405,268.2671204,114.1763992,272.132019,177.2538605,271.9933777,156.8411865,269.1019897,219.1758728,268.6783142
365664.3413,972,120.1775055,272.0539551,183.4760742,272.0388794,162.8854675,268.2246399,225.2212372,267.6335144,115.0086823,272.183136,178.0785828,272.0780334,157.6712036,268.9880676,219.9790497,268.5415344
365664.3582,973,121.7039795,271.9238892,185.1099243,271.5667114,164.3157959,267.7808228,226.6425018,267.4411011,116.4556732,272.1362,179.5563812,272.0223694,159.1246948,268.7842102,221.4201202,268.3078003
365664.3747,974,124.0218735,271.5650635,187.2692566,271.4844971,167.1492004,267.8867493,229.3582459,267.4182739,118.6075134,272.0336609,181.7509003,271.9528503,161.3273926,268.5783997,223.6051331,268.1090393
365664.391,975,127.0467682,270.6838989,190.2138367,270.5900574,170.032959,267.374939,232.0612488,266.8207397,121.4513397,271.7479553,184.5817719,271.695343,164.2003479,268.2499084,226.4254608,267.7472229
365664.4081,976,130.2738037,270.4111938,193.644455,270.0255127,173.6888733,266.9872742,235.3764038,266.5137329,124.8795471,271.4144592,188.0499115,271.3465271,167.7176666,267.8840637,229.875946,267.3608398
365664.4245,977,134.4108582,269.7390747,197.3881073,269.2282104,177.5391541,266.4115601,239.1066284,265.874939,128.9613342,271.052948,192.0437317,270.9096985,171.8187714,267.4877319,233.854187,266.9394836
365664.441,978,138.1141052,269.1966553,201.8804321,268.6749878,181.1061096,266.1481934,243.4111328,265.5338745,133.3191071,270.6806335,196.5613861,270.4725037,176.1982269,267.1489868,238.3214264,266.5596619
365664.4578,979,142.9513397,268.5422974,206.1311035,267.8423462,185.8771667,265.5029907,247.9691162,264.977417,138.2057343,270.3074646,201.4535828,270.0177307,181.1095276,266.7869873,243.2073059,266.1856079
365664.4753,980,147.8101349,267.9672241,210.9714355,267.0928345,190.8140564,265.1399231,252.5696106,264.5603943,143.4672852,269.7898865,206.6741943,269.4103699,186.3883667,266.3292542,248.3898468,265.694519
365664.4913,981,153.686203,266.9309692,216.1057587,266.4539795,196.247467,264.5809631,257.6231079,264.1882629,149.186142,269.0559082,212.1638336,268.6306152,192.0928955,265.7077942,253.8588867,265.0727844
365664.5079,982,159.3534393,266.4370117,221.5886688,265.9374695,202.1542664,264.1590271,263.1894836,263.7584839,155.2501068,268.3491211,217.9582825,267.8839417,198.1767273,265.1118469,259.6499023,264.5198975
365664.5247,983,165.3427887,265.8670654,227.5217743,265.4053955,207.9307098,263.5932617,269.2431335,263.3541565,161.5548401,267.6699524,224.0447235,267.1983643,204.4588776,264.5426331,265.7506409,264.0095215
365664.5412,984,171.9160614,265.0892944,233.9785004,265.0263672,214.1494598,263.0309448,275.697937,263.5555725,168.1478271,266.9489136,230.4971161,266.5767517,211.0123138,263.9691772,272.2008972,263.6324768
365664.5581,985,178.4758301,264.7717285,240.3709412,264.1907349,220.8267212,263.144043,281.7653198,263.1748962,174.9491272,266.3344116,237.1038971,265.9671021,217.7918701,263.56427,278.7961426,263.2819519
365664.5748,986,185.0239716,263.9642944,247.0076141,263.4594116,227.5076904,262.9098816,288.6817017,262.7376404,181.9675751,265.7359009,244.0039063,265.3579407,224.7566834,263.1844177,285.6615906,262.9515076
365664.5914,987,192.3205566,264.0412598,253.6265564,263.2660522,234.6688232,263.2319031,295.9769897,262.9632874,189.2758942,265.2819214,251.098114,264.8432617,232.0118408,262.9387512,292.7977295,262.725708
365664.6078,988,199.976593,263.4899902,260.6635132,262.8867798,241.9430847,263.072052,303.0610962,263.121521,196.894577,264.8339539,258.381012,264.3926697,239.5098114,262.741272,300.1360779,262.5873413
365664.6249,989,207.5253601,263.5391235,267.7259216,262.5328369,249.554657,263.5125732,310.263855,262.7278137,204.74646,264.5073853,265.7930603,263.9460449,247.2701111,262.6897888,307.6164246,262.4364014
365664.6413,990,214.2119141,263.3585815,275.1356201,262.2592163,256.3967285,263.3367615,317.6520386,262.6771545,212.3956909,264.2325134,273.3919373,263.5481567,254.8520813,262.6671448,315.2974243,262.335083
365664.6588,991,221.8116913,263.1672974,282.7913818,262.3993835,264.6298523,263.6898499,325.2330322,263.2485657,220.2394714,264.0085144,281.1507874,263.2783203,262.6868896,262.7399902,323.1065979,262.3747864
365664.6743,992,229.3965302,263.2604675,290.2405701,262.0439453,271.9162292,264.0469666,332.8786316,263.3197327,228.0767822,263.8806458,288.9436035,263.0190125,270.4838562,262.9132385,330.9860535,262.4328003
365664.6914,993,237.0867615,263.2721558,297.5970459,262.5297241,279.5843201,264.3407593,340.4889526,263.9087524,235.9747772,263.807373,296.7092896,262.9171143,278.3765259,263.1248474,338.8663025,262.6346436
365664.7081,994,244.5159607,263.4419556,304.7893066,262.7186279,287.1754761,264.8275452,348.0211792,264.0004578,243.8485565,263.8070374,304.3952942,262.8694458,286.2385254,263.4298096,346.6882324,262.8753357
365664.7243,995,251.9396973,263.973877,312.7319336,263.0432129,294.430481,265.2895203,355.558197,264.5689087,251.5923767,263.8998413,312.1529541,262.916687,293.9742737,263.8217468,354.5379639,263.2207031
365664.7411,996,259.4170532,264.1362915,319.9576111,263.2281494,302.1305542,265.75354,362.5926209,264.8249512,259.2870789,263.9936218,319.7983704,263.0192566,301.7089844,264.2218323,362.2596741,263.5788879
365664.7579,997,266.6107788,264.3135376,327.2474976,263.7034302,309.4877625,266.1889038,369.9793396,265.3399658,266.8536072,264.0974426,327.303894,263.1730042,309.3193359,264.6175537,369.8766479,263.9536743
365664.7744,998,274.277771,264.6154175,334.2805176,264.2540894,316.6404114,266.6733704,377.3164063,265.9773865,274.3345642,264.2135925,334.6893616,263.3662109,316.7902222,264.9930725,377.3756104,264.3506165
365664.7913,999,280.9863281,264.9286804,341.618042,264.8395996,323.338501,267.0769959,384.4382324,266.4858704,281.5612488,264.3293152,342.0204773,263.5916443,324.0172119,265.3552551,384.7458496,264.7384949
365664.8078,1000,287.5089722,265.6734009,348.3751221,265.4308472,330.0164185,267.6247864,391.3944702,267.4257507,288.5456543,264.5572205,349.1505432,263.9208374,331.0466919,265.7806091,391.9277344,265.2143555
365664.8244,1001,294.5422363,265.5978394,354.9385681,266.1567383,336.5769653,268.2053528,397.5825195,268.0481567,295.4429321,264.9186096,355.9854431,264.4839172,337.9444275,266.3615112,398.7714844,265.9187927
365664.8413,1002,300.8439331,266.7385254,361.3006592,266.0598145,342.8615112,268.9755859,403.7433472,268.3420715,301.983551,265.3947754,362.5509033,264.9739075,344.4711304,267.0258789,405.3308105,266.5641479
365664.8581,1003,306.9463501,266.9417114,367.6045532,266.6889343,348.7063904,269.3959656,409.8440552,269.2100525,308.313385,265.8767395,368.9077148,265.5457153,350.7127686,267.6688538,411.6707764,267.2752991
365664.8751,1004,312.4580078,267.335022,373.8508301,266.8482666,354.308197,270.1197205,415.5234375,270.1267395,314.2507324,266.3617859,375.0543518,266.0804443,356.5943298,268.3204346,417.7369385,267.9768982
365664.8915,1005,317.5532227,267.8681641,379.0694275,267.4771118,359.2848511,270.8106384,420.9143066,270.6558533,319.7751465,266.8853455,380.818634,266.653717,362.0549316,269.0001221,423.4139709,268.7001648
365664.9087,1006,322.7358398,268.5910034,383.735199,268.142395,364.2160339,271.9184265,425.5309448,271.2697449,324.9794617,267.5010986,386.0812988,267.2460938,367.1609497,269.77771,428.5569458,269.4463196
365664.9242,1007,327.4163208,268.6807251,388.1796875,268.3491821,368.5579529,272.2027893,429.9815674,271.870575,329.7585144,268.0132141,390.9194641,267.7690125,371.8275757,270.4736938,433.3097534,270.1355896
365664.941,1008,331.4336853,269.0499878,392.1458435,269.1299438,372.5083008,272.5769348,433.9386597,272.8706055,334.1121826,268.4865723,395.2244263,268.3234558,376.0446777,271.1062012,437.5445557,270.8686523
365664.9579,1009,334.9281616,269.3173828,395.6674805,268.9087524,375.8010254,272.9515686,437.4309082,272.9131165,337.9559631,268.8876953,399.0315247,268.6882935,379.7214355,271.6538696,441.2709351,271.4308167
365664.9751,1010,337.8024292,269.7717285,398.9247437,269.3781738,378.6652832,273.5921936,440.5358887,273.6704407,341.2706909,269.2940979,402.380249,269.0661011,382.9111938,272.2071533,444.5009155,272.0227051
365664.9909,1011,340.4721069,270.0730591,401.3397827,269.6826782,381.1240234,274.0307922,442.8770752,273.9857483,344.0527039,269.6604309,405.1703186,269.3936462,385.5515137,272.7242737,447.184082,272.5716553
365665.0078,1012,342.6730347,270.0002136,403.7344666,270.107605,383.4151611,274.0512085,445.0013123,274.0380554,346.344574,269.9120789,407.5166626,269.710083,387.6962891,273.1509094,449.3843994,273.0493774
365665.0247,1013,344.2441406,270.3331909,405.1171265,269.7315063,384.7255859,274.3779907,446.4727783,274.210907,348.0974731,270.1528625,409.2316284,269.8921204,389.3197327,273.5114441,450.9920044,273.4470825
365665.0409,1014,345.0926514,270.4852295,406.6276855,270.1156006,385.6270142,274.6874084,447.6442261,274.8507385,349.2726135,270.3585815,410.4861145,270.0812073,390.3712769,273.8809204,452.127655,273.8406067
365665.0578,1015,345.5827637,270.524231,407.1939392,270.1542969,386.231781,274.7981262,448.2865601,274.721405,349.9158936,270.4971008,411.2249756,270.2055359,390.9219666,274.1710815,452.7709351,274.1354065
365665.0747,1016,345.7840576,270.9094238,407.2518005,270.1398926,386.6641541,275.0720825,448.1903687,274.8435364,350.1082153,270.6571655,411.4341736,270.2991638,391.0334473,274.4459839,452.9189453,274.3477783
365665.0918,1017,345.3443298,270.2808838,406.6357422,270.1537476,386.0227051,274.9702454,447.8571167,274.5205688,349.7208252,270.6668091,411.1123962,270.3160095,390.5582886,274.6011963,452.5452271,274.4636536
365665.1086,1018,344.5520935,270.1995239,405.5010986,269.583313,385.2395935,274.7938538,446.556488,274.2190857,348.8844604,270.6393433,410.1617126,270.1813965,389.6558533,274.6793213,451.5328369,274.4547729
365665.1247,1019,343.010376,270.2167358,404.697937,269.8980103,383.7241211,274.4481506,445.7796631,274.3904114,347.5102234,270.571167,408.8955994,270.1074829,388.2459717,274.6702576,450.2067261,274.461731
365665.1415,1020,341.5100098,270.1333618,402.3059692,269.772644,382.1526489,274.1838379,443.8054199,274.0822144,345.7556458,270.4580688,407.0067444,270.0178833,386.4553833,274.600769,448.2934265,274.4195251
365665.158,1021,338.7635193,269.8269653,400.055603,269.3143311,379.8527832,273.8599548,441.3156738,273.7944336,343.4164124,270.2909241,404.6271667,269.8454895,384.1341858,274.4668579,445.8718872,274.2868042
365665.1743,1022,336.2539978,269.6794434,397.446228,268.9709473,377.3669434,273.3315735,438.5281982,272.9704895,340.6658325,270.1178589,401.8240356,269.6349487,381.4044495,274.2797852,443.0246582,274.0518799
365665.1913,1023,333.0754395,269.2787781,394.1446533,268.914978,374.0692139,272.9649048,435.3010254,272.8052673,337.4386902,269.9223633,398.5155945,269.4582214,378.2058105,274.0616455,439.6844788,273.8407288
365665.2082,1024,329.237793,268.8850098,390.0347595,268.0866699,370.1809082,272.2767639,431.4061279,271.7185364,333.7305908,269.7027893,394.6673279,269.1706848,374.5144653,273.7871399,435.8449097,273.5283508
365665.228,1025,325.1398315,268.3321533,386.3857422,267.7895508,366.1899414,271.6236267,427.9232178,271.2829285,329.5675659,269.4541016,390.5270996,268.9237671,370.3988037,273.4756775,431.7198486,273.1992493
365665.241,1026,320.4945068,267.8703613,381.7287598,267.020874,361.7538452,270.6958618,422.9627686,270.6657715,324.928772,269.0887451,385.9078674,268.5337524,365.8204346,272.9956055,427.1187439,272.7183838
365665.2575,1027,315.8907471,267.069519,376.7612305,266.9615479,357.0882568,269.5897522,418.0480652,270.0845337,319.9541016,268.4943237,380.8868103,268.0246277,360.8914795,272.2550354,422.1138611,272.0888977
365665.2742,1028,310.4057617,267.0594482,371.3405762,266.4403076,351.8564453,269.1358337,412.9160156,269.4661255,314.5827026,267.9597168,375.4550171,267.5105591,355.567627,271.5465698,416.7351379,271.4350281
365665.2913,1029,304.5038452,266.822876,365.7566834,265.6054077,346.5254822,268.4509888,407.1340332,268.3981323,308.7826233,267.4173584,369.6573486,266.8530884,349.8794861,270.7490845,410.95047,270.6463623
365665.3079,1030,298.765564,265.9526978,359.2337646,265.552124,340.7793274,267.7931824,401.2832947,267.8032227,302.7037048,266.7893372,363.3667908,266.2297363,343.9110718,269.8916016,404.7427673,269.8243103
365665.3247,1031,291.7211914,265.8953247,352.8616638,264.7868042,333.9910889,266.9655151,395.0596619,266.755188,296.0565491,266.2268066,356.842804,265.5783691,337.3936157,269.0656128,398.3117981,268.9625854
365665.3413,1032,285.6627197,265.513855,346.4427185,264.5861816,327.9414368,266.5998535,388.625,266.3618774,289.3076172,265.7667847,350.0501709,265.0614014,330.7810059,268.358551,391.5760498,268.2344666
365665.3578,1033,278.8693237,264.5775146,339.2713623,264.3727417,321.3020325,265.9960022,381.7133179,265.6527405,282.2864075,265.2641602,342.9008484,264.6151733,323.8717651,267.6380615,384.525238,267.5215759
365665.3745,1034,271.5643311,264.4423218,331.9160156,264.0007935,314.4146729,265.9409485,374.7178345,265.028717,275.0177917,264.8799744,335.4786682,264.1916504,316.7479248,267.0744324,377.2463684,266.8504028
365665.3912,1035,264.0527344,264.1270142,324.9981689,264.1350098,307.1226501,265.2827148,367.4386597,264.8676758,267.4674683,264.5305481,327.9247437,263.92099,309.3706055,266.5141296,369.799469,266.3166199
365665.4076,1036,256.6410828,264.5038757,317.3662109,263.6038818,299.5979309,264.8676758,359.7445679,263.9222107,259.6885376,264.3129578,320.0904846,263.5801392,301.759491,266.04422,362.0491028,265.699646
365665.4246,1037,248.8410645,263.8741455,309.2883301,263.7984009,291.9970398,264.3594055,352.5093994,263.985321,251.7145233,264.0610657,312.1516113,263.3883057,293.960968,265.5584717,354.2505493,265.2322693
365665.4409,1038,241.3045349,264.2809448,302.1309204,263.6429443,284.0232849,264.4048462,345.0926514,263.7840881,243.6179352,263.9441834,304.193573,263.2514343,285.9859924,265.2164612,346.4364624,264.8034058
365665.4577,1039,233.4035492,264.3406982,294.2183228,263.7642212,276.0166626,264.0791931,337.4425659,263.9656067,235.4230804,263.8509216,296.1370239,263.2234802,277.9091187,264.8913879,338.5413818,264.5319824
365665.4745,1040,225.5040283,264.418396,286.6540527,264.2765503,267.902771,263.8286133,329.5183105,263.8895264,227.1390533,263.8166199,288.0820007,263.3337708,269.7041016,264.6348877,330.59375,264.3578796
365665.4909,1041,217.7708588,264.9349976,278.8631287,264.4450378,260.3239136,264.247406,321.6564941,263.852478,218.9259949,263.9310303,279.9991455,263.4804382,261.5353088,264.5563354,322.6289063,264.2224426
365665.5077,1042,209.9711609,265.4998169,270.8455811,265.3789673,252.4502869,264.5016479,313.3658447,264.19104,210.7734985,264.1730347,271.8349609,263.8120728,253.4216003,264.5617676,314.5039368,264.2674866
365665.5244,1043,202.3749084,266.6522217,262.9355469,266.1564331,244.5730438,265.3467407,305.3701782,264.7843323,202.6155396,264.6260071,263.6763,264.2675781,245.2576599,264.8167725,306.3649902,264.4446106
365665.5411,1044,194.2537537,267.3296509,255.5336914,266.710144,236.8586121,265.967804,298.0183105,265.1723328,194.5350342,265.1840515,255.7226868,264.7894592,237.2043304,265.1708374,298.4365845,264.6903687
365665.5578,1045,186.2360229,268.306366,247.9064178,267.4483643,228.8336182,266.4918518,290.2781982,265.5591736,186.4860229,265.8300171,247.8359833,265.348938,229.1690674,265.5473938,290.5440369,264.9857483
365665.5747,1046,178.7666626,269.0556641,241.0659027,268.15271,221.1339111,266.7942505,283.3334351,266.1305237,178.6045074,266.495636,240.255661,265.9213257,221.2472839,265.8996582,282.9191895,265.3039551
365665.5915,1047,171.4969177,269.7005005,233.4600677,268.8406982,213.9493866,267.149353,275.7061462,266.6547852,170.9423065,267.1080933,232.7366943,266.4865112,213.5336304,266.2032166,275.3840332,265.625946
365665.6081,1048,164.1744537,270.7200317,226.2632294,269.9247742,206.7493591,267.8603516,268.3234253,267.1412048,163.4561768,268.0314331,225.3206024,267.3355408,206.0156708,266.8579407,267.9414063,266.2164612
365665.6242,1049,157.3614349,271.8071899,219.6193542,271.2480469,199.5386658,268.6339417,261.6178894,268.2760315,156.2076416,269.2051697,218.2079926,268.4963074,198.6855774,267.7268066,260.7269287,267.1139832
365665.641,1050,151.0437164,272.6389771,213.4846649,271.9450073,192.7603455,269.0031433,255.555542,268.6937866,149.2740173,270.383606,211.5410919,269.6461792,191.6684418,268.5919189,253.9857941,267.9811707
365665.658,1051,144.7647247,273.2001648,207.8166199,273.0134277,186.5852051,269.2345276,249.9490051,269.70755,142.660675,271.4339905,205.3499908,270.8572998,184.9890442,269.3336182,247.7037048,268.9000244
365665.675,1052,138.8386536,274.3615112,202.4942932,273.6218872,180.8628845,270.6700745,243.9598846,269.8473206,136.4025116,272.5133972,199.5574036,271.9250793,178.6996765,270.1545715,241.7945557,269.6855164
365665.691,1053,133.8065796,275.4208984,197.1086426,274.4927368,175.9867249,271.5491333,238.815918,270.8188171,130.7479248,273.6145935,194.1587524,272.9648743,173.0140076,270.9904175,236.3054047,270.4685059
365665.7083,1054,128.9958191,275.8648071,192.8739929,275.4331665,171.0254211,272.1643677,234.2791443,271.0518799,125.586235,274.5387268,189.2743683,273.9050598,167.8148651,271.6893616,231.3280945,271.1425781
365665.7244,1055,125.0723495,276.6346436,188.6919861,276.2319946,166.8679504,272.7655334,229.9662781,271.6731567,121.0647888,275.4891052,184.8342896,274.8638916,163.2598724,272.4260864,226.7913208,271.8358459
365665.7409,1056,121.2524567,277.4014893,185.126709,276.8336182,163.0706482,273.4035645,226.5302429,272.3109436,117.09758,276.3870544,181.0070343,275.7216187,159.2271118,273.1043701,222.8739624,272.4448547
365665.7577,1057,118.4010849,278.1673584,182.1274261,277.3500671,160.166748,273.7370911,223.7042847,272.8295288,113.7697067,277.2220764,177.7571259,276.4745483,155.8299103,273.721405,219.5578156,272.9784851
365665.7742,1058,115.941124,278.3300781,179.7890472,277.8817749,157.5400696,274.1979065,221.5285339,273.1494751,111.0501709,277.8988342,175.2270355,277.1459961,153.0463409,274.2422791,216.9837341,273.4241028
365665.7915,1059,114.4265366,278.3743896,178.422226,278.0783691,156.3282471,274.1182251,219.7945251,273.5122681,109.146225,278.3596191,173.3517151,277.6838379,151.0964966,274.5609741,215.0355835,273.7635803
365665.8081,1060,112.6860504,278.5734253,177.1583862,277.79953,154.7575989,274.2992249,218.4965515,273.2265015,107.7475204,278.7151794,172.0110321,277.9642944,149.6558533,274.7986755,213.6347351,273.894928
365665.8247,1061,112.4244995,278.0861816,176.2582245,277.8251953,154.5453186,273.6060486,217.6503296,273.3312073,107.0816879,278.8005676,171.1981506,278.1803589,148.985321,274.7751465,212.7713165,273.9841614
365665.842,1062,112.4732666,278.093811,175.8860321,277.829895,154.1963806,273.723053,217.405304,273.2865906,107.0070801,278.7731323,170.9549561,278.2650452,148.9112549,274.6864624,212.4821625,273.9611816
365665.8576,1063,113.1378021,278.2642822,176.7377167,277.3746948,154.6294556,273.7173157,217.9759979,272.9454651,107.553772,278.6472778,171.4528961,278.2016296,149.430542,274.5121765,212.9055939,273.8041382
365665.8749,1064,114.447876,277.6337585,177.8036804,277.0631714,155.9374237,273.1914978,219.1344452,272.5110474,108.7470856,278.3876953,172.5170898,277.9521484,150.5792999,274.1900024,213.9585571,273.4898682
365665.8918,1065,115.975174,277.3108521,179.6030273,276.8551636,157.6038055,272.6294861,220.7984619,272.1235046,110.5346603,278.0439148,174.1823578,277.6542664,152.3209229,273.7787781,215.5811615,273.1038513
365665.9088,1066,118.3605499,276.578186,181.7503357,276.3729858,160.0316467,272.4802551,222.7811279,271.7654114,112.9059296,277.5888367,176.4029999,277.2277832,154.6623077,273.2905579,217.7705994,272.6585083
365665.9247,1067,121.3334579,275.9499207,184.7620087,275.5130615,163.1036682,271.4369812,225.7885132,271.0599976,115.8970871,277.024231,179.2329254,276.6704407,157.6513519,272.6723022,220.5798798,272.1099854
365665.9414,1068,124.7009888,275.2348022,187.9444275,274.9628296,166.4110565,271.418335,229.1289978,270.519989,119.3853378,276.5210876,182.5958252,276.1421204,161.1305847,272.1842957,223.92453,271.5883179
365665.9576,1069,128.8166199,274.1533203,191.8833923,273.8708496,170.6966248,270.5975952,233.0387268,269.7792053,123.4927979,275.9764404,186.5347595,275.5901489,165.2475739,271.7125244,227.8283386,271.072113
365665.9746,1070,133.2863922,273.6177368,196.5622406,273.1577148,175.2929077,269.971344,237.7714539,269.0886841,128.0980225,275.5330505,191.1225128,275.0990295,169.8867645,271.3096008,232.3719177,270.6362
365665.991,1071,138.4368134,272.4090576,201.5124359,271.9266357,180.7357483,268.9761963,242.6741028,268.4396667,133.3633423,274.8141785,196.2562866,274.3830872,175.1851807,270.6593323,237.4881287,270.0102234
365666.0076,1072,143.6843109,271.6061401,207.1373749,270.9330444,186.1808777,268.5063782,248.3553467,267.6889343,138.996933,273.7960815,201.9557037,273.2923279,180.8542023,269.7391052,243.177536,269.0302124
365666.0242,1073,150.198349,270.7345581,212.8278046,269.8937988,192.0544739,267.5282898,253.7782288,266.9324646,145.2457428,272.6097412,208.0107727,272.0705566,187.0809479,268.658905,249.1958008,267.9361572
365666.0419,1074,156.4144287,269.3340454,219.0867615,268.81427,198.6421356,266.4753723,260.1314087,266.3877869,151.8774719,271.2883606,214.4772186,270.8128357,193.7547302,267.463562,255.6226807,266.8548584
365666.0576,1075,163.3024292,268.3309326,225.0447693,268.0960693,205.2719421,266.0290222,266.6647644,265.5924377,158.8950348,270.0510559,221.2157593,269.6206055,200.8121033,266.4133301,262.3930359,265.8230591
365666.0743,1076,170.7925873,267.5687256,232.1720428,267.2664185,212.7718964,265.0919495,273.5983582,265.2340393,166.4017639,268.8417664,228.359375,268.4984131,208.3596497,265.3678589,269.5446167,264.9108582
365666.091,1077,178.5049896,267.0202637,240.0669403,266.1044922,220.3231201,265.0279236,281.2635498,264.5948486,174.2610321,267.8614502,235.9967041,267.4473877,216.2347107,264.6116028,277.1820374,264.1283264
365666.1083,1078,185.6267395,266.3417969,246.9719696,265.7382507,227.785614,264.7217102,288.5968933,264.5978394,182.2505646,267.0711365,243.7271881,266.6599731,224.2648926,264.027771,284.9620361,263.6298523
365666.1247,1079,193.7055664,266.0749512,254.7237549,265.4066772,235.901825,264.8522034,296.5930481,264.4707642,190.5376129,266.4205627,251.7507629,266.0042725,232.5874481,263.6514282,293.0558472,263.2672424
365666.1417,1080,201.9788513,265.8424683,262.3286133,265.1863403,244.1380615,264.9790344,304.5196228,264.5204163,199.0222931,266.0010071,259.8939514,265.5249939,241.1095581,263.4779358,301.2828979,263.1027222
365666.1587,1081,210.1553192,265.4797974,270.5346069,264.5933228,252.3585815,265.0177307,312.9671021,264.3296814,207.6489563,265.6703186,268.2549133,265.0796509,249.7631531,263.4050293,309.7503052,262.9763489
365666.1748,1082,218.0589294,265.5767822,278.8406982,264.5167847,260.7737427,265.3052368,321.1380005,264.4660034,216.286438,265.5437927,276.7877808,264.7892151,258.4596558,263.5597534,318.3738403,263.0207825
365666.1913,1083,226.6676483,265.6414185,286.9142456,264.2806396,269.1539917,265.6647034,329.5342407,264.5794067,225.0590668,265.5356445,285.3690491,264.5880127,267.2479248,263.8396301,327.0766296,263.1350708
365666.2085,1084,234.3623505,265.37854,294.5189819,264.4938354,277.355896,265.4790039,337.6329041,264.7164001,233.6564941,265.5611267,293.87677,264.5233765,275.8867493,264.1317749,335.7423401,263.359314
365666.2243,1085,242.9815369,265.2821655,303.0534668,264.4573975,285.4662476,266.0348206,345.920166,264.9231567,242.2500916,265.6470947,302.3925781,264.5195313,284.5327454,264.5476685,344.4178467,263.6410522
365666.2415,1086,250.9788513,265.5151978,311.2871094,264.6043091,293.4928894,266.3961792,353.9788513,265.35672,250.7067566,265.7707214,310.8656311,264.6193237,293.0132446,264.9829407,353.0281677,264.0057678
365666.2582,1087,258.6332397,265.7012939,319.3829346,264.8552856,301.6290894,266.703949,362.0090332,265.971344,258.9445801,265.9453735,319.2060547,264.8091736,301.3366089,265.4329529,361.4524231,264.4972534
365666.2748,1088,266.3187866,265.8475342,326.8158569,265.335144,309.0753784,267.1426086,369.9533386,266.5747375,266.9866333,266.0758972,327.3082581,265.1042175,309.4434204,265.8777771,369.6972351,265.0649719
365666.291,1089,274.4147339,266.2047729,334.6290283,265.1504517,316.9697571,267.8316956,377.6686401,266.8794861,274.9708252,266.2519226,335.3180237,265.259552,317.4890442,266.3554382,377.8605652,265.4901733
365666.3082,1090,281.3733521,266.637085,342.0653687,265.9805298,323.8874207,268.5083923,385.0731201,267.658783,282.5291443,266.4327087,343.0491333,265.5284729,325.0769653,266.827179,385.7069092,265.993988
365666.3249,1091,288.6808472,267.0489502,349.1442261,266.5513916,331.0329895,268.97229,391.9861755,268.3791809,289.8868713,266.5813293,350.4885254,265.7744751,332.4476624,267.2379761,393.227356,266.4703064
365666.3415,1092,295.3208618,267.0563354,356.0210876,267.2872925,337.658783,269.5386353,398.7995605,269.0115356,296.9194031,266.6563416,357.6064453,266.0118713,339.4950867,267.5917969,400.3942261,266.9068909
365666.3576,1093,301.7233887,267.7288818,362.6138916,267.3540649,343.7349548,270.2009888,405.1867676,269.7690125,303.5800781,266.8494568,364.429657,266.2640991,346.139801,268.0294189,407.2291565,267.3823242
365666.3748,1094,307.5791931,267.8820801,368.725769,268.0914307,349.5505371,270.8132629,410.8670349,270.4741516,309.8262634,267.2498169,370.8326416,266.8360291,352.3240356,268.6966858,413.6191406,268.1570435
365666.3913,1095,312.8346558,268.5866699,374.3548584,268.2959595,354.4681091,271.4880981,416.0322266,271.4786987,315.5638123,267.7495117,376.7782593,267.4395752,357.990509,269.4362183,419.4862061,269.0009155
365666.4084,1096,317.5552979,269.2895203,378.6231079,268.9605713,358.9525146,272.5155945,420.257019,272.1175232,320.7165222,268.3190918,381.9620667,268.0724182,363.0101929,270.2662354,424.5466614,269.8782959
365666.4247,1097,321.8459473,269.6865845,382.8189392,269.163147,362.7420349,273.1192627,424.5672607,272.7722168,325.2853088,268.8791504,386.5804138,268.6264038,367.4465942,271.0496826,429.0718079,270.6942139
365666.4413,1098,324.8417358,270.0891724,386.1431885,269.8193359,365.8723145,273.7458191,427.5046387,273.667511,329.0855408,269.429718,390.4421082,269.2134705,371.1231995,271.831543,432.8226624,271.5392761
365666.4583,1099,327.6645508,270.333252,388.6655273,270.2363281,368.3778076,274.2401123,430.5546875,274.3524475,332.2081909,269.8990173,393.5909424,269.7565308,374.0556335,272.5428467,435.9100952,272.3323364
365666.4748,1100,329.600708,270.6130981,390.7575684,270.3988647,370.328949,274.6983032,432.3773804,274.464386,334.5432129,270.2857971,395.9804077,270.164032,376.2216187,273.1621399,438.1730652,272.9753418
365666.4913,1101,331.0574646,270.24646,392.5421143,270.1326294,371.8432617,274.648468,433.6699219,274.6404114,336.2430725,270.5179749,397.7038879,270.4118652,377.7740479,273.6255798,439.7372437,273.4547119
365666.5082,1102,331.4919434,270.5205688,393.3531189,270.0700073,372.5876465,274.6908569,434.6599121,274.643219,337.1139526,270.7139282,398.7301636,270.5538025,378.5267334,274.013092,440.6217651,273.8379211
365666.5251,1103,332.1564331,270.2487183,393.5960083,270.2051392,372.8025818,274.4431458,434.8808594,274.4780273,337.430542,270.7656555,399.0449524,270.6250916,378.7011414,274.2541199,440.8067932,274.1129456
365666.5421,1104,331.7945251,270.2773132,393.2685547,269.9297485,372.512207,274.6418457,434.6776733,274.3368225,337.1135254,270.7746277,398.7348022,270.5740662,378.249115,274.4199219,440.3825378,274.2854919
365666.5578,1105,331.0227966,269.9888306,392.409729,269.3987427,371.8905029,274.3761597,433.4486694,273.9016418,336.2394409,270.67099,397.7990723,270.3776245,377.2797241,274.4758606,439.3189697,274.2630615
365666.5745,1106,329.3201904,269.3739014,390.730896,268.7480469,370.0371094,273.6343384,432.0991211,273.4422302,334.7134094,270.3956604,396.2513428,270.030426,375.6491394,274.3112793,437.7068176,274.10849
365666.5909,1107,327.5280762,269.3895264,388.7961426,268.59375,368.3819275,273.8256836,430.0115662,273.2250671,332.6950073,270.132782,394.1656494,269.6797791,373.5657654,274.1763611,435.5826416,273.87854
365666.6079,1108,324.8252869,268.8150024,386.2699585,268.5951538,365.7631836,272.8786621,427.3615417,272.7593384,330.0956116,269.7603455,391.4813538,269.3206177,370.9281006,273.8736877,432.8531494,273.6033325
365666.6243,1109,321.7463379,268.2329102,382.8915405,267.8225708,362.532074,272.1124573,424.295166,271.921051,326.953949,269.3001099,388.2637939,268.8413086,367.7772522,273.4507141,429.6068726,273.1647949
365666.6409,1110,317.9064331,268.2319031,379.1152344,267.3052979,358.8764648,271.9187317,420.6671753,271.5247192,323.2215271,268.956543,384.4579163,268.4145203,364.0397644,273.1096497,425.816864,272.7689514
365666.6578,1111,313.6983337,267.592041,375.0628357,267.0609131,354.6672363,270.7755737,416.4302979,270.7374573,318.9468689,268.5741272,380.1905823,268.0513,359.786438,272.6669617,421.5060425,272.3690796
365666.6744,1112,308.9221191,267.2959595,370.1662598,266.1341553,350.1923218,270.0089722,411.6708984,269.6687317,314.1524963,268.2729187,375.3421326,267.6531372,355.0372009,272.2514038,416.6480103,271.9266968
365666.6918,1113,303.8648682,266.6085205,364.5872803,265.6855469,344.9638672,268.8726196,406.2919312,268.6981506,308.8836975,267.6819458,369.8998413,267.0051575,349.7945251,271.4822388,411.2537842,271.1541138
365666.7081,1114,298.2570801,266.078186,359.1918945,265.0822754,339.6806335,268.0976868,400.8674316,268.0099182,303.146637,266.9754639,364.085144,266.2488403,344.0847778,270.5965576,405.4698181,270.2606506
365666.7247,1115,292.3619995,265.3057251,353.012207,264.6299438,333.8241577,267.2861328,394.8510132,267.065094,297.0018616,266.1889954,357.8100586,265.4649963,338.0079956,269.6255798,399.2409058,269.3236694
365666.7414,1116,285.8883667,264.3678894,346.7199707,263.6071167,327.7770691,266.2600403,388.6123962,266.0181274,290.4568176,265.3286133,351.1964722,264.5872192,331.5605469,268.5591736,392.667572,268.2795715
365666.7581,1117,279.1881714,263.4573975,340.4522705,263.2815552,321.5751343,265.5544128,382.2945557,264.8797913,283.6219788,264.4241028,344.3210144,263.7168274,324.8522949,267.4638062,385.8590698,267.1670837
365666.7749,1118,272.5145264,262.8737183,333.7331543,262.1497192,315.1622925,264.5899048,375.4403687,263.752594,276.5086975,263.4172058,337.1943054,262.6627502,317.8999329,266.244873,378.7606201,265.8554077
365666.7919,1119,265.4482422,262.6105957,326.5516357,261.8786621,308.1469116,263.6377563,368.3198242,263.1369019,269.1832581,262.6657104,329.8005066,261.8571777,310.7282104,265.2092896,371.4128723,264.7687683
365666.8079,1120,258.6744995,261.8890991,319.5392456,261.239563,301.2660522,262.8522644,361.3414307,262.5140686,261.7613831,261.921814,322.2894592,261.1460571,303.4441528,264.2070313,363.9610291,263.816803
365666.8244,1121,251.6968384,261.6514282,311.9830933,261.0254517,294.0427856,262.364502,354.1413574,261.8857727,254.2362823,261.3252563,314.6168213,260.5751343,296.0490723,263.3465881,356.3512878,262.9760742
365666.8417,1122,243.7857666,261.2518311,304.4779663,260.7646484,286.3617554,261.5117493,346.8391113,261.4505005,246.4500122,260.84021,306.8544617,260.1526489,288.396637,262.5759888,348.6563721,262.2591248
365666.8583,1123,235.7062683,261.2662354,296.7545166,260.4962158,278.6595459,261.2684631,339.5663452,260.8739624,238.4396515,260.4828491,299.0190125,259.8129272,280.5516357,261.9535217,340.9412842,261.6445007
365666.8746,1124,228.0262146,260.9518433,289.19104,260.8908081,270.9680786,260.8598328,331.524292,260.6611938,230.3666229,260.2036438,291.0877991,259.6551514,272.6179199,261.4405518,333.0791016,261.1730652
365666.8912,1125,220.845871,260.8991089,281.5114746,260.8154907,263.4006042,260.5947571,323.8950806,260.2953186,222.3503265,260.007843,283.091095,259.5703735,264.7229309,261.0307007,325.1389771,260.7938538
365666.9085,1126,212.8789978,260.9141846,273.5588379,261.1000366,255.7738037,260.4318542,315.8467712,260.2127075,214.2917633,259.9330444,275.0185547,259.6560669,256.7869568,260.7474365,317.1174927,260.5616455
365666.9243,1127,205.0043793,261.6415405,265.4508057,261.6871338,247.7957764,260.7053528,308.0764465,260.367981,206.1780701,260.1127319,266.8631897,259.9376221,248.7840424,260.684082,309.0276794,260.5303345
365666.9414,1128,197.0119934,262.2034912,257.8681641,261.913269,240.0106506,260.897522,300.2444763,260.4367981,198.038269,260.443634,258.756134,260.2879639,240.7367401,260.7484741,300.960968,260.5567017
365666.9579,1129,188.8352966,262.538147,250.5598602,262.3286133,231.9742432,260.7774963,292.8559265,260.4442139,189.8448029,260.8493652,250.8427734,260.7014465,232.6059418,260.8327332,293.0854187,260.6799622
365666.9749,1130,181.3371582,263.144104,242.9135437,262.6800537,224.2617798,260.9656067,285.1135254,260.7176514,181.7986603,261.354187,242.9765015,261.144104,224.5828705,261.01297,285.2601929,260.825531
365666.9913,1131,173.8068085,263.9244385,235.5463562,263.6005859,216.7936401,261.4684448,277.6927185,261.1899414,173.8687439,261.9823914,235.2264709,261.7503662,216.6769714,261.3509216,277.541687,261.1260376
365667.0089,1132,166.7447205,264.3520203,227.8636475,264.2138672,209.6021729,262.1068726,270.1393738,261.6001892,166.2195282,262.613678,227.5531616,262.3817444,209.0499115,261.7148438,269.9078369,261.4334106
365667.0246,1133,159.4868469,265.4893188,221.3238525,264.9262695,202.1484375,262.7567749,263.4274597,262.006958,158.7464447,263.3313904,220.2352753,263.0020752,201.6031189,262.1454163,262.5853882,261.7387695
365667.0412,1134,152.4603119,266.2042847,215.0247803,265.5026245,195.0972595,263.4316101,257.0401001,262.6268921,151.4495544,263.987915,213.3130798,263.5915222,194.3113098,262.5492249,255.6343842,262.0314331
365667.0587,1135,146.3134613,266.7267456,208.7495575,266.1020203,189.1051025,263.5572205,250.7424927,262.9758911,144.5684052,264.5098267,206.7543793,264.0801392,187.4167023,262.8068237,249.0074463,262.2280579
365667.0748,1136,139.936615,267.7311707,202.7929535,267.0657959,182.7801209,264.1823425,244.8864441,263.8909302,137.9722443,265.2157898,200.5300293,264.7555847,180.8123474,263.2247314,242.7631073,262.6580811
365667.0914,1137,134.1109619,268.5668945,196.9818573,267.9008789,177.2845459,264.8154602,239.4382324,264.5473938,131.8380127,266.1997375,194.6845245,265.6885681,174.7296753,263.9214478,236.9236755,263.3548889
365667.1083,1138,129.0294647,269.223938,192.0156708,268.6028442,172.0394287,264.9521179,233.9103394,264.7664795,126.2268448,267.0887756,189.2275543,266.5585022,169.1281128,264.4946594,231.4339294,263.979126
365667.1247,1139,124.1017685,269.9335938,187.1357269,269.3629761,167.3978729,265.6957092,229.2152557,265.0335388,121.0903091,268.0080261,184.1858978,267.4406433,164.0336304,265.1387939,226.3467712,264.6104126
365667.1416,1140,119.526207,270.4141235,182.717041,270.0575562,163.0680389,266.2441101,225.2668152,265.4529724,116.4263306,268.8505554,179.6187134,268.2749329,159.414917,265.7426453,221.7940369,265.184021
365667.1584,1141,115.8499146,271.1559448,179.1696777,271.0147095,159.4242859,266.9161682,221.5861206,266.1577759,112.3062897,269.6357117,175.6504059,269.1056824,155.3311615,266.3211975,217.8357544,265.7670288
365667.1748,1142,112.6006622,271.986084,175.8448944,271.6784058,156.0642548,267.4187622,218.4051971,266.6368103,108.7386932,270.3676758,172.1740112,269.8684082,151.8084717,266.8540955,214.389389,266.2731934
365667.1914,1143,110.0488892,272.1562195,173.1623535,272.1942749,153.210022,267.4119568,215.7658386,267.1296387,105.772728,270.9664307,169.2492371,270.5912781,148.8570404,267.2621765,211.5027161,266.7748718
365667.208,1144,107.5789413,272.7526245,170.9859314,272.4041138,151.0579529,267.93927,213.3237915,267.2718506,103.3677597,271.5651245,166.7809143,271.2016602,146.5038757,267.6468506,209.039566,267.175354
365667.2248,1145,105.9903183,272.8530273,169.484726,272.4335327,149.5830994,268.1808167,211.7236023,267.4136353,101.5359039,272.0676575,164.9344025,271.6802063,144.7496033,267.9877319,207.2043304,267.4788818
365667.2418,1146,104.8629913,272.6013184,168.4023743,272.7346191,148.2546692,268.1742859,210.6307373,267.500885,100.2158432,272.42099,163.697937,272.0960388,143.4924469,268.203186,205.985611,267.6982117
365667.2582,1147,104.2558441,273.1541748,167.9795074,272.7053223,147.6244202,268.3933411,210.3290253,267.6076965,99.52532196,272.741272,163.0899963,272.3862915,142.8500061,268.3908691,205.4073792,267.8241882
365667.2749,1148,103.7344666,273.2717896,167.8607483,273.0380249,147.1911621,268.5062561,210.3083954,267.7815857,99.24056244,272.995575,163.0384521,272.6738892,142.616333,268.5437927,205.3853607,267.9382935
365667.2911,1149,104.3460083,273.0468445,168.2859192,272.6546021,148.0603027,268.045929,210.745285,267.4738464,99.61428833,273.1072693,163.5270996,272.8072815,143.0351257,268.5513916,205.8742523,267.9194336
365667.3076,1150,105.7014465,272.5499878,169.7308502,272.2504272,149.4068298,267.888092,211.8999939,267.157196,100.6537933,273.0412292,164.6168365,272.773468,144.1325836,268.4528198,206.9868622,267.7808838
365667.3247,1151,107.4452972,272.4143677,170.8868256,272.3848877,151.1940918,267.7094116,213.3774719,266.8648376,102.3104477,272.9240417,166.1430511,272.6844482,145.8269653,268.2966919,208.5473328,267.5926514
365667.3413,1152,109.6915894,271.8577881,173.3638916,271.7136841,153.1715088,267.0348206,215.6397095,266.4645081,104.5010757,272.6567078,168.3163452,272.432251,148.0124207,267.9749451,210.6977997,267.2867126
365667.3584,1153,112.8104095,271.3232117,176.5124512,270.8348389,156.3208923,266.5296021,218.3847351,265.9901733,107.3853912,272.3156433,171.1324921,272.0531616,150.8914185,267.587738,213.4685974,266.9086609
365667.3748,1154,116.4896393,270.9331665,180.1921844,270.1083374,159.7971497,266.2040405,222.0957031,265.5097046,110.8958817,271.9682617,174.6135101,271.6097412,154.3889008,267.2268677,216.8948975,266.5021362
365667.3914,1155,120.4980316,270.0178833,183.8149872,269.2837524,164.020752,265.6921692,225.7310028,264.9754944,115.0014191,271.5325623,178.5678558,271.134613,158.5245667,266.8260498,220.7919464,266.0900574
365667.4086,1156,125.0526962,269.1785889,188.7093201,268.7246094,168.7356873,264.9284058,230.3492126,264.4446716,119.6861801,271.0832214,183.1437531,270.689209,163.2263336,266.423645,225.3096771,265.7156982
365667.4244,1157,130.4506836,268.2682495,193.6571503,267.6469727,173.5823975,264.5313721,235.4129639,263.8994446,124.9778137,270.5839844,188.2600555,270.1578064,168.4795532,266.0023499,230.3857269,265.2903137
365667.4417,1158,136.1375427,267.2769165,199.3705292,266.8208008,179.1236877,263.6715698,241.2066345,263.4346619,130.7859955,269.6564331,193.967453,269.2247314,174.2539368,265.14328,236.0604401,264.5112
365667.4582,1159,142.1294556,266.3911133,205.1314392,265.9172363,185.0243225,263.219635,246.9965515,262.8070679,137.0522308,268.6589661,200.1377716,268.2217102,180.4806976,264.2782593,242.1903839,263.6737976
365667.4742,1160,148.9542999,265.2362671,211.5344696,264.6829224,191.2436218,262.2920532,253.2901917,262.1629944,143.7434082,267.5679016,206.7574615,267.1335144,187.074585,263.3389587,248.7524109,262.8136292
365667.4911,1161,155.3976288,264.7277832,217.8162079,264.1096802,198.0608215,262.0889282,259.3139038,261.5664368,150.7914429,266.5568237,213.6080475,266.0980225,194.0350342,262.5247192,255.5228577,261.9979553
365667.5086,1162,162.6007385,264.107605,225.0205536,263.1956787,205.2072449,261.3561096,266.5945129,260.8551025,158.2389679,265.5780029,220.9090729,265.0359192,201.3909912,261.7051392,262.774292,261.1652222
365667.5246,1163,170.1023102,263.5873413,231.891571,262.5969849,212.6100769,261.2359619,273.6751404,260.6504517,166.0167999,264.8396301,228.3761139,264.1915588,209.0653992,261.1628723,270.1824036,260.6186523
365667.5412,1164,177.668396,262.5953979,239.4279785,261.5325317,220.0026093,260.4145813,281.1766968,260.1304626,173.9620667,264.0081482,236.1149902,263.3015747,216.9151917,260.5515442,277.8773499,260.0492859
365667.5581,1165,185.0075378,261.8897095,247.1446991,261.0391846,227.5776367,260.1170654,288.8892822,260.0460205,182.0275421,263.2408752,244.072403,262.5364685,224.902298,260.0360718,285.8241272,259.6051331
365667.5753,1166,192.9004822,261.7024536,254.3901367,260.803833,235.53125,260.1971436,296.6862183,259.9149475,190.2559509,262.6478271,252.127655,261.8994446,233.0743103,259.7116394,293.9121094,259.2772522
365667.591,1167,201.2058716,261.343811,262.1108398,260.2908325,243.4124146,260.0881042,304.4838257,259.6706238,198.6576233,262.1514282,260.2117004,261.3166199,241.3663025,259.4710693,302.0342102,259.00177
365667.6078,1168,209.2092896,261.1932983,270.0807495,259.8410645,251.7007141,260.4896545,312.5174561,259.5376282,207.149704,261.7901001,268.4136047,260.8023682,249.7590942,259.4052734,310.3025208,258.8188782
365667.6246,1169,217.4242401,260.8934326,278.5013123,260.0264282,259.88797,260.5875549,320.783783,259.5777588,215.6781006,261.5214539,276.7763367,260.4598084,258.2318115,259.4225464,318.709137,258.7512207
365667.6409,1170,225.5809021,260.9343872,286.4629822,260.0274658,268.3233032,260.9723206,328.9839783,260.2908325,224.2384644,261.3629456,285.2008972,260.2971497,266.7718811,259.5676575,327.1907959,258.8927002
365667.6579,1171,233.9649353,260.9064331,294.5609741,260.1279907,276.8355713,261.1265259,337.4644165,260.2583313,232.8363953,261.2913513,293.6546326,260.2234192,275.3677673,259.7786865,335.7310486,259.0889893
365667.6746,1172,242.8701019,260.9407349,303.0856323,260.1026611,285.1323853,261.1379089,345.6766052,260.6679077,241.5259857,261.2342224,302.1829529,260.2244263,284.0551147,259.9833374,344.3289795,259.3471069
365667.692,1173,250.7941284,261.4833374,311.3464355,260.9589233,293.3384094,261.9315491,353.9834595,261.357605,250.0909729,261.3858948,310.6294556,260.4479675,292.610199,260.3922729,352.8704224,259.8157959
365667.7081,1174,259.1895752,261.7420044,319.7645874,261.0587769,301.5599976,262.3572388,362.072998,261.8022766,258.6397705,261.586853,319.114502,260.6936646,301.1393127,260.8737793,361.4166565,260.3184814
365667.725,1175,267.3277588,262.0800781,327.2716064,261.8372192,309.7336731,262.8396606,369.746521,262.3793945,267.1195679,261.8579712,327.3440247,261.0744934,309.6106262,261.4041443,369.7037964,260.9067383
365667.7419,1176,275.4801636,262.1463013,335.6746521,262.4453125,317.9448242,263.3223572,378.080658,262.8677979,275.5112915,262.0472412,335.6140442,261.4645386,318.0132141,261.8731689,378.028595,261.4488525
365667.7581,1177,283.6133423,262.9647827,344.3987732,262.5358276,325.8328857,264.1574097,385.9418945,263.1358948,283.7635498,262.3033752,343.9364319,261.7589111,326.2362671,262.3764038,386.334198,261.8759766
365667.7743,1178,291.2462769,263.5289917,352.1503296,263.0415649,333.1310425,264.7452087,393.7610779,264.0639954,291.7684021,262.5516357,352.0915527,262.0405884,334.1789551,262.8514709,394.4321899,262.316925
365667.792,1179,298.8547363,263.960083,359.6965942,263.3690186,340.6918335,265.3878479,401.2208862,265.085968,299.5747375,262.762085,360.0122681,262.2780151,341.9544983,263.2855225,402.282196,262.749115
365667.8077,1180,306.3048096,264.8179932,366.8845215,264.0108643,347.4880371,265.9332886,408.3216248,265.6669617,307.1296387,263.3559875,367.6425781,262.8842163,349.4003906,264.0310059,409.8291931,263.5186157
365667.8247,1181,313.1506348,265.5846558,373.9885254,264.3414307,354.3485718,267.0096436,415.6132202,266.5239563,314.361145,264.0648193,375.0676575,263.493988,356.5263977,264.8840942,417.1994629,264.3476563
365667.841,1182,319.734436,265.8702393,380.6551209,264.5823975,360.5986328,267.5074158,421.4742432,267.2631531,321.2355652,264.755249,382.0701599,264.1019287,363.2443237,265.7077942,424.0601501,265.1570435
365667.8585,1183,325.9084473,266.5924683,386.628418,265.7445679,366.3459473,268.5985107,427.3217163,268.4913635,327.7135925,265.5325012,388.6281433,264.8478699,369.5195923,266.6338806,430.43396,266.1210022
365667.8744,1184,331.5089722,266.9071045,392.0133667,266.6188354,371.7142334,269.3205566,432.756073,269.5600891,333.7371521,266.212677,394.6623535,265.6300354,375.3717041,267.4987183,436.3141479,267.1011658
365667.8914,1185,336.3033447,267.7511597,397.293457,267.5349121,376.5448608,270.5974426,437.6131287,270.5271301,339.1645508,267.0864258,400.206604,266.5767822,380.6072388,268.5723267,441.6652832,268.2640381
365667.9082,1186,340.8233643,268.3590698,401.4156189,267.8171387,380.8440552,271.1977844,441.8798218,271.0922546,344.0344238,267.8753967,405.082489,267.3746643,385.2812805,269.5465698,446.3874817,269.2728882
365667.9247,1187,344.4033203,268.6603394,405.1428833,268.4940796,384.5241699,271.9251099,445.6887207,271.9602966,348.2367249,268.5804749,409.2330933,268.1684875,389.2931519,270.4604187,450.3773193,270.3103943
365667.9417,1188,347.7692871,269.2545166,408.5595703,268.8477783,387.4764404,272.5838318,448.7180176,272.5430298,351.833374,269.1857605,412.7841492,268.8166199,392.6600342,271.2451782,453.7410889,271.2312622
365667.9579,1189,350.2816162,269.3980713,411.4882202,269.1726685,389.7346191,272.880127,451.255249,272.8701477,354.7415161,269.6551819,415.7435303,269.2975464,395.337616,271.905365,456.5524597,271.9703064
365667.9747,1190,351.9682007,269.7872925,413.5423584,269.4227295,391.4721375,273.5239563,453.0083008,273.7057495,356.8717346,270.0798645,418.0309143,269.7407532,397.2694397,272.5401001,458.6611023,272.6852417
365667.9917,1191,353.6517029,269.8972778,414.8967896,269.5396729,393.1220703,274.035553,454.4982605,273.6851807,358.4672546,270.4073486,419.6589355,270.0643616,398.6677246,273.0934448,460.1289063,273.2111816
365668.0079,1192,354.5609741,269.8140259,415.331665,269.3588867,393.7587891,273.9845581,454.8820801,273.7685242,359.3999329,270.5621948,420.5108032,270.2076721,399.4349365,273.5028992,460.8235474,273.5839844
365668.0246,1193,355.0215759,269.2459106,415.6987915,269.5013428,393.8739624,273.5798035,455.3654785,273.9769897,359.756897,270.5083313,420.8635559,270.2775574,399.5964661,273.6914063,461.0131226,273.8449707
365668.0419,1194,354.375061,269.4846191,415.7036743,268.960083,393.4916687,274.0289001,455.1014404,273.9159851,359.4414673,270.4299622,420.6331482,270.1371765,399.135376,273.8553467,460.6642761,273.8941956
365668.0581,1195,353.5341797,269.0539551,414.9785767,268.9395142,392.4375916,273.6566467,454.1418457,273.5892639,358.5324402,270.2135315,419.8232727,269.9376831,398.0985107,273.8552551,459.7268982,273.8532715
365668.0745,1196,351.8947754,268.6829224,413.2793884,268.5183716,391.1222534,273.2505798,452.545166,273.118927,357.0456238,269.8631897,418.3658752,269.6216431,396.5302124,273.6844482,458.1464233,273.6755066
365668.0914,1197,349.7020264,268.3613892,410.7610779,268.1856689,388.9712524,272.8335266,450.4066772,272.7089539,354.9550171,269.4767151,416.2436829,269.2424622,394.3585815,273.4334717,455.9680481,273.4239197
365668.1085,1198,347.288269,268.0110474,408.4360352,267.7554932,386.7164001,272.3974915,448.0788269,272.3388367,352.3985291,269.0233459,413.6357117,268.7802429,391.7527161,273.1090698,453.291626,273.0707397
365668.1242,1199,344.3605957,267.7522583,404.9371948,267.307312,383.8146362,271.8592834,444.8666382,271.3977356,349.3534546,268.5672913,410.4035034,268.2665405,388.6520996,272.7232056,450.0080566,272.6090088
365668.1413,1200,340.5759888,267.0023193,401.8104858,267.003479,380.0760193,271.1140442,441.2669373,271.0118713,345.7209778,268.0610046,406.7401123,267.806488,385.0023499,272.2821045,446.2861633,272.1750793
365668.1584,1201,336.3773804,266.9902344,397.1741333,266.3817749,375.9031677,270.4805603,437.1618652,270.3323669,341.520813,267.6665955,402.4780273,267.3600769,380.8082581,271.8883972,442.0424805,271.7497559
365668.1745,1202,331.5032654,266.2598267,392.763916,266.3391724,371.6351013,269.8087463,432.9096069,269.7292175,336.7683105,267.3208618,397.7832031,267.0903931,376.1080627,271.5270081,437.4042969,271.4056396
365668.1911,1203,326.8048096,265.9075928,387.5058594,265.8511353,366.6470642,269.1601868,427.859314,269.2655945,331.6511841,267.069519,392.5887146,266.8631897,371.0219421,271.2018738,432.2724609,271.1175537
365668.2077,1204,321.2910156,265.7905273,382.0116577,265.4004517,361.419281,268.7697144,422.5839844,268.7536316,326.0813599,266.5801392,386.9024048,266.3503113,365.5296631,270.6132202,426.6713257,270.5166321
365668.2243,1205,315.3552246,265.8707886,376.2016602,264.9560547,355.7344666,268.1369629,416.6960144,267.9292908,320.0830688,266.1524658,380.8322449,265.8357544,359.6585999,270.0132446,420.6701355,269.8768616
365668.2409,1206,309.1083374,265.7531433,369.5957031,265.2904053,349.5836792,267.5924377,410.3885193,267.5389709,313.674469,265.8569031,374.3161621,265.5257263,353.3632202,269.4922485,414.2702942,269.341217
365668.2577,1207,302.3934937,265.213562,363.5216675,264.6544189,343.0812378,266.9992065,404.0717163,266.9314575,306.8564148,265.5397339,367.5797119,265.173645,346.6938477,268.9403381,407.6494141,268.7914124
365668.2748,1208,295.1453247,264.9733887,356.6320801,264.4655151,336.3050537,266.4103394,397.0421143,265.8276062,299.6509094,265.2420959,360.4790039,264.8217773,339.6493835,268.3818054,400.6440735,268.1696777
365668.2917,1209,288.0904541,264.6247253,349.1511841,263.8210449,329.5602417,265.8612061,390.0811768,265.2263794,292.183197,264.9501648,353.0118408,264.4407043,332.3650513,267.8202209,393.2839355,267.5287476
365668.3076,1210,279.8292236,264.1499634,341.2600098,263.5161133,322.201355,265.3605042,382.5722656,264.460907,284.3198547,264.6500854,345.2153015,264.0774231,324.7470398,267.2554932,385.6265259,266.8622742
365668.3246,1211,272.1556396,264.1577148,333.4251404,263.2429199,314.6726074,265.0452271,375.1138611,263.9306335,276.2623291,264.4115295,337.1525879,263.7157593,316.9447632,266.7486877,377.7104187,266.217041
365668.3421,1212,264.7772827,263.8192139,325.2893066,263.5692139,307.1522827,264.489502,367.295166,263.5516968,268.1073608,264.1660156,328.8607483,263.4725647,309.0293579,266.2163391,369.631012,265.6383667
365668.3581,1213,256.1219177,263.9153442,317.7564087,262.9281616,299.2144775,264.105011,359.6797791,263.5038147,259.6395264,263.9687805,320.5267639,263.2145386,300.8587646,265.7440491,361.4583435,265.0990906
365668.3747,1214,247.9804688,263.7103271,309.4945068,262.9312744,291.2902222,263.6692505,351.7015381,263.3343811,251.0755463,263.7842102,312.088562,263.0108032,292.5596008,265.2603149,353.191925,264.6464539
365668.3918,1215,239.7784424,263.5788574,301.0350342,263.0925903,283.0341492,263.4107971,343.6798096,262.95401,242.419342,263.6228027,303.5148621,262.8894653,284.1878662,264.8138428,344.8091736,264.2290039
365668.4083,1216,231.2125702,264.0432739,292.991394,263.3336182,274.663208,263.4320374,336.0057373,262.921936,233.6562195,263.5796204,295.0018005,262.8610535,275.7015991,264.4714966,336.4996033,263.8868713
365668.4249,1217,222.969162,264.0149536,284.4919434,263.7032471,266.4909058,263.0786438,327.8274536,262.9436646,224.9126129,263.5388489,286.4152832,262.9156799,267.2198792,264.1638489,328.1498413,263.6304321
365668.4417,1218,214.7568054,264.4451904,276.5499878,264.2069702,258.1415405,263.361908,319.3468628,262.8422241,216.1966705,263.6075745,277.8389282,263.063324,258.7463684,263.9890137,319.740509,263.4769592
365668.458,1219,206.4714813,264.8401489,267.802002,264.8244324,250.4405518,263.6237183,311.0482178,263.2756653,207.5797882,263.7727966,269.2279968,263.349762,250.4029388,263.9040527,311.354248,263.4445801
365668.4749,1220,198.1125488,265.4772644,259.6434326,265.2229004,241.8325653,264.0193787,302.9844055,263.2807922,198.9489136,264.0500488,260.6852722,263.6572571,241.9854279,263.9400635,303.0557556,263.4766846
365668.4909,1221,189.6121521,265.9919434,252.0362396,265.8016968,233.4755859,264.275238,295.201355,263.6679688,190.3724365,264.3945007,252.3729553,264.0482178,233.6084137,264.0384216,294.929718,263.5727539
365668.5082,1222,181.9117889,266.8272095,244.5576172,266.4744263,225.8072968,264.9303284,287.4303894,264.1352844,182.0062408,264.8521118,244.2492676,264.4948425,225.3691711,264.2370911,286.9360657,263.7457275
365668.5242,1223,174.2693329,267.3273315,236.9423218,267.1864014,218.3328247,265.1171265,280.1777954,264.8730774,173.880188,265.3246765,236.3489685,265.0041504,217.371994,264.4515076,279.1646729,264.0049438
365668.541,1224,166.8606415,268.2766113,229.1639099,268.0571289,210.7432098,266.0921936,272.2178955,265.5517273,166.0380554,265.8879395,228.5006409,265.5580139,209.6554871,264.7768555,271.4036865,264.3515015
365668.558,1225,159.4308777,269.4973755,221.9858246,268.7930298,203.1062927,266.7698364,265.1286011,265.9497681,158.3673401,266.6505127,220.9562683,266.2781677,202.0333557,265.2963562,263.9609375,264.7867432
365668.5743,1226,152.6117249,269.8870239,215.1885681,269.4692383,195.8271484,266.9928894,258.2306519,266.5538025,151.0151062,267.5480347,213.7154388,267.1898499,194.6732483,265.9561157,256.7896729,265.421875
365668.591,1227,145.5764618,270.9812012,208.5478363,270.3232422,189.0247498,267.7048645,251.5283661,266.9567261,143.9090881,268.5498352,206.7658234,268.1333008,187.5832825,266.6988831,249.868042,266.0963135
365668.6083,1228,139.0110931,271.9388428,202.3082275,271.0513916,183.0212708,268.1194458,245.5836639,267.4353333,137.1427307,269.6008606,200.263855,269.0899658,180.8635559,267.4825745,243.3878326,266.7859497
365668.6246,1229,133.0695496,272.7259521,196.7440643,272.2243042,176.9354553,268.7350769,239.8069305,268.3532104,130.7795563,270.6228027,194.2050629,270.1286011,174.5290527,268.2499695,237.3063202,267.5653076
365668.6413,1230,127.2934875,273.159729,191.3461151,272.8161621,171.1117554,268.960144,234.2279053,268.5746765,124.7733612,271.4873962,188.5245667,271.0152588,168.5589905,268.8548889,231.6329041,268.2122192
365668.6589,1231,122.2566376,273.9058838,186.1883545,273.8536377,166.2185059,269.5478821,229.3822021,269.0271606,119.3449173,272.3326111,183.2298279,271.9382324,163.1299438,269.4382935,226.3338013,268.8620605
365668.6747,1232,117.6965332,274.5946045,181.5862732,274.3780518,161.5956268,270.2405396,224.6078339,269.2115479,114.3800659,273.1104126,178.3518982,272.6955872,158.1800232,269.9747314,221.4292603,269.350708
365668.6917,1233,113.5273895,275.3861694,177.7277069,274.8501587,157.4884491,270.6878052,220.870163,269.5590515,109.8830795,273.8587646,174.0674896,273.3805237,153.6911621,270.4746094,217.1429596,269.772583
365668.7077,1234,109.8848495,276.1427002,174.0993347,275.2875366,153.5400848,271.0700989,217.1549072,269.8757935,105.9247437,274.6025391,170.2794495,273.9983215,149.7128143,270.9537354,213.3701477,270.1342773
365668.7248,1235,107.0951691,276.6517944,171.3110352,275.8181763,150.6122437,271.6545715,214.392746,270.4987488,102.6513367,275.2771301,167.1545258,274.6180725,146.3938751,271.3960876,210.2324066,270.50354
365668.7417,1236,104.5100861,277.2575684,168.8149261,276.3403015,148.0763245,271.9507751,211.8581238,270.7784729,99.95759583,275.9456787,164.4976349,275.2119141,143.6737671,271.8044434,207.5746155,270.8426819
365668.7576,1237,102.4997406,277.0630493,166.757843,276.5545044,146.307373,271.858551,209.6835938,271.0776978,97.836586,276.4389954,162.3578339,275.7156677,141.5637817,272.0913391,205.4167328,271.1269531
365668.7742,1238,101.2445374,277.4960327,165.4024506,276.7130127,144.8470764,272.3710632,208.4478149,271.2027893,96.31684876,276.8871155,160.8138733,276.1339722,140.0762939,272.3535461,203.8730469,271.3290405
365668.7911,1239,100.5383148,277.6568604,164.692276,277.0736084,144.2703247,272.1943054,207.6352844,271.2393494,95.42734528,277.238678,159.8499908,276.489563,139.210434,272.5229492,202.9060364,271.4789734
365668.8081,1240,100.4031982,277.4006348,164.3896027,276.810791,144.1603394,271.9912415,207.0908661,271.2281799,95.20343781,277.4219971,159.4556885,276.6965637,138.9654541,272.573761,202.4638977,271.5220947
365668.8242,1241,100.7080688,277.2787476,164.8560638,276.8167725,144.5140076,271.8980103,207.5498962,271.022644,95.55609131,277.5099182,159.7136536,276.8476563,139.3131104,272.5458374,202.6911011,271.5129395
365668.841,1242,101.4728851,276.9076538,165.7161102,276.6674194,145.0155029,271.7580261,208.3226318,270.8895264,96.38360596,277.4242554,160.5272675,276.8687744,140.1176453,272.381012,203.481781,271.4060364
365668.858,1243,102.6054993,277.0205078,167.2123108,276.6342773,146.5446167,271.7610779,209.9121552,270.6503601,97.76391602,277.33255,161.9623718,276.8329163,141.4960632,272.2142029,204.8757172,271.2737122
365668.8744,1244,104.5332794,276.4143066,168.7915344,275.9968872,148.2063904,271.0509338,211.5224304,270.2132874,99.67292023,277.1029663,163.8172302,276.6365051,143.3862305,271.9005127,206.7063446,271.0258789
365668.8909,1245,106.9291534,275.9191895,170.9913788,275.7958679,150.6229858,270.5037231,213.8962708,269.9895935,102.1141052,276.7911377,166.2088776,276.4139404,145.8051453,271.5289307,209.0782013,270.760376
365668.9084,1246,109.7870712,275.5305176,174.0064392,274.9562378,153.3605347,270.5360718,216.6860046,269.6222534,104.9988785,276.4801636,169.1138153,276.0758362,148.6831055,271.2244263,211.9518127,270.4287415
365668.925,1247,113.5396347,274.925415,177.5743103,274.0873413,156.9351807,269.8041687,220.2407684,269.1056519,108.4944687,276.133667,172.6187897,275.6769409,152.1685638,270.8676147,215.4221802,270.0580139
365668.9421,1248,117.5233459,274.3236694,181.3573608,273.5321045,161.3803406,269.3288879,223.9677124,268.6286926,112.5433273,275.7719116,176.5796051,275.272522,156.2416534,270.5318604,219.3469238,269.7084656
365668.9582,1249,121.6616364,273.3616943,186.0668335,273.0811768,165.8968811,268.8866577,228.3403931,268.4235535,117.0414734,275.3864746,181.0618744,274.9350586,160.7754364,270.2072144,223.7748413,269.43927
365668.9752,1250,126.5910263,272.5483398,190.5886841,271.9727783,170.3990173,268.2738953,232.9858093,267.6953125,121.9679108,274.801178,185.9495239,274.3426819,165.7189941,269.6928101,228.6084595,268.9496155
365668.9914,1251,131.8554993,271.9470825,195.8871765,270.9932861,175.7281189,267.5834045,238.2687683,267.0925293,127.3731918,274.0247803,191.3105164,273.5127563,171.1359863,269.0079651,233.9226685,268.2808228
365669.008,1252,137.9700317,270.8034058,201.6951294,270.4546509,181.5842285,266.8467102,243.9638672,266.6063538,133.3275452,273.1000061,197.1025085,272.6421509,177.0784302,268.2042542,239.6786194,267.554718
365669.0249,1253,144.1747131,269.8183594,207.633667,269.6580811,187.5793457,266.4899597,249.9968567,266.5364685,139.7041168,272.1397705,203.3058929,271.7701721,183.4215698,267.4150391,245.8544617,266.9054565
365669.0409,1254,150.597641,269.3114624,213.7948914,268.6363525,194.2027588,266.275177,256.0610962,265.7443237,146.4263,271.2443237,209.8092957,270.8354492,190.1489563,266.6957092,252.3294983,266.2112427
365669.0576,1255,157.378891,268.5154419,220.1029511,268.057251,200.7711182,265.6720276,262.8345947,265.1964722,153.4732819,270.4157104,216.6403656,269.9813843,197.1503601,266.0684814,259.163208,265.6174316
365669.0744,1256,164.729599,268.4005737,226.9739838,267.6574707,207.979187,265.5967102,269.6261902,264.9860229,160.8645935,269.7500916,223.721344,269.2492676,204.5063782,265.6161194,266.2376404,265.1446533
365669.091,1257,171.7763672,267.5645142,234.5428162,266.6353149,215.1097717,265.094574,277.3040771,264.6368713,168.4374695,269.0561218,231.1978149,268.5002747,212.0492249,265.1676025,273.7021484,264.7129822
365669.1076,1258,179.3475342,266.7995605,242.0865173,265.9294434,222.66922,264.6268616,284.6378784,264.1401672,176.2156982,268.3922729,238.909317,267.7631226,219.8064728,264.7388916,281.4029541,264.2712097
365669.1243,1259,187.1825409,266.4833679,249.7511902,265.2758789,230.6955261,264.6575317,292.4952087,263.9535522,184.2571259,267.8102112,246.8782959,267.0555725,227.8576813,264.4314575,289.378418,263.8686218
365669.1412,1260,195.0315857,265.913147,257.1467285,264.9154968,238.5842896,264.1018982,300.1269226,263.612854,192.5041504,267.2359619,254.8989716,266.4089966,236.0793457,264.1224976,297.4299011,263.5220947
365669.1577,1261,203.4299774,265.5812683,265.0501709,264.6998901,246.8280487,264.4128113,308.6201172,263.5175171,200.973053,266.7721252,263.1332397,265.8829041,244.4784851,263.9342041,305.7721863,263.2856445
365669.1743,1262,212.0914764,264.9766846,273.180481,264.2894897,255.2699432,264.2602539,316.8204041,263.4138794,209.6120605,266.3101196,271.4786682,265.3955383,253.065033,263.7687073,314.2211914,263.0817261
365669.191,1263,219.8516083,264.9653931,281.5634766,264.3207397,263.4480896,264.6183167,324.9858093,263.8166809,218.1926575,265.964447,279.9536133,265.045929,261.6226196,263.7577515,322.7828674,263.0151978
365669.2076,1264,228.1687012,264.7778931,290.0352783,264.1224976,271.8901062,264.7406006,333.553772,264.1749573,226.8465729,265.6637268,288.5754395,264.7796021,270.2854614,263.7836914,331.5088501,263.0739136
365669.2243,1265,236.744873,265.1670532,298.0938721,264.131958,280.4662476,265.150177,341.5619812,264.2936096,235.5660248,265.5276184,297.1480408,264.6309814,279.031311,263.9234924,340.1735229,263.1989136
365669.2414,1266,245.0278778,265.0887451,306.625061,264.4835205,288.4407959,265.4238281,349.7219238,264.8687439,244.22435,265.4610901,305.7112122,264.6136475,287.6736145,264.1379395,348.8059082,263.4546814
365669.2582,1267,253.2836151,265.4925537,314.4938354,264.8822021,296.484314,265.8643494,357.9343262,265.3454285,252.7699738,265.5065002,314.1542053,264.7138062,296.2032776,264.4512634,357.3079834,263.8318787
365669.2746,1268,261.022583,265.8271484,322.4925537,265.4101563,304.5959167,266.3260803,365.6677246,265.7608948,261.1593323,265.656311,322.4188843,264.9329834,304.6196289,264.8763123,365.6162415,264.3028564
365669.2909,1269,268.9224854,265.9888306,330.4153748,266.0310669,312.6228638,267.0957947,373.3153076,266.3242493,269.3667297,265.842041,330.5819397,265.2472534,312.857605,265.3601379,373.7908325,264.8081055
365669.3082,1270,277.1187439,266.5475464,338.3570251,266.3481445,320.1125488,267.697052,381.2593689,266.6417542,277.433197,266.065094,338.6280212,265.5260925,320.896759,265.8600159,381.8661804,265.260498
365669.3251,1271,284.6751099,266.7755127,346.3630371,266.206665,327.6273804,268.2675476,388.6194763,267.0367432,285.2990417,266.2888794,346.5585632,265.7350464,328.7158813,266.36026,389.756073,265.6488342
365669.3416,1272,291.9126892,267.4281006,353.5470581,266.704834,334.6354675,268.9845276,395.9564819,268.1896057,292.848999,266.5070801,354.1793213,265.9556885,336.1966553,266.8591309,397.3292847,266.1018066
365669.3576,1273,299.0647583,267.7667847,360.7154541,267.4536743,341.6134033,269.2461548,403.0077515,269.0295715,300.1596069,266.7672119,361.5956421,266.2769165,343.4364929,267.3399048,404.6391296,266.652832
365669.3748,1274,305.6141357,268.3306885,367.4060669,267.7615356,347.996521,270.0927734,409.6656494,269.7307129,307.138092,267.2659607,368.6903381,266.7917175,350.3486328,268.0451965,411.6188049,267.4047241
365669.391,1275,311.9060669,268.7103271,373.628418,267.9771729,354.3673096,270.7114258,415.9152832,270.3003235,313.7441406,267.7876892,375.3951721,267.2997437,356.8600769,268.7626038,418.2290039,268.1483154
365669.4076,1276,318.1951904,268.9828491,379.9175415,268.5979614,359.9727478,271.4834595,421.3900146,271.2168274,320.0154114,268.2915649,381.7732239,267.8579712,362.9693604,269.4779968,424.436554,268.9204407
365669.4251,1277,323.3701172,269.6036987,385.0756226,269.3354492,364.9924316,272.241333,426.8375854,271.9884949,325.8003845,268.8405762,387.6219788,268.4592285,368.5794067,270.2481995,430.1431274,269.7293091
365669.4409,1278,327.9280396,269.9920654,389.6173096,269.2774048,369.4534607,272.7988586,431.3884277,272.4455566,330.9696655,269.325592,392.8737488,268.9244385,373.5914001,270.939209,435.2844238,270.4264221
365669.4578,1279,332.4393311,270.3399658,394.0988159,270.0119629,373.6352539,273.4753418,435.1569824,273.2709045,335.6316223,269.7985535,397.5594788,269.4452209,378.0863037,271.6424561,439.771637,271.1801758
365669.4742,1280,336.1578369,270.2796021,398.049408,270,377.2269897,273.8165894,438.8973084,273.7009888,339.7071838,270.1326599,401.671936,269.8267212,381.953186,272.2297363,443.690155,271.8408813
365669.4917,1281,338.8852539,270.5674438,400.7143555,270.9142456,379.731781,274.164917,441.6984253,274.3905334,343.0542908,270.449585,405.0093994,270.2788696,385.0624695,272.7542114,446.8679504,272.5582886
365669.5077,1282,341.0465088,270.7690125,402.9911499,270.8145142,381.8967285,274.5776672,443.7364197,274.6895142,345.6807861,270.7283325,407.6499023,270.606781,387.5103149,273.2545471,449.3287048,273.1846313
365669.5242,1283,343.1774902,271.2228394,404.9887695,271.1864014,383.6706543,275.1214294,445.5625,275.0707703,347.7345886,271.0209656,409.6704712,270.8995972,389.3591919,273.7477112,451.2090454,273.7319946
365669.5412,1284,344.2894287,271.1681519,405.6693726,271.0668945,384.6566772,275.1261292,446.1606445,275.0066223,349.0776978,271.2236938,410.8769836,271.1028137,390.506012,274.1505737,452.2557068,274.1397705
365669.5581,1285,344.7722168,270.8725586,406.2054443,270.7293091,385.0359802,274.9864807,446.6478271,274.9833374,349.7532959,271.2766113,411.4486694,271.1826782,390.9912109,274.4230347,452.6732483,274.4428101
365669.5749,1286,344.5091553,270.6323242,406.0149841,270.6126709,384.6844177,274.9387207,446.5461426,275.0029602,349.6987,271.2478943,411.3705444,271.190033,390.7526855,274.6063538,452.4510803,274.651947
365669.5922,1287,343.5352783,270.4891968,405.4356384,270.2932129,383.7640991,274.5325012,445.9688416,274.8540344,348.9675903,271.1329956,410.7105713,271.0879822,389.8355408,274.6616516,451.6449585,274.7363586
365669.6089,1288,342.3612061,270.1591797,403.7588501,269.8291626,382.4763184,274.3803406,444.2856445,274.2495422,347.6673889,270.9509583,409.3122559,270.8636475,388.3967896,274.6229858,450.1678467,274.6621399
365669.6248,1289,340.6313477,269.687439,401.7347107,269.1987915,380.6065369,273.8777466,442.2477722,273.5143738,345.7879028,270.6707459,407.3126831,270.5007629,386.3800659,274.472168,448.064209,274.4377747
365669.6418,1290,337.7807617,268.5895386,399.0421753,269.0731812,377.9003296,272.8998718,439.456665,273.3721619,343.1984558,270.1923828,404.6500854,270.1355591,383.6734619,274.1190796,445.2885437,274.1668396
365669.6577,1291,334.7164307,268.4655762,395.7967224,268.208252,374.9892273,272.5288391,436.4743652,272.5259705,340.0804138,269.7518921,401.3797607,269.6552734,380.4784851,273.7559204,441.9865112,273.7747803
365669.6743,1292,330.9560547,268.0112915,392.0257568,267.1311646,371.3623962,271.7895813,432.5411377,271.0631409,336.4017639,269.2971497,397.5544739,269.0388489,376.7445984,273.3212891,438.1335144,273.1776123
365669.6912,1293,327.0283813,267.1119995,387.9867554,266.7178955,367.1558533,270.7475281,428.9018555,270.7338867,332.1749878,268.7806091,393.2797241,268.5021057,372.4578857,272.8079224,433.8530273,272.6858521
365669.7076,1294,322.1721191,266.4645386,383.2973633,265.8276978,362.5168152,269.7658081,424.2537537,269.9434814,327.369751,268.0794678,388.467041,267.7519836,367.6105347,272.0645142,429.0579224,271.95578
365669.7242,1295,317.7332459,265.5169678,378.118988,264.9128418,357.97229,268.9786987,419.2503357,268.7077026,322.2906189,267.1068115,383.2107849,266.6949158,362.5102234,271.0554199,423.8481445,270.8912659
365669.7412,1296,312.0614014,265.098938,372.9148865,264.3307495,352.7815857,267.8990784,413.9312744,267.5440063,316.743042,266.102417,377.5336914,265.573761,356.9920654,269.9545593,418.2148132,269.7095642
365669.7575,1297,306.4713745,264.2835693,367.4671631,263.5192871,347.345459,266.8023987,408.338623,266.3078918,310.8636475,264.9977112,371.5678101,264.3552246,351.1635132,268.7169189,412.284668,268.3688965
365669.7742,1298,300.3934326,263.2878418,361.4622803,263.0579224,341.6097107,265.7507935,402.5977478,265.6562195,304.6347046,263.8815918,365.3202209,263.2784729,345.0213318,267.4471741,406.0874634,267.1428223
365669.791,1299,294.6107788,262.366333,355.2340698,262.1292725,335.7516479,264.8583679,396.2197266,264.5640259,298.2137756,262.7592773,358.8259277,262.2175598,338.6764221,266.1956177,399.6308594,265.9047546
365669.8081,1300,288.1304932,261.800415,348.6759033,261.5583496,329.4760132,263.9820862,390.1132202,263.5793762,291.5579224,261.7940369,352.0874329,261.267334,332.1231079,265.0603943,392.9682312,264.7545776
365669.8249,1301,281.3150024,261.0116577,341.8396912,260.6724243,323.330658,263.2973328,383.5979919,262.4927063,284.719574,260.9025269,345.1290588,260.3058167,325.4547729,264.0101624,386.1136475,263.5851135
365669.8409,1302,274.2350464,260.9238281,335.0800781,260.1947632,316.6713257,262.7075806,376.9040527,261.9472046,277.6231384,260.2340088,338.0030518,259.6386108,318.5513916,263.1311035,379.1051025,262.7056885
365669.8576,1303,267.3956909,260.397583,328.1797791,259.9469604,309.5875244,261.9255981,369.7098389,261.2430725,270.3920898,259.6656494,330.7362061,259.093689,311.4802856,262.3514709,371.9092712,261.9089661
365669.8751,1304,259.8924561,260.0993042,320.7828369,259.6228027,302.6494446,261.5754395,362.729187,260.8334351,262.9506226,259.2422485,323.2677307,258.5935059,304.2347107,261.7362366,364.5600586,261.1820068
365669.8914,1305,252.5821991,259.9926758,313.2763672,258.9702759,295.2694702,260.8244934,355.60849,260.4145813,255.3447418,258.8991089,315.7160034,258.1994629,296.8421326,261.1594543,357.1264038,260.5736694
365669.9082,1306,245.2831268,259.6695557,305.5262451,259.2775879,287.944397,260.2962952,348.2450562,260.1251526,247.6156769,258.6147461,307.9897156,258.0352478,289.3061218,260.6521912,349.5469971,260.137085
365669.9251,1307,237.5746918,259.0182495,298.6686401,258.8514404,280.5109558,259.6603699,341.3478699,259.8294983,239.8023987,258.3175659,300.353241,257.8833618,281.7176209,260.1200562,342.0394897,259.7504883
365669.9414,1308,230.0192871,259.6764832,291.1691284,258.7814941,272.9476929,259.6668091,334.0343018,259.4862366,231.9064026,258.2849426,292.6693115,257.7978821,274.0056152,259.8532715,334.5096436,259.4559631
365669.9576,1309,222.7860565,259.387085,283.427002,259.5950928,265.65979,259.6194458,326.1754761,259.2108459,224.0723114,258.2849426,284.8725586,257.906311,266.3381653,259.6627502,326.8692932,259.2999878
365669.9747,1310,215.5485687,259.8335571,276.1199341,259.5359497,258.22995,259.7335815,318.6782532,259.242157,216.2937469,258.438385,277.1294556,258.1134949,258.6817017,259.6026001,319.2447815,259.2661438
365669.9914,1311,207.8414154,260.258667,268.5265503,259.8470459,250.7959442,259.962616,311.1945496,259.3739014,208.5333252,258.7341614,269.3571472,258.4168396,251.0724182,259.6660156,311.6126709,259.327179
365670.0076,1312,200.0668182,260.7886353,261.0650635,260.3882446,243.2325439,260.2899475,303.762085,259.3819885,200.7506866,259.1803589,261.653717,258.8344116,243.4414673,259.8888855,304.0142212,259.4924622
365670.0243,1313,192.5151825,261.3582153,254.1196289,261.1205444,235.7687683,260.3644104,296.5867615,259.8582459,193.0504761,259.6945801,254.1241302,259.349823,235.8444214,260.1298218,296.5437012,259.7510071
365670.0414,1314,185.4515991,262.3098755,247.1763611,261.7648926,228.6030731,260.8579407,289.5787354,260.229248,185.5207825,260.3505554,246.7821503,259.9344482,228.3743286,260.5161438,289.2499084,260.061615
365670.0578,1315,178.687973,262.7831726,240.7129517,262.3624268,221.9196472,261.3369446,283.3064575,260.7228088,178.2357025,260.9682617,239.7375031,260.5195313,221.1759033,260.8859863,282.2938843,260.4020691
365670.0743,1316,172.1162567,263.1657104,233.885788,262.7872314,215.4203796,261.7199097,276.3796692,261.0338135,171.2324219,261.5460205,232.8320465,261.0657654,214.2182007,261.2202454,275.4340515,260.7012939
365670.0912,1317,165.9655914,264.1426392,227.5709229,263.9259644,209.0263672,262.4444885,270.3446045,261.8157043,164.5281372,262.1119995,226.2229156,261.6668091,207.5450439,261.5754089,268.8617249,261.0061035
365670.1077,1318,159.7386169,264.737854,221.5946045,264.6459656,202.9570313,262.7094116,264.1782837,262.3558044,158.1088257,262.5843201,219.8759766,262.2146912,201.1721649,261.8264771,262.5035095,261.292511
365670.1242,1319,154.1314087,265.3777466,216.1707459,265.1997681,196.9662476,263.3573914,258.6663818,263.0557556,152.0246429,263.2669678,214.0032196,262.9645691,195.0795288,262.2872314,256.615448,261.7822266
365670.1415,1320,148.4901886,266.2636719,211.1022339,265.739624,191.5662842,263.9636841,253.4285889,263.5404358,146.2536163,264.1374817,208.5678558,263.8460388,189.320816,262.9668884,251.1351929,262.4216919
365670.1581,1321,143.5166626,267.0870972,206.2273407,266.5266113,186.769165,264.7478943,248.7602844,264.3719482,140.9552307,265.0691528,203.5018005,264.7562256,184.0539856,263.6842651,246.051178,263.1843567
365670.1748,1322,138.5175934,267.8313599,201.9203339,267.2032471,181.7441101,265.3461609,244.3296814,265.0877991,135.9912567,265.9862061,198.8843842,265.6581726,179.135437,264.4025574,241.4213562,263.9345093
365670.1914,1323,134.5339508,268.6787109,197.318161,267.9341431,177.8746033,265.9808655,239.9572144,265.7173157,131.5665588,266.9091187,194.5390778,266.5402832,174.7429199,265.1253052,237.0736389,264.6712952
365670.2084,1324,130.3168945,269.3359985,193.6240692,268.6707153,173.5531921,266.7077026,236.09198,266.1374817,127.4300461,267.7965393,190.5857544,267.3463135,170.6122894,265.8352661,233.1012115,265.3500977
365670.2249,1325,127.1333008,270.0141602,190.3355713,269.3841553,170.5696716,267.2260437,232.6864014,266.5168762,123.8096619,268.602417,187.0623627,268.099823,167.0071411,266.4916077,229.5681305,265.9698486
365670.2413,1326,124.0807724,270.2879639,187.3474731,269.9775391,167.4106903,267.3005371,229.5978088,266.6457214,120.5990524,269.2561646,183.9373779,268.751709,163.8114014,267.0174255,226.430481,266.4720459
365670.2582,1327,122.0878906,270.6772461,185.2770233,270.4503174,165.2787781,267.7226868,227.5328369,266.9353333,118.0258331,269.8505859,181.4531555,269.3468018,161.234787,267.486145,223.9181213,266.9108582
365670.2748,1328,120.0849228,270.8743896,183.2731628,270.7915039,163.4788055,267.7421265,225.5286255,267.1078186,115.9749451,270.316925,179.3663483,269.84198,159.1913757,267.8119507,221.8114319,267.2451477
365670.2919,1329,119.3105774,270.8902588,182.1170654,271.0892334,162.1086731,267.6036987,224.3881073,267.2159424,114.5766602,270.6567078,177.8740082,270.2759094,157.7712097,268.0193787,220.2772064,267.532196
365670.3081,1330,118.4011688,270.9956665,181.8310547,270.7674561,161.6485901,267.6976929,224.0602264,267.0696106,113.7390976,270.8832397,177.0310059,270.5265808,156.9360504,268.1401062,219.4046631,267.6655579
365670.3248,1331,118.6518784,270.6157227,181.6981659,270.6819458,161.6711731,267.3166809,223.8013916,266.7627258,113.5581894,270.9267578,176.7566834,270.6567383,156.7705231,268.0770569,219.097641,267.6477966
365670.3415,1332,119.3844757,270.3540649,182.4163513,270.3662109,162.5563965,267.2702026,224.6590576,266.7693176,114.0604477,270.8580627,177.1763916,270.6568604,157.2807617,267.9430237,219.510376,267.5314636
365670.3576,1333,120.3816376,270.0920105,183.8212585,270.0372314,163.4598084,266.8345032,225.7275085,266.3150024,115.1575699,270.6880493,178.2930298,270.5411682,158.3633575,267.6965027,220.5747986,267.2851257
365670.3744,1334,122.3832855,269.7597046,185.6178894,269.6317139,165.417038,266.5891418,227.3662567,265.9413452,116.8969498,270.4346313,180.0632935,270.3257446,160.0866699,267.3859863,222.289978,266.938446
365670.3917,1335,124.6291809,269.0376587,187.9241333,268.984436,168.0856934,265.7749329,229.7696533,265.3297424,119.3178864,270.0247192,182.4252777,269.9773254,162.5172729,266.9289856,224.5858307,266.4701843
365670.4077,1336,127.9670258,268.6998901,190.8280334,268.8380737,170.9272461,265.6272888,232.7253418,265.2476501,122.3334045,269.634491,185.3885193,269.6476135,165.5097809,266.501709,227.5015259,266.0523987
365670.4246,1337,131.1565704,267.9631958,194.1330414,267.8010254,174.5102539,264.9125671,236.351532,264.6605225,125.9211349,269.2014465,188.9160919,269.2098389,169.0906219,266.0468445,231.0180664,265.5918579
365670.4409,1338,135.1034698,267.6803589,198.3919373,267.4414063,178.5161743,264.8852844,240.477417,264.4966736,130.0037384,268.8320313,193.0313263,268.8113403,173.1801147,265.6934204,235.1195679,265.2255859
365670.4576,1339,139.5278778,266.7056885,203.0343933,266.2106934,182.5174561,263.9679565,244.8657684,263.6184998,134.5711365,268.4341431,197.7225952,268.3422546,177.7307434,265.3135986,239.7754669,264.8334351
365670.4745,1340,144.2958984,265.9647217,207.8094177,265.1836548,187.2733612,263.5817261,249.4155579,263.1478271,139.5678711,267.9635925,202.7892456,267.7718201,182.6927795,264.9054565,244.7879944,264.4002991
365670.4911,1341,149.8623962,264.9640503,212.7358856,264.590271,192.4873352,263.0663147,254.0772705,262.6423035,145.0420074,267.1612244,208.1586151,266.9320984,188.1524811,264.2188721,250.079895,263.7210388
365670.5078,1342,155.205658,264.0142212,217.9437714,263.7233887,198.1437225,262.1913757,259.4450684,262.0176697,150.8576965,266.261322,213.8678741,266.0195313,193.9423828,263.4418945,255.7285004,262.9744568
365670.5246,1343,161.6421661,263.3486328,223.7378845,263.0241699,204.0896301,261.5146179,265.4062805,261.4087219,157.1230927,265.3225708,219.8904877,265.067688,200.1601257,262.6252136,261.7148743,262.2145996
365670.541,1344,168.2363434,262.7012939,229.439682,262.5524292,210.1591797,261.1291199,271.2129211,261.1610413,163.7761536,264.4752197,226.134079,264.251709,206.7091064,261.9038391,267.919342,261.582428
365670.5583,1345,174.6739807,261.9745483,236.3291473,261.5568848,216.7411804,260.6430969,277.9467163,260.7413635,170.6423187,263.6350403,232.7852325,263.4021301,213.4910278,261.2241516,274.5464478,260.9750671
365670.5751,1346,180.9589081,261.4515991,242.8426971,260.8502808,223.4766846,260.4228516,284.4674072,260.0629272,177.6687317,262.9153442,239.6235352,262.5950317,220.4744415,260.6829529,281.3744507,260.4098816
365670.5913,1347,187.7436218,260.9960938,249.3395844,259.9223633,230.1567383,260.0189819,291.2810974,259.5990295,184.868866,262.2049866,246.6090393,261.7375793,227.587616,260.1630554,288.3679504,259.8300171
365670.6077,1348,195.0240479,259.9776001,256.3267517,258.8867188,237.228241,259.4892273,298.3867493,259.3811035,192.2805634,261.5023499,253.793869,260.9292603,234.9363098,259.6757813,295.5663452,259.3621216
365670.6252,1349,202.4493866,259.8687744,263.1141968,258.7630615,244.4672546,259.5261536,305.1926575,258.8351746,199.8782654,260.920929,261.0507507,260.218689,242.422699,259.3200073,302.811554,258.919281
365670.6414,1350,209.5246582,259.5812683,269.833252,258.6050415,251.6542969,259.2660522,311.8504028,258.5921936,207.522934,260.4548645,268.3251648,259.6516113,249.9604492,259.0606079,310.0802612,258.5965271
365670.658,1351,216.6922302,259.0616455,277.0894775,258.1820068,258.4486694,259.0867615,319.0749207,258.427948,215.0884857,259.9935608,275.7314453,259.1218262,257.4232483,258.8295593,317.4993896,258.3032532
365670.6745,1352,223.3810425,259.1730957,284.0975342,258.2501221,265.7095337,259.2337036,325.9502869,258.4221802,222.5358887,259.6939087,283.1065979,258.7356873,264.8165588,258.7335205,324.8950806,258.1010742
365670.6914,1353,230.4440308,259.1063843,290.7955933,258.0280151,272.5724487,259.1439209,333.0022278,258.2621765,229.899231,259.4779053,290.3433228,258.4135132,272.1385193,258.6788025,332.2039185,257.9607544
365670.7084,1354,237.5947723,258.8928223,297.7407227,258.4509888,279.7457886,259.1206665,340.0595398,258.4920959,237.2134552,259.276947,297.5088806,258.2651062,279.387146,258.6487427,339.4376221,257.9579468
365670.7242,1355,244.7233124,259.4742432,304.6812134,258.0592041,286.6779175,259.2461548,347.0761719,258.515564,244.4666595,259.2258301,304.6307983,258.1186218,286.5993042,258.7314148,346.6200562,257.9841003
365670.7413,1356,251.991272,259.0161743,312.0078125,258.2779541,293.6635132,259.6583252,354.1795044,258.9341736,251.6806335,259.1791992,311.7257385,258.1212769,293.7923889,258.8693237,353.74823,258.1573792
365670.7575,1357,259.0038452,259.3341064,318.8731689,258.3104248,301.0361938,259.7746887,361.0963745,258.9921265,258.874939,259.2189941,318.795929,258.1842346,300.9837952,259.0567932,360.868866,258.3451233
365670.7744,1358,265.8967285,259.710083,325.931488,258.848877,307.7199402,259.9028625,367.8743591,259.5608521,265.9406738,259.3516846,325.8178711,258.3762512,307.9916382,259.2912903,367.9173279,258.6620789
365670.7913,1359,272.8198242,259.8227539,332.8624878,259.4573975,314.6849365,260.4322815,374.6468506,259.7366028,272.9165039,259.5144653,332.7873535,258.6415405,314.921814,259.5862732,374.8737183,258.9775696
365670.8076,1360,279.6473084,259.9685669,339.6348267,259.3062744,321.2900085,260.8605652,381.4318237,260.0528564,279.8076782,259.6678772,339.7250671,258.859375,321.7661743,259.8547363,381.7895203,259.2164307
365670.8244,1361,286.3536377,260.2440796,346.4689331,259.8966675,328.1648254,261.0696106,388.1764832,260.6152649,286.6645203,259.8235779,346.6029968,259.0996704,328.6058044,260.1077881,388.6365356,259.5105896
365670.8411,1362,292.958374,260.5206299,353.1130371,260.1568604,334.4879761,261.3826294,394.8785095,261.100769,293.4092102,259.9640808,353.3595276,259.3115845,335.3004761,260.3463745,395.3721008,259.8022461
365670.8584,1363,300.1259155,260.7290039,359.5496216,260.2390747,341.2260437,261.8672791,401.2445068,261.5553589,300.1724854,260.0996399,360.0137634,259.4810791,342.0090637,260.574707,402.0021057,260.0609131
365670.8747,1364,306.265625,261.4973145,365.8718872,260.8950806,347.2788086,262.7302856,407.8905029,262.31604,306.7268982,260.3041992,366.5519714,259.688324,348.4538879,260.8769836,408.5541382,260.3722534
365670.8913,1365,312.3320313,261.7669067,372.0775757,261.5333862,353.1752319,263.256897,413.6954346,262.930481,313.041748,260.683136,372.8898926,260.1479492,354.6616211,261.3769226,414.8430176,260.928772
365670.9084,1366,318.1816406,262.0096436,378.3123474,261.6021118,358.9187012,263.7770081,419.3076172,263.3896179,319.1400452,261.0733032,379.0570374,260.5717468,360.6420898,261.8953857,420.8998413,261.4980774
365670.9242,1367,323.25,262.7354126,384.0339355,262.006897,364.0532837,264.5422974,424.9133301,264.0782776,324.8310852,261.5328369,384.9918823,261.0440674,366.2371826,262.5244751,426.7084045,262.1049805
365670.941,1368,328.7737732,263.2800903,389.0302124,262.9358521,369.4024353,265.3177185,429.6369629,264.9067078,330.3103943,262.0942078,390.5414734,261.6385803,371.6295471,263.202179,432.1275635,262.809082
365670.9582,1369,333.4129639,263.7211304,393.3637085,263.5346375,373.6300659,265.8308716,434.2341003,265.5027466,335.3948059,262.6419067,395.6151428,262.2373047,376.5626831,263.8889771,437.088501,263.5150146
365670.9751,1370,338.0690918,264.164978,397.9467163,263.7514038,377.6903076,266.5131531,438.3302002,266.2356262,340.0848389,263.1970215,400.2910156,262.8252258,381.0692139,264.6237183,441.6344299,264.2506104
365670.9916,1371,341.5447693,264.6126709,401.7902832,264.4779663,381.2574158,267.0832825,441.9286499,266.6988525,344.2349854,263.770813,404.4698792,263.4277039,385.039978,265.3525696,445.6761475,265.0148621
365671.0076,1372,344.9209595,265.1279297,405.196228,264.848877,384.5924072,267.7066345,445.1387634,267.6237793,347.8845825,264.3379517,408.143219,264.0084839,388.5252991,266.0602722,449.1949463,265.7647095
365671.0244,1373,347.3739014,265.478241,407.8649292,265.5206909,386.8859253,268.0770569,447.6483765,268.3721619,350.9067688,264.8421326,411.2285767,264.6097412,391.355896,266.7122192,452.1199341,266.5437012
365671.0415,1374,349.6017456,265.8563843,409.9564209,265.8004761,388.8917847,268.5736389,449.515564,268.7776489,353.3252869,265.2638245,413.697113,265.1065369,393.5877991,267.2885132,454.4046326,267.2099304
365671.0579,1375,351.4686279,266.1123047,411.4783936,266.3124695,390.4390564,269.1042175,451.1125183,268.9242859,355.2658691,265.6444702,415.5424805,265.5640564,395.3508911,267.8236389,456.0782471,267.7754211
365671.0753,1376,352.4080505,266.5626831,413.1255493,266.1417236,391.4415283,269.5169067,452.1907654,269.098053,356.5687866,266.0312195,416.9499207,265.9022827,396.4888306,268.3538208,457.2395935,268.2416382
365671.0915,1377,352.8787537,266.2006836,413.2906189,266.2915649,392.0397949,269.2056274,452.5490417,269.5151672,357.2771606,266.241333,417.6499939,266.1906738,397.0570374,268.6902161,457.743042,268.6821594
365671.1081,1378,352.8720093,266.1340027,413.5270996,266.0418091,391.6907349,269.318512,452.6120605,269.4535828,357.3818665,266.3638916,417.822998,266.3374939,397.0018921,268.9308472,457.7568359,268.9643555
365671.1246,1379,352.6731873,266.0015259,412.7073669,266.4545288,391.171875,269.4105835,451.817627,269.4002075,356.9497681,266.4125977,417.378418,266.4680176,396.3777161,269.1130981,457.164856,269.1677551
365671.1422,1380,351.3179626,266.1483765,411.4165649,266.190155,389.9007263,269.2217712,450.8874512,269.2903442,355.938385,266.4307251,416.3211975,266.4942627,395.1958618,269.2174988,456.01297,269.2881165
365671.1578,1381,349.3206787,266.6107178,409.7896423,266.0439148,388.2351074,269.5908813,448.8596191,268.9533997,354.2671509,266.4984436,414.6578674,266.4282227,393.4160767,269.3577881,454.1996155,269.3005066
365671.1743,1382,346.953949,266.1043701,407.3209839,265.8077393,386.1744995,268.9170227,446.8962402,268.9868774,352.0451965,266.41745,412.4258728,266.3136292,391.1607056,269.3154602,451.9002686,269.243866
365671.1917,1383,344.4938354,265.8771362,404.6894531,265.1546631,383.3833923,268.7085876,444.045105,268.3968201,349.319458,266.278717,409.6596375,266.037384,388.366394,269.2068176,449.0687866,269.0527039
365671.2076,1384,341.3291931,265.394165,401.3591919,265.1940918,380.434082,268.1654663,441.0203857,267.9368591,346.1433105,266.0431824,406.3904114,265.7821655,385.1430359,268.9873352,445.776123,268.7947998
365671.2246,1385,337.7660522,265.1889648,397.6070251,264.5341187,376.9766541,267.7895203,437.2108154,267.2016907,342.4656067,265.7865906,402.5866394,265.4453735,381.4402161,268.730896,441.9573975,268.442688
365671.2413,1386,333.6661072,264.5473633,392.9085388,264.4623718,372.6418457,267.2154236,432.9635925,266.8126221,338.2730103,265.4750061,398.1636353,265.1645508,377.2214355,268.4151917,437.5757141,268.1096191
365671.2581,1387,329.3794556,263.9629517,388.7962036,263.1270752,368.3895874,266.1654358,428.6630859,265.7469177,333.710144,265.1521301,393.4173279,264.7508545,372.6618652,268.0265198,432.8487854,267.6965942
365671.2747,1388,324.3155212,263.5769653,383.6134644,263.3812256,363.5249023,265.8544312,423.6713867,265.7086182,328.688446,264.8781433,388.234314,264.5038147,367.6548157,267.6961365,427.7485046,267.3971252
365671.2919,1389,319.0568848,263.5700073,378.0006714,262.8046875,358.2189941,265.1521606,418.3774414,264.8624573,323.2826233,264.5150452,382.5976257,264.0825806,362.2490845,267.2144775,422.2050171,266.8787537
365671.3085,1390,312.6499023,263.0496216,372.2838135,262.7410278,352.9078369,264.4988098,412.7001343,264.4877625,317.3603516,264.0117493,376.6329041,263.5922852,356.4467468,266.5665894,416.3512268,266.2496948
365671.3246,1391,307.2139282,262.7934265,366.8869019,261.8314209,346.9379272,263.7896423,406.6723022,263.3001099,311.224884,263.4928589,370.4372559,262.9657898,350.4133911,265.8466492,410.211853,265.5000916
365671.341,1392,300.1997986,262.5709229,360.1435547,261.9069214,340.350769,263.4507141,400.6322632,263.0383606,304.5758362,263.0377808,363.9068909,262.4866333,343.8950195,265.2087402,403.7662964,264.8569031
365671.3576,1393,293.4901733,262.1185913,353.4324646,261.4915771,333.7509155,262.6423035,393.9354248,262.3579102,297.6044006,262.6281433,357.030304,262.0431824,337.0357971,264.5943909,397.0091248,264.2431946
365671.3742,1394,286.3796387,262.1373901,346.2103882,261.2645264,327.3449402,262.3787231,387.3832703,261.5588684,290.3760376,262.3118591,349.8867188,261.6689453,329.9528198,264.0638428,389.9986877,263.62854
365671.391,1395,279.2015991,261.9250488,339.4659424,261.1828308,320.3413696,261.9428101,380.0776367,261.1964417,282.8943481,262.0395508,342.5486755,261.3574219,322.6586304,263.5570679,382.7653198,263.0479736
365671.4077,1396,271.888916,261.84729,331.8164063,261.1509399,313.4534302,261.5624084,372.6471863,260.7163391,275.2687378,261.816925,334.9457703,261.0984192,315.2380066,263.0797424,375.2598572,262.5242004
365671.4247,1397,264.569458,261.5769043,324.0831299,261.5599365,306.1398315,261.1959534,365.1525879,260.6182556,267.5282898,261.6187439,327.1074829,260.9691467,307.6942139,262.6331177,367.5437317,262.0941467
365671.4409,1398,256.7390137,262.1212158,316.782074,261.6625977,298.7039795,260.9628601,358.2510681,260.4683228,259.5777893,261.5611572,319.2315674,260.9200134,299.9927979,262.2566528,359.7856445,261.7496338
365671.4576,1399,249.2247772,262.3424683,308.9481812,261.6004639,290.9915771,260.7611084,350.8525391,260.2027283,251.5816956,261.5515747,311.2835388,260.8909607,292.2264404,261.9317627,352.0073853,261.3858032
365671.4742,1400,241.3850555,262.109314,301.1993103,261.6026001,283.2917175,260.4996033,343.2400818,260.1703796,243.4994507,261.5523987,303.257019,260.9273376,284.3689575,261.6086426,344.1461182,261.1088867
365671.491,1401,233.4271698,262.6782837,293.2628784,261.9263916,275.2266235,260.7007141,335.1942749,260.3518677,235.314743,261.6683044,295.1147156,261.0476074,276.4040222,261.4279175,336.1333618,260.9264526
365671.5078,1402,225.3766479,263.2337036,285.8825073,262.618103,267.3335266,260.7961426,327.6288452,260.4212952,227.084671,261.8873291,287.0579529,261.3007813,268.3155518,261.3230286,328.187439,260.8509827
365671.5254,1403,217.4631805,263.6654663,278.2932739,263.142395,259.336853,261.0505676,319.8589783,260.8926086,218.8636169,262.1754456,279.063446,261.6329956,260.2736206,261.3102112,320.3412781,260.8733521
365671.5414,1404,209.6939087,264.7578735,270.3225708,263.8331909,251.6271362,261.9594727,312.2227173,261.1824036,210.6528625,262.6627197,271.0911865,262.0649109,252.2113953,261.4909668,312.4866333,260.9900513
365671.5581,1405,202.0063934,264.8684692,262.3665771,264.6638184,244.0724487,262.1660156,304.1262512,261.5206909,202.5315094,263.1015625,263.0688782,262.5680237,244.2404785,261.6609802,304.5690613,261.1590576
365671.5754,1406,193.8957977,266.1185303,255.4203796,265.3141785,235.9957275,262.8576355,296.8909912,262.1604004,194.4090271,263.6639404,255.3261719,263.0832825,236.2125549,261.931488,296.8511658,261.3869629
365671.5909,1407,186.3831787,266.8369141,248.1968689,266.3075562,228.40271,263.3666077,289.7149048,262.9588928,186.4235077,264.2072144,247.7504425,263.6343079,228.300354,262.1841125,289.3509521,261.6578064
365671.6083,1408,179.488739,268.0438843,241.3252869,266.8464355,221.3014221,264.5672913,282.6894531,263.309021,178.7704468,265.0974731,240.377594,264.3901367,220.6679688,262.8083801,282.022583,262.1550598
365671.6251,1409,172.4662323,268.6389771,234.0363464,267.8091431,214.3088989,264.9794617,275.7654114,264.2486267,171.3797302,266.1565552,233.1051636,265.3757019,213.299942,263.5942383,274.8051147,262.9223938
365671.6409,1410,165.7498627,269.175293,227.602829,268.6674805,207.9152527,265.2861633,269.2696533,264.8196716,164.3241272,267.2090454,226.2128296,266.4480286,206.2610474,264.4191895,267.9292603,263.7735901
365671.6577,1411,159.4945374,270.553772,221.7436371,269.4415894,200.937912,266.1378479,262.8505859,265.2662659,157.5662231,268.3930969,219.7085114,267.5319824,199.476181,265.3670044,261.35849,264.6261292
365671.6742,1412,153.7028656,270.6885986,215.9142914,270.5413208,195.3048553,266.4582825,257.4306335,266.2272644,151.285553,269.3376465,213.6235199,268.611969,193.1701202,266.0931702,255.2297974,265.4659119
365671.6912,1413,148.0789642,271.6472168,210.829834,270.8005371,189.1694336,266.9343872,252.2625732,266.4567566,145.3309631,270.2216797,207.9842834,269.4967651,187.1564484,266.7492676,249.548996,266.1199341
365671.7089,1414,143.2177582,272.0817261,206.1139984,271.6002808,184.7177734,267.6054382,247.2972412,266.7858582,139.9604492,270.9625549,202.8549957,270.2741089,181.7478638,267.3202515,244.3727875,266.6791382
365671.7242,1415,138.9268341,273.1331177,201.9386597,272.1543579,180.5773926,268.2719421,243.0218506,267.308136,135.1800232,271.7214966,198.2753296,271.0028992,176.9488525,267.8919983,239.7529144,267.1915894
365671.7414,1416,134.9254303,273.4588013,198.2288513,272.8981934,176.5916748,268.6598206,239.4388428,267.6261902,130.9588318,272.420105,194.2745056,271.6893005,172.7054138,268.4239197,235.6945801,267.6595764
365671.7583,1417,131.6554108,274.1243896,195.2032471,273.2114258,173.7023315,268.9002075,236.4846497,268.0601501,127.429863,273.0432129,190.8316193,272.2772827,169.1748505,268.836853,232.2118378,268.0801697
365671.7743,1418,128.7862854,274.1447144,192.3289795,273.5401611,170.2847595,269.0551147,233.5129089,267.8191223,124.3555069,273.5288696,187.9294434,272.7478943,166.0503693,269.1701355,229.2857666,268.336853
365671.7912,1419,127.0830536,274.59729,190.3502655,273.8060913,168.6064758,269.1362,231.6013184,267.9472351,122.0351791,273.9441528,185.6850281,273.1568298,163.6886902,269.4195251,227.019104,268.5365906
365671.8083,1420,126.0076523,274.5079346,188.9534149,274.2701416,167.5021973,269.2133484,230.0477753,268.2227478,120.5100784,274.2812805,184.077652,273.5210876,162.137085,269.6051331,225.3892517,268.6917114
365671.8247,1421,124.4204559,274.3833618,187.9219818,274.4574585,166.2929382,269.063446,229.0020142,268.1391907,119.4533463,274.4700317,183.0148926,273.8294373,161.08284,269.6555176,224.2723999,268.7702332
365671.8409,1422,124.4016953,274.2964478,187.6869507,274.4528809,166.0034637,269.134491,229.0468445,268.3337708,119.1307373,274.5422668,182.618515,274.0629578,160.7132568,269.6217041,223.8504486,268.8144836
365671.858,1423,124.520401,274.4277039,187.8259735,274.0775757,166.3925476,268.8924866,228.9407196,267.6907654,119.3400726,274.5821838,182.7318115,274.0992432,160.9583282,269.5683289,223.964386,268.6664734
365671.8749,1424,125.57164,274.0162354,188.9923553,273.5621948,167.5714417,268.7207947,230.380249,267.6474915,120.2643509,274.469635,183.6019135,274.0410156,161.9157562,269.3670349,224.8237915,268.4748535
365671.8914,1425,127.0124054,273.1113281,190.4835663,272.9536743,168.9100342,267.8464661,232.1694031,267.2511292,121.6757278,274.1202698,185.1233215,273.8158264,163.3943939,268.9716492,226.3662872,268.1364441
365671.9076,1426,129.3944397,272.7227783,192.5949402,272.3641968,171.5598602,267.678894,234.4239502,266.8612671,123.8535461,273.7478638,187.242981,273.4744873,165.6276703,268.5519409,228.5397644,267.7377319
365671.9248,1427,131.7442474,272.1005859,195.5438843,271.7506104,174.408783,267.0436096,237.2370911,266.6001282,126.5995789,273.3360596,190.0169983,273.1014099,168.4581909,268.1238709,231.3646088,267.3392944
365671.9422,1428,135.187439,271.4472656,198.7516327,271.059082,177.6837158,266.5688171,240.3345337,266.1950073,129.9349365,272.9136047,193.3569794,272.6931152,171.8627319,267.6947632,234.735672,266.9649963
365671.9578,1429,138.870224,270.5450439,202.5684052,270.3220215,181.5052185,265.7418823,243.8392792,265.8968811,133.8474426,272.4273376,197.2667999,272.2811279,175.824234,267.2435608,238.6446075,266.6135254
365671.9742,1430,143.0209961,270.0431824,206.6894226,269.7559204,185.8554688,265.595459,247.9463501,265.3159485,138.1694641,272.0193176,201.6160126,271.8612671,180.2575989,266.8890381,242.9999084,266.3003845
365671.9909,1431,147.8942413,269.4613037,211.1933441,268.7732544,190.4317322,265.2754517,252.6906738,264.9848938,143.0431061,271.4033203,206.4436035,271.2007751,185.2157288,266.379303,247.8480225,265.8124695
365672.0078,1432,153.3026886,268.6983643,216.0709686,267.8378906,195.475708,264.8843689,257.5085144,264.2468872,148.4702301,270.6365051,211.6443634,270.3355408,190.6994019,265.7358704,253.0773773,265.151886
365672.0246,1433,159.0035248,267.8498535,221.1565857,267.1352539,201.1794739,264.4327087,262.5481873,263.8269348,154.2985382,269.8280029,217.1165924,269.4450073,196.5529938,265.0859375,258.5755615,264.512207
365672.0409,1434,165.0082245,267.138855,226.6390076,266.550354,207.4283142,264.0134583,268.4111938,263.634552,160.550354,269.0845032,222.9572601,268.6647034,202.8730164,264.512146,264.450592,263.9988709
365672.0576,1435,171.3765717,266.2738647,232.9888916,265.8910522,213.6188965,263.7483521,274.5512695,263.0346069,167.1372833,268.3433838,229.1345673,267.8717041,209.4907837,264.0218506,270.6652222,263.500061
365672.0745,1436,177.3683929,265.2622681,239.4127655,265.0287781,219.4268799,262.9307251,281.1997681,262.6897583,173.8534546,267.5568237,235.7127533,267.0906982,216.211853,263.4822693,277.2766418,263.0170288
365672.0916,1437,184.3206024,264.4093018,246.2693787,263.4873657,226.3540649,262.2773132,287.9494019,261.9610901,180.8510437,266.6394653,242.6402893,266.0921936,223.2207642,262.8259888,284.2037048,262.3665466
365672.1083,1438,191.0100555,264.0234985,252.4305115,263.2591553,233.2733612,262.2315979,294.7507324,261.8327942,188.0691834,265.9170837,249.67659,265.2959595,230.447052,262.3746338,291.2809448,261.9100342
365672.1242,1439,198.2701263,263.5106812,259.0222778,262.6798096,240.6152039,262.1489868,301.3768311,261.4887085,195.5190582,265.2471008,256.8239441,264.554657,237.8703003,262.0125732,298.4833984,261.4986572
365672.1409,1440,205.8298798,262.3543701,266.1796875,261.9561768,247.9879608,261.7295227,308.5974426,261.3287354,203.1786194,264.5028992,264.1551514,263.8388672,245.5016785,261.6228333,305.8841858,261.1359253
365672.1581,1441,213.1244965,261.9457397,273.6994629,261.5297546,255.5035858,261.6278687,316.015686,261.0224609,210.933136,263.7983704,271.6806641,263.1902161,253.2348785,261.2920837,313.4968262,260.8137512
365672.1747,1442,220.7308197,261.8652954,281.1558838,260.815918,263.1816711,262.1242981,323.6461182,260.8265991,218.8038635,263.2675171,279.3524475,262.5447388,261.0736389,261.1534424,321.2713623,260.5391846
365672.1912,1443,227.9040222,261.6183472,288.9688721,260.4915161,270.7872925,262.1123657,331.4594421,261.3089905,226.6291351,262.8206482,287.2210083,262.0281067,268.9277344,261.0965576,329.2227173,260.4063721
365672.2076,1444,236.0379334,261.4512939,296.6939697,260.3588257,278.3298035,262.2182007,339.3718567,261.4924622,234.5621948,262.4640808,295.1822815,261.5958862,276.870697,261.1217651,337.287323,260.3678589
365672.2245,1445,244.1254578,261.0200806,304.7844238,260.3372192,286.4459229,262.2641907,347.3433533,261.9444275,242.6491699,262.1339111,303.2337341,261.2885132,284.969696,261.1800232,345.4360657,260.4701233
365672.2414,1446,252.1027222,261.2985229,312.4996948,260.6087646,294.5412292,262.8138733,355.1560059,262.3635559,250.8554993,261.9659119,311.2929077,261.1479187,293.1775513,261.3987427,353.5689087,260.71875
365672.258,1447,260.1621094,261.2700806,320.526123,260.8239136,302.4348755,263.3104553,362.9486694,262.7932739,259.1098022,261.8967285,319.4068909,261.1132507,301.4344177,261.710083,361.7545776,261.0862122
365672.2747,1448,268.18927,261.1452637,328.6115723,261.6209106,310.4648743,263.566925,370.5053711,263.4621887,267.2916565,261.8324585,327.5644836,261.2907104,309.6343384,262.0419006,369.9210815,261.61203
365672.2914,1449,276.0322876,261.9047241,336.4310303,261.9269409,318.1083679,264.4613037,378.0324097,263.7093506,275.4233704,261.9299011,335.6934814,261.4963074,317.7696228,262.5300293,378.0435181,262.0933533
365672.3088,1450,283.8494263,262.635437,344.4105835,262.5698853,325.6575928,265.39328,385.6294861,264.6044312,283.4472351,262.1914673,343.7756348,261.8345032,325.7555542,263.1707459,386.033905,262.7199707
365672.3243,1451,291.4610596,263.4900513,352.3428955,262.9120789,333.1323853,266.1116943,393.5632019,265.368866,291.359314,262.5579834,351.7833252,262.1750183,333.6114807,263.8692017,393.947052,263.3644714
365672.3417,1452,298.7962646,264.12146,359.1941834,263.5179443,340.3179932,266.5840149,400.8050537,266.1732788,299.0838318,262.9040222,359.4859619,262.5214539,341.2829895,264.4725342,401.5824585,263.9844666
365672.3577,1453,306.1681519,264.9430542,366.7838135,263.9377136,347.1439819,267.301178,407.6655273,267.1444702,306.6043396,263.2636719,367.0280762,262.821991,348.686554,265.0551758,409.0050354,264.5945129
365672.3743,1454,312.9631348,265.4316406,373.5340271,264.4517212,353.8984375,267.9826965,414.2345886,267.9664917,313.8493042,263.9633789,374.2533875,263.4743042,355.8052063,265.9458923,416.0812073,265.5388184
365672.3909,1455,319.6878052,265.9307251,380.3101501,265.8018799,360.0052185,269.0132446,420.6439819,269.1143494,320.7431335,264.8110046,381.2216187,264.4151001,362.4852295,267.0092468,422.8696899,266.687561
365672.4081,1456,325.3890991,266.6843872,385.9750366,266.0586548,365.8692322,269.7926636,426.3361816,269.8064575,327.1362915,265.6922913,387.7024231,265.2838135,368.727417,268.0856323,429.1574402,267.7741089
365672.4247,1457,330.8192749,267.3388672,391.6075134,267.2682495,370.893158,270.4642639,431.7211914,270.7893372,333.0374146,266.5435791,393.7621155,266.2503052,374.4413147,269.093689,435.0133667,268.9000854
365672.441,1458,335.6729126,267.8364868,396.4593201,267.7953491,375.7719116,271.2723694,436.5120544,271.6596069,338.4255066,267.3634644,399.25177,267.1697388,379.6344604,270.0735779,440.2860718,269.9953003
365672.4578,1459,340.2562866,268.4628296,401.0645447,268.5007935,380.1075134,272.2118225,440.5773621,272.0931702,343.2921753,268.1280518,404.1716003,267.9786072,384.2993164,270.9805908,444.9634094,270.9394226
365672.4754,1460,344.8204346,268.4765015,405.1533203,268.6226807,383.7642517,272.7093201,444.6884155,272.4060364,347.7129517,268.6322632,408.5393066,268.5689392,388.4424438,271.6357117,449.134552,271.6916199
365672.4915,1461,348.1785584,268.6974487,408.3787231,268.6358643,387.0960388,272.719635,447.5974121,272.936554,351.5201111,269.0230103,412.1927185,268.9906921,391.9863892,272.1486206,452.5894165,272.3232117
365672.5078,1462,350.9124146,269.3596191,411.1143188,268.9564209,389.9676514,273.388031,450.1439819,273.4140015,354.7032471,269.4554138,415.1935425,269.3616943,394.9401245,272.6868591,455.4078064,272.8961487
365672.5246,1463,352.8453979,269.1015015,413.6307983,268.9901123,391.7029419,273.7981262,452.2764587,273.6918335,357.1605225,269.738739,417.6945801,269.6101074,397.1629028,273.143158,457.6942749,273.3316345
365672.5413,1464,354.5152283,269.2839966,414.797699,268.6394653,393.010498,274.1409912,453.664917,273.632843,358.9688721,269.9348145,419.446106,269.6634521,398.7190552,273.5387573,459.2171631,273.5798035
365672.5582,1465,355.3771973,269.1056519,416.0817261,268.5342407,393.8233032,273.8742371,454.3902588,273.4526978,360.1018066,269.9679871,420.6051331,269.5943604,399.6411743,273.7727966,460.1617737,273.6533813
365672.5748,1466,355.9720459,268.8117676,416.1764526,268.1965027,393.930603,273.7176209,454.6056519,273.4183655,360.6419678,269.8496094,421.0606689,269.3885803,399.9332886,273.850647,460.4280396,273.5898438
365672.5914,1467,355.4050293,268.1063232,415.3363037,267.8814697,393.5127869,273.096344,453.9745483,273.2929993,360.4773254,269.5311584,420.7776489,269.1151733,399.5845032,273.6911621,460.0037231,273.4913635
365672.6081,1468,354.4561768,267.7092896,414.9888611,267.1378174,392.4343262,272.772522,453.0527344,272.6540222,359.6584778,269.1128845,419.9644775,268.6398315,398.5571594,273.435791,458.9990845,273.1633911
365672.625,1469,353.010437,266.814209,413.0687866,266.5482178,390.6651001,272.0493469,451.4055176,272.1196899,358.1635132,268.4991455,418.4500427,268.0803223,396.8605957,272.9978638,457.3365784,272.7747192
365672.6412,1470,350.5415649,266.0150146,410.5609741,265.9280396,388.1723022,271.018158,449.0463257,270.7714844,355.9431152,267.7752686,416.2215881,267.4276733,394.4345093,272.4046021,454.9775085,272.2037048
365672.6576,1471,347.9720459,265.2532349,407.7236938,264.8908081,385.7957459,270.3426819,446.1679688,269.7325134,353.1939697,267.0504761,413.3399963,266.660553,391.5163879,271.7915039,452.0068665,271.5406799
365672.6748,1472,344.4998779,264.4926147,404.4404297,264.0452271,382.548584,269.4920349,442.9389038,269.225769,349.8342896,266.3443909,409.9446716,265.9226379,388.0821228,271.1493225,448.525177,270.9191895
365672.6909,1473,340.796875,263.6205444,400.4837341,263.2097168,378.901947,268.3669739,438.9359741,268.1218872,345.9745789,265.6551819,405.9230957,265.2539063,384.1546936,270.5204468,444.4397278,270.3014526
365672.7076,1474,336.5471802,262.8775024,395.7748413,262.2052612,374.9610291,267.6209106,434.5441589,266.7991028,341.6668091,264.4592896,401.2972412,263.9891663,379.7934875,269.3841248,439.7921753,269.0480652
365672.7242,1475,331.4805298,261.5108643,390.8257751,261.3607788,370.1569824,266.2252502,429.7756042,265.821991,336.7550964,263.003479,396.1975098,262.5809326,374.8666992,267.9298096,434.7177734,267.619751
365672.7414,1476,326.3969116,260.8764038,385.9046326,260.3766479,365.0972595,265.1942749,425.0773926,264.856842,331.4051209,261.6139221,390.7637329,261.1455994,369.5338135,266.4953308,429.3094788,266.1416626
365672.7583,1477,321.4730835,260.3984985,380.0995483,259.25354,359.9264832,264.2027283,419.3630371,263.6803589,325.7922058,260.3285522,384.8773499,259.6757507,363.9214783,265.1295776,423.502655,264.6308289
365672.7746,1478,315.5192871,259.4575195,374.3392029,258.7408447,353.9140625,263.1076355,413.5869141,262.8345032,319.7595215,259.1587219,378.6871643,258.4440613,357.9251709,263.8551331,417.3806763,263.3051147
365672.7916,1479,308.391449,258.7796631,368.1050415,257.5570068,347.7717285,261.881012,407.547821,261.6079407,313.2008972,258.1542053,372.158844,257.3676147,351.4725647,262.6932068,410.9194031,262.1152954
365672.8086,1480,302.0570679,258.2627563,361.4162598,257.7709351,341.3518982,261.1351624,401.0109863,260.9805298,306.3748169,257.36203,365.3456726,256.6312866,344.7562256,261.7184753,404.2338257,261.1867676
365672.8248,1481,295.1891479,257.3727417,354.8510742,256.9197998,334.6916809,260.1375427,394.3996582,259.7564697,299.2541809,256.5737915,358.336853,255.9177704,337.7895813,260.7243652,397.3259888,260.2453308
365672.8414,1482,287.906189,256.6826782,347.5970459,256.6057129,328.0066528,259.5204163,387.6277771,258.9993591,291.8231506,255.8382263,351.0564575,255.2933502,330.5643616,259.8083496,390.1743774,259.4167786
365672.8581,1483,280.3519287,256.8168945,340.0625,256.1889038,320.8866577,259.1198425,380.3838501,258.459259,284.1679382,255.3700867,343.499054,254.765564,323.1350708,259.1080017,382.7733765,258.6747131
365672.8755,1484,272.7925415,256.500946,332.4541626,256.1293335,313.7366028,258.3853455,372.8378906,257.7173157,276.3250427,255.0045471,335.7305908,254.4335785,315.5334473,258.4828796,375.1620178,258.043335
365672.8914,1485,264.9963989,256.5523682,324.711792,256.0864868,306.5661011,258.1260071,365.1490479,257.2698364,268.3416138,254.8115997,327.7519836,254.246933,307.8387451,258.0255432,367.3488464,257.5459595
365672.9081,1486,257.1236267,256.8838501,317.0681152,255.6519012,298.506958,258.013031,357.6835938,257.1442261,260.196106,254.8780365,319.669281,254.1032867,299.9406738,257.790802,359.4199829,257.1438599
365672.9246,1487,249.263031,256.9329834,309.0588379,256.3027954,290.779541,257.9485474,350.3909912,257.330658,251.9328613,255.0155792,311.4900818,254.2568207,291.9141235,257.6200867,351.4393005,257.011261
365672.9413,1488,241.3900604,257.1251221,301.5080566,256.4111938,282.9227905,257.8951111,343.0579834,257.5532532,243.6131287,255.2757111,303.4141235,254.553299,283.8304138,257.5845642,343.5614624,257.0295715
365672.9581,1489,233.4559784,257.1288452,293.4572144,256.7722778,275.1394348,257.7080078,335.3539429,257.3368225,235.333313,255.5853882,295.2450256,254.9180298,275.8197632,257.6254883,335.6117859,257.0724487
365672.9748,1490,224.8992157,257.7470703,285.5840454,257.7381592,267.1070251,258.1538391,327.1665955,257.5469055,226.9093323,256.0708313,287.040863,255.5302429,267.7135315,257.8406677,327.6022034,257.3275757
365672.9921,1491,217.4438171,258.2474976,277.9395752,257.6292114,259.24823,258.0582886,319.3389282,257.6468506,218.5915833,256.5926514,278.9172668,256.0563354,259.5978088,258.0882568,319.6416626,257.5175781
365673.0076,1492,209.6029511,258.3582153,269.7883301,258.4900513,251.8919678,258.4745178,311.607605,258.1672363,210.397995,257.1408691,270.7690125,256.791748,251.653717,258.4067993,311.678772,257.9586182
365673.0246,1493,201.5251312,259.5144043,262.1574097,258.8780518,243.9942017,258.9003601,304.034668,258.3078308,202.2211914,257.7861328,262.7581482,257.4124451,243.7241364,258.7705078,303.861969,258.2954102
365673.0415,1494,194.2891083,260.1592407,254.618103,259.9707031,236.5667114,259.2171936,296.5614624,258.6134949,194.2967529,258.3959656,254.9027863,258.0692749,235.9811249,259.0653687,296.1659851,258.6396484
365673.0579,1495,186.8766479,260.8051758,248.0415497,260.4512939,229.5645142,259.5305176,289.8358765,259.0799866,186.5840149,258.9597473,247.4123077,258.635498,228.4478149,259.3309937,288.7982483,258.9024048
365673.0744,1496,179.8531342,261.5919189,241.3974304,261.211853,222.4516907,260.0285339,283.1762085,259.6565247,179.1358643,259.4573669,240.2117004,259.1268005,221.1375427,259.5413513,281.7138977,259.1317749
365673.091,1497,173.8151703,262.0214233,234.9885254,261.8783569,216.1802368,260.4613647,276.586853,260.1158142,172.2042084,259.8522949,233.2938538,259.5290527,214.2721558,259.6750793,274.8928223,259.2885437
365673.1081,1498,167.476593,262.8338623,228.7619476,262.4674072,209.3464813,260.8995667,270.47995,260.3246155,165.50737,260.4978027,226.7295074,260.1747131,207.6158752,260.0653076,268.4203491,259.6312561
365673.1247,1499,161.6145782,263.276825,222.9235077,262.9670105,203.6813049,261.3481445,264.4896851,260.773468,159.2479553,261.2490845,220.5574188,260.9243774,201.4023132,260.571228,262.2677612,260.1124878
365673.1412,1500,156.1435089,264.1691589,218.0535889,263.4805908,198.5624695,261.7975159,259.4279175,261.216217,153.4629211,262.0404968,215.0061951,261.6718445,195.6911316,261.1008606,256.7019043,260.5760803
365673.1587,1501,150.7545471,264.600647,213.3097382,264.0027466,192.9403992,262.040863,254.5752258,261.7063599,148.0223236,262.7171631,209.9593353,262.3260803,190.2923889,261.5159302,251.6024475,260.9919128
365673.1747,1502,146.2236633,265.3930054,208.9823608,264.4822388,188.6418457,262.4754944,250.2885437,262.0540161,143.0808716,263.4436035,205.3840332,262.9605713,185.3684692,261.9653625,247.0041046,261.4399719
365673.1913,1503,142.3228302,265.8772583,204.9789734,265.300293,184.3779755,262.8492126,246.2327118,262.3905334,138.6797028,264.0769653,201.2772369,263.5778503,180.9881897,262.3621521,242.8851776,261.813324
365673.2086,1504,139.1327362,266.3108521,201.467453,265.9158936,181.2412415,263.4469299,242.8469696,262.9163208,134.9817352,264.7003479,197.6512299,264.2062683,177.2751923,262.7371826,239.2225189,262.2186584
365673.2242,1505,135.905304,266.8215942,198.4989929,266.4244995,178.02771,263.6457825,239.9815674,263.1315308,131.7236176,265.2839661,194.5324249,264.7919006,173.9881897,263.1072998,236.0708313,262.5773926
365673.241,1506,133.5118713,266.8797607,195.9810791,266.6896973,175.6263428,263.6791077,237.1196289,263.23526,129.0594788,265.7598572,191.8424683,265.2946777,171.3104553,263.394989,233.313797,262.905426
365673.2578,1507,131.9054718,266.9988403,194.4184265,266.9674072,173.9116211,263.7809143,235.4056396,263.2709351,127.0667877,266.1504517,189.8317413,265.742157,169.2609558,263.6236572,231.2358093,263.1591187
365673.2749,1508,130.6914673,267.5292664,193.1999207,267.4246216,172.754425,264.1428833,234.4737244,263.598999,125.6677704,266.5509033,188.4606781,266.1899109,167.8172913,263.8721313,229.8226624,263.4176941
365673.2912,1509,130.1652374,267.1171875,192.5408936,267.3730469,172.1823425,263.8356018,233.5283203,263.4573364,124.9743576,266.7879639,187.6377563,266.5345154,167.0948792,263.9657898,228.9488373,263.5828552
365673.3083,1510,130.2970276,267.5428467,192.6897888,267.4377136,172.4922791,264.1163635,234.0334473,263.4915466,124.9058533,267.0321045,187.5179749,266.8009644,167.0534973,264.0855713,228.7978668,263.6990356
365673.3246,1511,131.0381775,267.0233765,193.7870483,266.9307251,173.2380371,263.6230164,235.0388489,263.3012085,125.52771,267.1106262,188.1145477,266.9190674,167.6864471,264.0414429,229.3682404,263.6974792
365673.341,1512,132.227829,267.0039673,194.6614685,266.5617065,174.2492371,263.5697632,236.1292114,262.8469849,126.7871246,267.1346436,189.2828522,266.9058228,168.912735,263.9769287,230.5443268,263.5633545
365673.3576,1513,134.1497192,266.52771,196.9268494,266.2302856,176.4307861,263.3999329,238.0449677,262.801178,128.6408997,267.044342,191.175827,266.8224792,170.7744446,263.8392639,232.4250183,263.3856201
365673.3742,1514,136.3164215,266.0415039,199.4844666,265.8126221,178.6383057,262.8332214,240.3067017,262.3930664,131.0485992,266.8396301,193.7084808,266.6416016,173.174118,263.610321,234.9173431,263.1221313
365673.3914,1515,139.1855011,265.6260376,202.1914978,265.2432861,181.6155701,262.384552,243.3452759,261.9946594,134.0011292,266.573822,196.7752533,266.3677673,176.1578979,263.3267517,237.9757843,262.8200989
365673.408,1516,142.8390961,264.9086609,205.8872528,264.493866,185.0706482,261.997406,246.8296814,261.4706421,137.5984497,266.2591248,200.4490509,266.0255737,179.7654724,263.0081177,241.6131592,262.4758911
365673.425,1517,147.0236664,264.0463562,209.5009003,263.5055542,189.2730408,261.4129639,250.447998,260.8366699,141.750473,265.8463135,204.5454407,265.5702209,183.9280701,262.6405029,245.6649323,262.0725403
365673.441,1518,151.820694,263.4379272,213.9469604,262.8416138,193.9163513,261.1117554,255.0871582,260.3575134,146.4707947,265.4483948,209.0977783,265.1223755,188.6468201,262.3154602,250.2174072,261.7055664
365673.4581,1519,156.2433929,262.9830933,218.1713715,262.3085938,198.4786835,260.6027527,259.6567383,260.1158752,151.5249023,264.9000549,213.9618988,264.5111084,193.7200317,261.8368835,255.1230469,261.2196045
365673.4754,1520,161.6851501,262.5192261,223.6600342,261.9070435,203.7737732,260.1950989,264.644104,259.9325562,157.0324097,264.2782288,219.3010254,263.8471375,199.2296753,261.3036194,260.4380188,260.7098999
365673.4918,1521,167.3876801,261.7582703,228.9789429,261.3084717,209.3256073,259.7905884,269.9310913,259.4133301,162.9194946,263.5835571,224.8935699,263.1349487,205.1101685,260.7184143,266.0276184,260.1661072
365673.5083,1522,173.4575653,261.0575562,234.9272461,260.6064453,215.5073853,259.3930359,275.6712036,259.2980347,169.2223816,262.9322205,230.8866425,262.4865112,211.4009247,260.2139282,271.9707336,259.7374268
365673.5254,1523,179.3019714,260.7296753,240.8090057,260.1258545,221.2589722,259.0210571,281.8040161,258.9491272,175.7056732,262.3157043,237.1990356,261.8734436,217.8639832,259.7383728,278.2617188,259.3287659
365673.5416,1524,185.9309998,260.2092896,246.7793427,259.3486938,227.4852753,258.8005066,288.1299744,258.791748,182.4254303,261.7594604,243.6786652,261.2677917,224.5448151,259.3509216,284.7315979,258.9862976
365673.5582,1525,192.0844116,259.9667358,253.2286072,259.1469727,233.9024658,258.697876,294.6560974,258.730896,189.2837982,261.281311,250.399704,260.7519836,231.3645935,259.0276794,291.4783936,258.7215881
365673.5747,1526,198.8986053,259.7560425,259.2090454,258.5916748,240.6865234,258.9597473,301.0552368,258.3700256,196.295166,260.8765259,257.1463623,260.2327576,238.3314667,258.8238831,298.3103943,258.4688416
365673.5916,1527,206.1304169,258.8696289,266.1323242,258.0094604,247.4077759,258.8268127,307.7432251,258.3493347,203.4799347,260.4210815,264.0854797,259.730011,245.420166,258.6350098,305.2875977,258.2651367
365673.6076,1528,212.4302979,258.9216309,272.6676636,258.2313843,254.5773621,258.8753967,314.2041626,258.1662903,210.6458435,260.0693054,271.0652466,259.3383789,252.5790405,258.5219727,312.3168945,258.1200256
365673.6249,1529,219.3917236,258.3042603,279.9220581,257.5508423,261.3688354,258.749115,321.5076294,258.430603,217.8712006,259.690918,278.2123108,258.9373779,259.7817078,258.400116,319.5171509,258.01474
365673.6414,1530,225.9368591,258.7888184,286.6669312,257.6010742,268.1523743,259.173645,328.3323669,258.4342346,225.0538788,259.4839783,285.401062,258.6090393,266.9743652,258.4190979,326.7496643,257.9628296
365673.6583,1531,232.832077,258.539032,293.6212158,257.7494507,275.1586609,258.9571228,335.3642578,258.7521362,232.1831665,259.2700806,292.5888062,258.3878174,274.1112671,258.438385,333.9588928,258.0079041
365673.6752,1532,239.9313965,258.539978,300.2974548,257.8493652,282.041626,259.3625183,342.386322,258.9864807,239.3241119,259.1234131,299.7270508,258.2508545,281.2540283,258.5539551,341.189209,258.130249
365673.6913,1533,247.0973816,258.579895,307.3814087,258.0856934,288.8895264,259.8952026,349.3915405,259.2661438,246.4661407,259.0481873,306.859436,258.1903076,288.3839111,258.7522888,348.4097595,258.3259583
365673.708,1534,254.0667114,259.0178833,314.1715698,258.3192749,295.7743835,260.2770081,356.31427,259.6675415,253.6169891,259.0769348,313.9376221,258.2306824,295.5062256,259.0246887,355.6044922,258.587738
365673.7251,1535,260.9322205,258.9102783,321.0817871,258.6671143,302.542511,260.5111389,363.0803223,260.1610107,260.6506653,259.0790405,320.9750977,258.3293152,302.5110168,259.3025818,362.7255859,258.9089355
365673.7409,1536,267.5733643,259.4318542,327.3703613,258.9685059,309.4569702,260.9926147,369.2647095,260.3684082,267.5930786,259.1552734,327.7886963,258.4598694,309.4808655,259.6262817,369.5845032,259.2025452
365673.758,1537,274.1043701,259.9000244,334.2547607,259.7911987,316.0342712,261.5462952,376.1254883,260.8929443,274.3783264,259.2735291,334.6041565,258.6731262,316.2754517,259.9874573,376.4368896,259.5422974
365673.7747,1538,280.2605591,260.1357117,340.5442505,260.2006226,322.1416321,261.9438477,382.1131592,261.2357788,280.9488525,259.4176636,341.1664734,258.9093018,322.8537292,260.3486328,382.9761047,259.8832092
365673.792,1539,286.5529175,260.7051392,347.0473022,260.647522,328.2792358,262.5485229,388.4396362,261.4565125,287.3688354,259.6098938,347.6291809,259.148468,329.3111267,260.6980591,389.4205933,260.1614685
365673.8081,1540,292.35849,261.0740967,353.0519409,260.7427368,333.996521,262.7601929,394.2327881,262.2339478,293.5482788,259.9363098,353.8121643,259.5053101,335.4481506,261.1688232,395.5739441,260.6480103
365673.8245,1541,298.4692383,261.6326904,358.5617676,260.6864624,339.2837524,263.3701477,399.7206726,262.4126587,299.5171204,260.3334351,359.7478333,259.8543396,341.3200989,261.6736755,401.4740601,261.0675659
365673.8415,1542,303.5805664,261.6990356,364.0301514,261.1663818,344.4734497,263.4516296,404.6379395,262.9537964,305.1029968,260.6870117,365.3554077,260.2261047,346.7957764,262.1412659,406.9934998,261.5188599
365673.8582,1543,308.5829468,262.1907349,369.2297363,261.4542236,349.3044434,263.8704224,409.6239624,263.3281555,310.348053,261.0398254,370.6871948,260.5749512,351.907074,262.5991821,412.2128906,261.9403076
365673.8755,1544,313.3971558,262.1793213,373.6544189,261.6234741,353.7341919,264.2069397,414.0874023,263.7731323,315.2455444,261.3362427,375.6016541,260.8860168,356.6567993,262.9960022,416.9893494,262.3357544
365673.8918,1545,317.5430603,262.6725464,377.9240723,261.8228149,357.6532593,264.664093,418.4524841,264.4841003,319.7046509,261.6741333,380.1664124,261.1923828,360.9757385,263.3902588,421.4306335,262.7655334
365673.9084,1546,321.1203613,262.7977905,381.9179077,262.2249146,361.3804626,264.9623718,422.1981812,264.691925,323.708313,261.9762878,384.3462219,261.5009766,364.8587646,263.7678833,425.4552612,263.1673279
365673.9242,1547,325.1170654,262.8076172,385.0672607,262.3021851,364.7358093,265.3109131,425.1949463,264.8945618,327.403595,262.2426453,388.0023804,261.7715149,368.388092,264.109436,428.9555054,263.5294189
365673.941,1548,327.3994751,263.0204468,387.8015747,262.6721191,367.5014648,265.5323792,427.8231201,265.2996216,330.5336914,262.4849854,391.0636597,262.0413818,371.3697205,264.4310303,431.8607178,263.9015808
365673.9578,1549,330.0894165,263.3395386,390.2973022,262.8213501,370.0415039,265.9716187,430.3338623,265.6615906,333.2686462,262.7364807,393.7186584,262.278717,373.9398499,264.764679,434.362854,264.2837524
365673.9751,1550,332.1766357,263.5135498,392.5383911,263.2827759,371.8147583,266.1593323,432.3436279,265.7386169,335.4905701,262.9686584,395.9002991,262.5207825,375.9748535,265.0666504,436.397522,264.6442566
365673.991,1551,333.7825317,263.4400024,393.9484863,263.2787476,373.2327271,266.2343445,433.8436279,266.1807556,337.2418823,263.147644,397.6031799,262.7185669,377.536499,265.3248901,437.975647,265.016449
365674.008,1552,334.8317871,263.6920776,394.8609314,263.2432861,374.0866699,266.3260803,434.5447693,266.3126526,338.4657593,263.310791,398.7520142,262.8961792,378.5617676,265.5670776,438.9997253,265.325592
365674.025,1553,335.0510254,263.7128601,395.4137573,263.2457275,374.5599976,266.3179016,435.1259155,266.4431152,339.1088867,263.4380188,399.4031677,263.0344543,379.0961304,265.766571,439.5303345,265.5864563
365674.0415,1554,335.0779724,263.6731567,395.6814575,263.0606689,374.4289551,266.1260071,435.1722412,266.4631653,339.223053,263.5149536,399.5627747,263.1119995,379.0817871,265.9018555,439.5968628,265.798584
365674.0581,1555,334.5823669,263.6340332,394.8282166,263.0276489,374.0457459,266.2513428,434.3587341,266.255249,338.8334961,263.5578613,399.1190186,263.1389771,378.5874023,266.0228882,439.0811157,265.938385
365674.0749,1556,333.8704224,263.4143066,394.1442261,262.9124146,372.9354248,266.3012085,433.516449,266.2164612,337.9703979,263.5561829,398.2311707,263.1238098,377.6182861,266.0928345,438.1048584,266.0194092
365674.0909,1557,332.6483765,263.2892456,392.5858765,262.6811523,371.9713745,266.2634583,432.0897827,265.9309692,336.6739197,263.5257874,396.8536072,263.0788879,376.2562256,266.1443176,436.6419373,266.0235291
365674.1084,1558,330.7189941,262.8387451,390.7609863,262.3490601,370.1057129,266.0324402,430.0732422,265.7427979,334.8643494,263.4371948,395.0080566,262.9796448,374.3738403,266.1414795,434.7156982,266.0015564
365674.1247,1559,328.3146973,262.7697144,387.8347168,262.3181152,367.8065186,265.7794189,427.6995544,265.4048462,332.5905151,263.3445129,392.5424194,262.8699341,372.089447,266.0910034,432.2281799,265.9329834
365674.1411,1560,325.8284302,262.5845947,385.4331055,261.7560425,364.9371948,265.521759,425.169281,265.0643005,329.8633118,263.2268066,389.6960449,262.6902466,369.27948,266.008728,429.3580322,265.8100281
365674.1579,1561,322.3995972,262.1827393,382.0812378,261.8815308,362.1062927,265.080658,422.0740967,264.9922485,326.6973572,263.0640259,386.4028931,262.5498657,366.0930786,265.868103,426.0612183,265.6921997
365674.1747,1562,319.1688843,261.519165,378.8813477,261.3977051,358.5952148,264.3149109,418.8797607,264.275177,323.1582336,262.82901,382.828186,262.3390808,362.5362854,265.6455994,422.5026245,265.5165405
365674.1924,1563,315.319397,261.7316589,374.8547363,261.2082214,355.0327148,264.009613,414.9964294,263.9783325,319.2629089,262.6636963,378.8491516,262.1577148,358.6629028,265.4372253,418.5441284,265.3241882
365674.208,1564,311.4152832,261.7617798,370.630127,260.8914185,351.1312866,264.0118103,411.1065674,263.5204773,315.0721436,262.4405518,374.5150452,261.8821106,354.5105591,265.1821289,414.276062,265.0118713
365674.2242,1565,307.2730103,261.5236816,366.5460205,260.8704224,346.9833679,263.5558777,407.0175781,263.0765076,310.6194153,262.1964722,369.9885559,261.6181641,350.0746155,264.8902893,409.8128662,264.6653442
365674.2409,1566,302.673584,261.262085,362.2349548,260.5133057,342.6525879,263.1216736,402.5905762,262.4022827,305.8881226,261.9222717,365.2912292,261.3239746,345.3956604,264.5666199,405.1876221,264.2450256
365674.2577,1567,298.2784424,260.8938599,357.8323975,260.3204346,338.257843,262.5958862,398.2026062,262.0864868,301.0265808,261.6309814,360.4297791,261.0342407,340.5771179,264.1990662,400.3961182,263.8334961
365674.2748,1568,293.3625488,260.6307983,353.4239502,260.0187988,333.8396606,262.3192444,393.8427124,261.7337036,295.9860229,261.361969,355.5465393,260.7557678,335.6542358,263.8302002,395.6000977,263.4226074
365674.2917,1569,288.263855,260.6323242,348.7412109,259.9140625,329.1417847,261.9964905,389.1917419,261.5362854,290.843811,261.1468201,350.588623,260.5221863,330.6416016,263.480835,390.7210693,263.0534058
365674.3081,1570,283.9168701,260.3446655,344.000824,259.8840942,324.8838196,261.8755493,384.5522461,261.3297424,285.7928162,260.9467773,345.5835876,260.3299561,325.72229,263.1422729,385.8193054,262.698822
365674.3247,1571,279.6292419,259.6414185,339.505127,259.5540771,320.3530884,261.2452698,380.1372986,260.8587036,280.8339233,260.6758423,340.6174316,260.1132507,320.8660584,262.7541809,380.9170837,262.3336182
365674.3409,1572,274.9780273,259.9908447,334.667572,259.6129761,315.8215637,261.397522,375.3458252,260.6870117,275.9027405,260.4985962,335.6574097,259.9537048,316.0794373,262.4494019,376.0355835,261.9878235
365674.3585,1573,270.1616211,259.913269,330.1020508,259.7425537,311.4806519,261.2302551,371.1445313,260.7727051,271.0273438,260.3476868,330.7975159,259.8469543,311.3384094,262.166748,371.2631531,261.7077332
365674.3748,1574,265.9399414,259.3353882,325.1759644,259.6682739,307.0415039,260.7994995,366.2546387,260.5608215,266.2886963,260.1470947,325.9353027,259.7546082,306.7393799,261.8551636,366.4909668,261.4499817
365674.3916,1575,261.1953125,259.6784668,321.2549438,259.0823975,302.723175,260.8414612,362.2801209,260.1915894,261.6054688,260.004364,321.3028259,259.6098938,302.2073364,261.6195374,361.9320984,261.1668396
365674.4085,1576,257.1799927,259.746582,317.1136169,259.2943115,298.566925,260.9146118,358.2467957,260.4795227,257.119751,259.9053345,316.842926,259.5328979,297.8608704,261.4303284,357.5269165,260.9695435
365674.4246,1577,253.0466003,259.7283325,312.9899292,259.0526733,294.2349854,260.6130066,354.3486328,260.0871887,252.7569733,259.8170166,312.5552979,259.425293,293.6212769,261.2463989,353.3132324,260.7643127
365674.4415,1578,248.7823486,259.7221069,308.899292,258.9227295,290.1523743,260.6086731,350.4128418,260.2566223,248.4802246,259.7518005,308.3876343,259.326416,289.4604492,261.1000977,349.2420654,260.6192017
365674.4581,1579,245.4546356,259.4869385,305.3619385,259.1399536,286.7467651,260.2975769,346.7633667,260.1460876,244.5274963,259.670105,304.4622192,259.2715759,285.6170959,260.9441528,345.4025879,260.5010071
365674.4747,1580,242.1454773,259.324646,301.8901367,258.9992065,283.4347534,260.1396179,343.2999268,260.2052612,240.8480377,259.5825806,300.7835083,259.2158508,282.0053406,260.783783,341.8064575,260.4028625
365674.4915,1581,238.3356628,259.5457153,298.4742432,259.0059814,279.8674927,260.3592834,339.9030151,260.0244751,237.2254028,259.5456238,297.2861023,259.1748352,278.4371948,260.7009583,338.390564,260.311554
365674.5084,1582,235.1326599,259.7807007,295.2495117,258.9246216,276.8827515,260.4338684,336.6748657,259.8664246,233.8757477,259.5628052,293.9745483,259.1307678,275.1528015,260.644989,335.1518555,260.2254944
365674.5252,1583,232.3171844,259.382019,292.4148865,259.0421143,274.2358093,260.3862,333.7822266,259.8397522,230.8299866,259.5430298,290.9400635,259.0995789,272.206604,260.5752563,332.1786194,260.1520386
365674.5415,1584,229.2636719,259.5018311,289.6393433,258.8552246,271.2480164,260.2576294,331.0415649,259.7599182,227.9272614,259.5281677,288.0873413,259.0470581,269.3989258,260.506134,329.3862305,260.0854492
365674.5582,1585,226.7861786,259.4987183,287.3554688,258.8584595,268.7056274,260.1080017,328.4012146,259.7838135,225.2801209,259.5169067,285.526001,259.0040283,266.8018188,260.4359131,326.8251648,260.0336609
365674.5749,1586,224.3826904,259.0855713,284.9486694,258.9854126,266.4975281,259.8805847,326.2151489,259.8755188,222.8708801,259.48349,283.1058655,258.9751282,264.4770203,260.3467407,324.4206848,260.0045471
365674.592,1587,222.2280731,259.1968384,282.8579102,258.5340576,264.5274048,259.875,323.7702332,259.389679,220.6871948,259.448761,280.9151917,258.9206543,262.3576355,260.2716064,322.2206116,259.9289551
365674.6081,1588,220.5260468,259.1373901,281.5765991,258.7369385,262.512085,259.5269165,322.3673706,259.3411865,218.7655792,259.4023743,279.1360779,258.8821411,260.4859314,260.1603394,320.4129639,259.8420105
365674.6248,1589,218.9246216,258.9378052,279.4321289,258.4970703,260.8575134,259.5758667,320.3043213,259.0982056,217.0506439,259.3373108,277.4475403,258.8297119,258.8330383,260.0747375,318.6838684,259.753479
365674.642,1590,217.4471283,258.8612671,277.8280029,258.2908936,259.6092224,259.3467102,318.9041748,258.8479004,215.5343323,259.2703247,275.9451599,258.7751465,257.3827515,259.9743042,317.14505,259.6341553
365674.6581,1591,216.1867523,258.6358032,276.8987732,257.8766479,258.337616,258.9655151,317.7722778,258.5438232,214.270813,259.1798096,274.7472534,258.6498108,256.1907959,259.8437195,315.9031372,259.4805908
365674.6747,1592,215.2049255,258.9736328,275.8045349,258.2676392,257.3062134,259.224762,316.5125427,258.767395,213.2698212,259.1393738,273.7364807,258.5829468,255.2574615,259.7562866,314.8338928,259.3548584
365674.6918,1593,214.455246,258.8961182,274.8260498,258.3765869,256.4055481,259.0820618,315.7112427,258.5159912,212.4477081,259.0840454,272.9057617,258.5288696,254.4702148,259.6486206,313.9578857,259.2275085
365674.708,1594,213.9844971,259.050415,274.1507568,258.2189331,255.7176971,259.030365,315.2603149,258.678772,211.8677063,259.0332031,272.2817688,258.47052,253.8888092,259.5417175,313.3075562,259.1290283
365674.7247,1595,213.506073,258.8305054,273.480835,258.4329224,255.3573456,258.9553223,314.8154602,258.627594,211.5246429,258.9916992,271.8219299,258.4281311,253.5401306,259.4269409,312.8450012,259.036377
365674.7415,1596,213.3398438,258.7294312,273.1414185,258.2093506,255.0148621,258.964386,314.3656616,258.2279358,211.338028,258.9351196,271.5209351,258.3748779,253.3277435,259.3269653,312.5291748,258.9093018
365674.7583,1597,213.023407,258.8040771,273.1383667,258.3236694,254.853363,258.8585205,314.3433533,258.5097656,211.2718658,258.8871155,271.4297791,258.3414917,253.2541199,259.2326965,312.4512939,258.8143005
365674.7748,1598,213.0667419,259.1177368,273.5001831,258.2976074,254.8261719,258.9717407,314.3681641,258.5922546,211.365921,258.8999634,271.5798645,258.3036499,253.3185577,259.1671448,312.5681763,258.7268372
365674.7914,1599,213.5852966,258.8511353,273.8306885,258.2393799,255.2194061,258.9053345,314.6847534,258.353241,211.705658,258.8807068,271.8811951,258.2850952,253.6028595,259.0958862,312.864624,258.6464539
365674.8097,1600,213.7172546,258.87323,274.2050781,258.1777344,255.649231,258.8695374,315.1278076,258.4367371,212.1381836,258.8649292,272.4197693,258.2502136,254.0308838,259.0473328,313.4142151,258.5828552
365674.8248,1601,214.5940399,258.4834595,274.5078125,258.4018555,256.2503357,258.6392212,315.8084106,258.4065857,212.789444,258.8252258,273.0213013,258.2526245,254.6590881,258.9674377,314.0514526,258.5355225
365674.8416,1602,215.2180023,258.9022827,275.2445679,258.2706299,256.9090576,258.8944702,316.5819702,258.3989258,213.5826721,258.8340454,273.7832947,258.254364,255.4130707,258.9351501,314.8352051,258.5015259
365674.8578,1603,216.0287781,259.1605225,276.5890503,258.2662964,257.6409302,258.8566589,317.2365417,258.3495789,214.4899445,258.8785706,274.7828979,258.2804871,256.2754517,258.9268799,315.815979,258.4790039
365674.8747,1604,216.4879761,259.0252075,276.9232788,258.3490906,258.4821472,258.9739075,317.8639526,258.5752869,215.419632,258.8905029,275.7252808,258.2930603,257.196228,258.9136353,316.7777405,258.4687805
365674.8922,1605,217.5610046,259.0187378,277.8206482,258.5671082,259.2875366,258.9715271,318.8258667,258.5744934,216.4463043,258.9047546,276.7506409,258.3144226,258.2042236,258.9084473,317.8131104,258.479126
365674.9082,1606,218.2853241,259.2553711,278.9014587,258.4168091,260.1934814,259.133606,319.8250427,258.7110901,217.4850311,258.9291382,277.8840942,258.3344727,259.2575378,258.9243469,318.9310608,258.4853821
365674.9248,1607,219.0815277,259.2207642,279.4607544,258.7786255,260.9091187,258.9797668,320.6236572,258.7572632,218.3352814,258.9608154,278.7552795,258.3675537,260.105835,258.9255371,319.7879028,258.5004578
365674.9415,1608,220.2613373,259.2796021,280.5982056,258.5229187,262.2869263,259.2481384,321.6758423,258.7420959,218.7362518,259.006897,279.1030884,258.3911438,260.5360107,258.9494629,320.1235352,258.5407715
365674.9579,1609,220.7417908,259.4521484,281.6612549,258.8012695,263.1079407,259.2313232,322.545105,258.8110657,219.9630737,259.0636597,280.4198608,258.4345398,261.8074951,258.9832459,321.4135437,258.5694885
365674.9746,1610,222.0610352,259.1317139,282.2344971,258.7432861,263.9589844,259.2121887,323.516449,258.7547607,221.2009583,259.0690002,281.6297302,258.4758911,263.0569153,259.0074463,322.6578979,258.5872498
365674.9916,1611,222.781311,259.5673218,283.12323,258.8952026,264.7836304,259.2619934,324.5502319,258.8522339,222.3607178,259.1332397,282.7997742,258.5335693,264.2473755,259.041748,323.8757019,258.6318359
365675.0077,1612,223.9312592,259.6132202,284.3804626,258.7930908,265.7730713,259.3911743,325.4651489,258.6946106,223.5135956,259.1980591,283.9775696,258.5836792,265.3927612,259.0883484,325.0669556,258.6521606
365675.0248,1613,224.578064,259.4042358,285.5118103,258.5610962,266.8423157,259.1462708,326.3378601,258.6440735,224.5913696,259.2681274,285.1348572,258.5939026,266.5212097,259.1239624,326.1847229,258.6689148
365675.0414,1614,225.7297821,259.3057251,286.510498,258.8866577,267.6318665,258.9128723,327.3546753,258.8310852,225.6223297,259.2964172,286.239563,258.6440125,267.5697327,259.1201477,327.2483215,258.7036743
365675.0584,1615,226.4096527,259.6703491,287.1459351,258.4203491,268.6576538,259.0104065,328.2985229,258.6524353,226.5507813,259.3378296,287.2207642,258.6496887,268.551178,259.131897,328.271637,258.7217407
365675.0753,1616,227.4407806,259.3261719,288.1918335,258.9518433,269.5250854,258.9040222,329.4062805,258.7962952,227.478775,259.3579407,288.193512,258.6990356,269.4866638,259.1210938,329.2671814,258.7393188
365675.0913,1617,228.2303467,259.3351746,289.2041016,258.8449707,270.4737549,258.8963623,330.2090759,258.7746887,228.3787994,259.3789978,289.1615295,258.7212219,270.4297791,259.1095276,330.2351685,258.7550354
365675.1083,1618,229.1490479,259.6080322,289.8150635,258.6705933,271.1059875,258.9949646,331.1333618,258.7151489,229.2425537,259.4083252,290.0749817,258.7391357,271.2975769,259.0979004,331.1815186,258.7521667
365675.1252,1619,229.9676209,259.7373657,290.8890076,258.8725586,271.8617859,259.0259399,331.8862915,258.6334229,230.0448914,259.4506836,290.9669189,258.7474365,272.1054688,259.1010742,332.0596619,258.7422791
365675.1415,1620,230.5020142,259.8445435,291.489624,259.1659546,272.5131531,258.8996582,332.6408386,258.8808899,230.8185883,259.4987488,291.7948303,258.8029175,272.8779602,259.072998,332.8937073,258.7557373
365675.1581,1621,231.2055359,259.8671265,292.3035278,258.7354736,273.1056519,259.071991,333.4208984,258.5697327,231.5170441,259.5366211,292.5917664,258.7962646,273.5375977,259.0630188,333.7101135,258.7344971
365675.1751,1622,231.9045868,259.8338013,292.9835205,259.3486938,273.6856079,258.9631042,334.1205444,259.0367737,232.1768951,259.5940552,293.3227844,258.8504639,274.1876831,259.0411987,334.4290466,258.7617493
365675.192,1623,232.5948944,260.1094971,293.4643555,259.4625854,274.3452454,258.9444885,334.7643433,258.7913513,232.793808,259.6414185,293.9684448,258.8997803,274.7835999,259.0169067,335.0641174,258.758667
365675.2085,1624,233.3309784,259.730896,293.8625488,259.5611572,275.0760498,258.9143982,335.0630493,258.9905396,233.4261932,259.6535339,294.4924622,258.9678955,275.4079285,258.9794922,335.5977783,258.7874451
365675.2247,1625,233.5706024,259.9696655,294.7717896,259.4783325,275.8659058,259.0213318,336.0570679,258.817688,233.9883728,259.702301,295.0828552,259.0446472,275.9726868,258.9707031,336.2264404,258.8022156
365675.2415,1626,234.710083,259.9522095,295.2479248,259.4232178,276.2869263,259.0623474,336.5322571,258.7175903,234.6107788,259.7554321,295.6172791,259.090332,276.5679932,258.9824524,336.7975464,258.7937317
365675.2583,1627,234.9769287,260.5377197,295.9297485,259.5895996,277.0067139,259.0307922,337.0995483,258.896759,235.1771851,259.8326111,296.1405945,259.1876831,277.1162109,258.9890442,337.3222961,258.8139954
365675.2753,1628,235.7225342,260.3087158,296.5570068,259.7788696,277.4373779,259.0472107,337.8471069,258.8262939,235.7562256,259.9144592,296.7054443,259.2591858,277.6644897,259.000946,337.8934631,258.8190918
365675.2913,1629,236.3094177,260.3433228,296.9122925,259.2814941,277.8865356,258.7858276,338.2292786,258.3574829,236.3244934,259.9955139,297.1879272,259.2905884,278.1772156,258.9887695,338.4019165,258.7793579
365675.3082,1630,236.845993,260.2044067,297.2384033,259.4953613,278.210144,258.8416443,338.7911987,258.3658142,236.7679749,260.0433044,297.5516663,259.3540039,278.5712891,258.9741211,338.7852173,258.7449341
365675.3258,1631,237.1942596,260.0029907,298.0036011,259.7948608,278.7694092,258.5152893,339.2131042,258.477356,237.165329,260.0612793,297.9388733,259.4281006,278.9420776,258.9273376,339.1901245,258.7291565
365675.3416,1632,237.5361786,259.8735962,298.2582397,259.5254517,279.2800598,258.4965515,339.6298218,258.4184265,237.4938965,260.0588074,298.2416687,259.4562378,279.2483826,258.8888855,339.511322,258.6888123
365675.3587,1633,238.2601929,259.9207153,298.8196411,259.2441406,279.7166748,258.552948,340.2577515,258.2220764,237.8518982,260.0605774,298.586853,259.4895325,279.569397,258.8429871,339.8831787,258.6507263
365675.3747,1634,238.7461548,260.15271,299.2390137,259.4668579,279.972229,258.5531311,340.5131531,258.0889587,238.1958923,260.0852966,298.9206848,259.4975891,279.867157,258.8069153,340.2284546,258.5699463
365675.3915,1635,239.055954,260.0365601,299.6723633,259.362915,280.6072998,258.3475647,340.7071533,258.1524353,238.544693,260.077301,299.2427063,259.4871826,280.1993713,258.755249,340.5283508,258.5146179
365675.4085,1636,239.2245789,259.9344482,299.9442139,259.2947998,280.7754211,258.4075012,341.1547241,258.0820313,238.825058,260.0901794,299.4998169,259.4648438,280.4635315,258.7089539,340.7863159,258.4387512
365675.4249,1637,239.7043152,260.0551147,300.0949707,259.5281372,281.1521606,258.4459534,341.7384644,258.0684204,239.1614227,260.0966492,299.79422,259.4695129,280.7292786,258.6603394,341.1105652,258.3768311
365675.4414,1638,239.8781738,259.8561401,300.7260742,259.3405762,281.3107605,258.1903381,342.0583496,258.1207886,239.4315186,260.0843811,300.1121521,259.4607239,280.9873657,258.5834045,341.4324951,258.3251953
365675.4576,1639,240.0762787,259.7999878,300.7371521,259.211731,281.785675,258.0841064,342.3550415,258.1085205,239.6953125,260.0241394,300.3574524,259.4310608,281.2244873,258.5057373,341.7151489,258.2613525
365675.4747,1640,240.2010956,259.9810181,301.1808472,259.4264832,281.9326782,258.5165405,342.2156677,258.2189026,239.9208374,260.0020752,300.6168518,259.4075623,281.4513855,258.4667664,341.9532471,258.2165833
365675.4913,1641,240.5502319,260.2634888,300.918457,259.4476929,282.0997925,258.5733948,342.7437134,258.1389465,240.1268311,260.0020142,300.7827454,259.4211121,281.6550903,258.455658,342.161499,258.1980896
365675.5081,1642,240.772522,259.8712769,301.2339783,259.3911743,282.2851257,258.3183899,342.90271,258.3190002,240.3213806,259.9766846,300.9698181,259.4145203,281.8619995,258.4144897,342.3582459,258.1962891
365675.5247,1643,241.0122528,260.2153931,301.5529785,259.7821045,282.3026123,258.5195618,343.152832,258.5027771,240.4994049,259.9973145,301.1515198,259.4220581,282.0162964,258.4177856,342.5724792,258.2070007
365675.542,1644,241.0461884,260.0124512,301.6923828,259.5646973,282.6022644,258.114502,343.1015625,258.1721497,240.6571655,260.0068359,301.2980347,259.4283142,282.1583862,258.3838806,342.7221069,258.1894531
365675.5586,1645,241.408493,260.0005493,302.4257813,259.5628052,282.661499,258.393158,343.8631592,258.3414001,240.8121033,260.0140686,301.5465088,259.4556885,282.2963562,258.3711548,342.97052,258.2002258
365675.575,1646,241.4548798,259.9434814,302.2133179,259.5137939,283.019989,258.2055969,343.8693237,258.2575073,240.9564362,259.997467,301.7160339,259.4597778,282.4689636,258.3430176,343.171875,258.214447
365675.5914,1647,242.0644531,260.0007324,302.5760193,259.2254028,283.4811707,258.3742981,344.0445251,257.8927917,241.189743,259.9949951,301.8927307,259.4440308,282.69104,258.3457642,343.3847351,258.1885376
365675.6081,1648,242.0653687,259.8331909,303.0007324,259.0923462,283.6332397,257.9718323,344.3121033,257.9273376,241.3803406,259.9836426,302.1014709,259.4219666,282.8830566,258.3065186,343.6018677,258.1704407
365675.6249,1649,242.6527557,260.0318604,302.8886108,259.52948,283.9101868,258.124115,344.4179077,258.2406921,241.617981,259.9829712,302.2773132,259.4234314,283.1048279,258.2810059,343.7681885,258.1861572
365675.6418,1650,242.9055786,259.7457886,303.4017944,258.7522583,284.1533813,257.8133545,345.0043945,257.703186,241.8473663,259.9707947,302.4910278,259.3701782,283.3188477,258.246582,344.004425,258.1471252
365675.6593,1651,242.984787,259.8183594,303.8577881,259.3067627,284.6029968,258.2058411,344.9646912,258.1032104,242.0715179,259.9683228,302.725708,259.3749695,283.5354004,258.2527466,344.1965637,258.1435547
365675.6748,1652,243.3378601,259.6466675,303.9123535,259.1199341,284.6635437,258.0013123,345.3780518,257.9777222,242.3050995,259.9378052,302.9226685,259.3466797,283.7351379,258.2071533,344.4294434,258.120697
365675.6917,1653,243.3410492,259.3684692,304.2038574,258.901123,285.0870972,257.6989136,345.6988525,257.7601929,242.5009918,259.8588867,303.1539612,259.294342,283.9473877,258.1299438,344.6331787,258.0823059
365675.7081,1654,244.0123291,259.4949951,304.557251,258.7612915,285.3471069,257.8385315,345.8322754,257.7653809,242.8049316,259.8211975,303.4446106,259.2347107,284.2365112,258.0836182,344.8910217,258.0290833
365675.7247,1655,244.1591492,259.4650269,304.6482849,258.6849365,285.6045837,257.6858826,346.0583496,257.8511047,243.0787659,259.759613,303.7028503,259.1459656,284.5232849,258.0151367,345.1334534,257.9774475
365675.7416,1656,244.2279968,259.4321899,304.8637085,258.5975342,285.6500854,257.8088684,346.1364746,257.5383606,243.3316193,259.7095642,303.9428101,259.0625305,284.7649841,257.987915,345.36203,257.921814
365675.7581,1657,244.3952332,259.2942505,304.7556763,258.8290405,285.8467712,257.7411499,346.2277832,257.7887573,243.5597229,259.6511536,304.1321716,259.0058289,285.009613,257.9340515,345.5542603,257.880188
365675.7756,1658,244.5930634,259.4923706,305.1209106,258.53479,286.0219116,257.9295959,346.5725708,257.4961243,243.7919464,259.6165466,304.3575134,258.9249878,285.2304688,257.914032,345.7626038,257.8174744
365675.7909,1659,245.0276489,259.0631104,305.3278809,258.8424988,286.1234741,257.6739197,346.5664978,257.8971863,244.0310974,259.5392761,304.5640869,258.8956909,285.4429016,257.8565369,345.9500122,257.8204651
365675.808,1660,244.8940125,259.399353,305.2833252,258.8328857,286.1864014,257.8015137,346.8277588,257.9314575,244.2304993,259.5046692,304.7339478,258.8764648,285.6193542,257.8438721,346.1392822,257.8232117
365675.8254,1661,244.9886475,259.4780884,305.3235474,258.8835449,286.4609985,257.903656,347.1873474,257.8210449,244.4017792,259.4651489,304.9014587,258.8313599,285.8085022,257.8321228,346.3346863,257.7969666
365675.8422,1662,244.9690552,259.5505371,305.7051392,258.9675903,286.7449951,258.1314392,346.9160767,257.89505,244.5491638,259.4535828,305.0725403,258.8493652,285.999939,257.8633728,346.473114,257.8129883
365675.8581,1663,245.4295044,259.7655029,305.6251831,259.0988159,286.7471924,258.2723389,347.2415466,258.1897278,244.7358856,259.4603271,305.1980591,258.8427734,286.1616211,257.8800354,346.6411133,257.8309631
365675.8748,1664,245.5182343,259.7946472,305.9007263,259.300293,286.8448181,258.1515198,347.4248962,258.1088562,244.8955841,259.4798889,305.3506775,258.8669434,286.3213806,257.8997803,346.798584,257.8510132
365675.8914,1665,245.6470642,260.0341187,306.0491638,259.1947021,287.1282043,258.3836365,347.8830261,258.2279358,245.0593567,259.5406189,305.4998474,258.8964844,286.4630737,257.9620972,346.9760132,257.8950806
365675.9082,1666,246.0341492,259.9489136,306.2988281,259.4483643,287.1118164,258.5220032,347.9616699,258.6461182,245.2236633,259.5870972,305.6480408,258.9642334,286.605957,258.02771,347.1564941,257.9789734
365675.9252,1667,245.9728241,260.1947021,306.2753296,259.7397156,287.1712036,258.5643616,348.0366211,258.5650635,245.3586121,259.6615906,305.7720947,259.0692749,286.7203369,258.1145935,347.309845,258.055603
365675.9413,1668,246.0171814,260.2635498,306.578064,259.4714355,287.5137024,258.7688293,348.3422852,258.4430237,245.4938049,259.7422791,305.9158325,259.1435547,286.8617249,258.2060242,347.4945068,258.1324463
365675.9581,1669,246.144455,260.0785828,306.4869995,259.3314209,287.7982788,258.6513977,348.640564,258.5055542,245.6234741,259.8069153,306.0389099,259.1853638,287.0082397,258.2811584,347.6743774,258.1921082
365675.9748,1670,246.4998016,260.2485352,307.0061951,259.4420166,287.920105,258.8827209,348.5655212,258.6681824,245.7712555,259.875,306.186615,259.2540588,287.155304,258.3656311,347.8310547,258.2829285
365675.9914,1671,246.5442352,260.4269714,307.0581055,259.7324829,288.0188599,258.8540344,348.8473511,258.9058228,245.8911896,259.98349,306.3214722,259.3318787,287.3068237,258.4588318,348.0118103,258.3706055
365676.0088,1672,246.5699921,260.5792847,307.1578369,259.5591431,288.1537476,258.6283569,348.9098511,258.7655334,246.0153961,260.0767517,306.4642334,259.3893127,287.4553223,258.522644,348.171875,258.4370117
365676.0249,1673,246.456955,260.2977295,307.3231201,259.744873,288.2309875,258.6277771,349.2702637,258.781189,246.1281128,260.1354065,306.6349792,259.4563599,287.5931396,258.5733643,348.3495483,258.5123291
365676.0414,1674,246.8041687,260.5413208,307.6853638,259.632782,288.3601379,258.7260742,349.4219666,258.5595703,246.275238,260.2127075,306.8021851,259.5020142,287.7219543,258.6176453,348.5605774,258.5578918
365676.0581,1675,246.7906189,260.3604736,307.8118591,259.7069092,288.6088257,258.6403198,349.2936401,258.8493958,246.3858795,260.2556458,306.9764099,259.5495605,287.8742981,258.6416626,348.7235413,258.6097412
365676.0756,1676,247.1516724,260.3865967,307.901947,259.6685791,288.6635132,258.5525818,349.9193115,258.6638184,246.5201721,260.2946472,307.1445923,259.5737915,288.0240173,258.6647644,348.9328613,258.6495361
365676.0915,1677,247.54599,260.3024902,307.9957886,259.5639038,288.9972534,258.7195129,350.2164307,258.5068054,246.6879883,260.311554,307.3138428,259.59375,288.1893616,258.6872864,349.1343384,258.6619568
365676.108,1678,247.4152679,260.366333,308.3222046,259.5488892,289.1731567,258.5996399,350.3970947,258.6819458,246.8111115,260.3397522,307.494812,259.6000977,288.3691711,258.6871948,349.3496704,258.6629028
365676.1257,1679,247.7290955,260.4267578,308.8482666,259.763916,289.3807983,258.7449036,350.4510193,259.1232605,246.9654694,260.3573914,307.7210083,259.6092224,288.5612793,258.7005615,349.5626221,258.7165222
365676.1416,1680,247.9979858,260.2838745,309.0797119,259.486084,289.9367065,258.772644,350.8739929,258.7522888,247.1603699,260.3587646,307.9639282,259.60495,288.7930603,258.7005615,349.808075,258.7368164
365676.1581,1681,248.0457459,260.4094238,309.2964783,259.5751343,289.7213135,259.0605164,351.0615234,258.7273254,247.3323364,260.3865356,308.2192383,259.6190491,288.9668274,258.7348022,350.0310059,258.7490845
365676.175,1682,248.3359222,260.4447021,309.4989624,259.5040283,290.2598572,258.9103699,351.2007751,259.0415344,247.5225983,260.4046936,308.4552307,259.6231689,289.1990662,258.7389221,350.2788696,258.7791443
365676.1913,1683,248.6230927,260.5262451,309.7963867,259.6196899,290.5036011,259.2167358,351.5903931,259.1874695,247.7356262,260.4172668,308.7181091,259.6181641,289.4459229,258.773407,350.5421448,258.8070068
365676.2081,1684,248.8635712,260.5421143,310.2705078,259.5609131,290.5756226,259.3840942,351.8818359,259.2214661,247.9558411,260.4171143,309.0077209,259.6190186,289.6768188,258.839386,350.8200378,258.8457031
365676.2251,1685,249.1818085,260.2857666,310.0504761,259.6694336,290.7485046,258.9995117,352.0384216,259.2995605,248.1894531,260.4116821,309.2369385,259.6132813,289.893158,258.8659058,351.0526428,258.8894653
365676.2416,1686,249.3019867,260.4395752,310.2442322,259.6022949,290.8511353,258.9317017,352.1896667,259.3514099,248.397583,260.4038696,309.4485779,259.6113892,290.100708,258.883728,351.2816772,258.9560852
365676.2578,1687,249.1238251,260.4893799,310.5842285,259.6710815,291.2592773,259.1053772,352.5454102,259.3644409,248.5810394,260.4154663,309.6704407,259.6112061,290.3106079,258.9233398,351.5434875,259.0018311
365676.275,1688,249.7155609,260.5349731,311.0223999,259.5314331,291.5162964,259.1231995,352.6712341,259.2930298,248.7956238,260.4273376,309.9299927,259.5993958,290.5492554,258.9703979,351.7723389,259.0538635
365676.2919,1689,250.0551453,260.2181396,311.213623,259.5689087,291.6835632,259.1181641,352.6957397,259.3516541,249.0161743,260.4183044,310.1869507,259.5982361,290.7845459,259.0016479,351.9677429,259.1227112
365676.3081,1690,250.1407166,260.2821045,311.3897705,259.7896118,292.0422668,258.9458313,352.9155273,259.2594299,249.2424469,260.4083862,310.4302673,259.6173706,291.0227966,259.0275574,352.1653137,259.1698914
365676.3248,1691,250.3201294,260.3167114,311.5610352,259.5827637,292.4624939,259.1411438,352.8334961,259.1759644,249.4629822,260.3980408,310.6373596,259.6027527,291.2842407,259.0593872,352.3449097,259.1747742
365676.3418,1692,250.2783051,260.34198,311.3916626,259.5632324,292.1362915,258.9156799,353.3189697,259.2819519,249.6459656,260.4000854,310.8155823,259.6069336,291.4605103,259.068512,352.5341797,259.2166748
365676.3589,1693,250.8426514,260.2254639,311.8873901,259.4095459,292.5278931,258.9632263,353.3220215,259.1350708,249.8704529,260.3835754,311.0200806,259.5895081,291.685791,259.0592346,352.7111816,259.2470093
365676.3747,1694,250.9559021,260.2778931,312.1464233,259.3081665,292.5532837,259.01651,353.7561951,259.2027893,250.0829163,260.3685913,311.2352295,259.5704041,291.8710327,259.0669861,352.9186401,259.2576599
365676.3918,1695,250.4692841,260.5512695,312.2269897,259.4501953,292.7876892,259.0326843,353.6995544,259.046051,250.2160034,260.3726807,311.4286194,259.5547791,292.0406189,259.0536499,353.0852356,259.2443848
365676.408,1696,250.7926483,260.4573975,312.3949585,259.5941772,292.8232117,258.9734192,353.6960449,259.2956238,250.3486328,260.368042,311.596283,259.5577698,292.1997986,259.0218506,353.2270508,259.2507935
365676.4243,1697,250.9189301,260.5176392,312.3189087,259.5518799,293.0343933,259.1797485,354.0235291,259.2932434,250.4775543,260.3881226,311.7691956,259.5490112,292.3744507,259.0375977,353.3763428,259.2512817
365676.4414,1698,251.1348114,260.2382813,312.6347046,259.5557861,293.0028992,259.1868286,354.1772156,259.464386,250.6068878,260.3710327,311.9550476,259.5469971,292.530365,259.0585938,353.5286255,259.2625732
365676.4584,1699,251.7702484,260.3331299,312.3528748,259.7700806,293.4129334,259.195282,353.857666,259.6422424,250.8156738,260.3585815,312.0698853,259.5573425,292.6980896,259.0666504,353.6053772,259.2878113
365676.4751,1700,250.9771423,260.3184814,313.2361755,259.4296265,293.1507263,259.0343018,354.6281128,259.0779724,250.8854828,260.3409729,312.2674561,259.5481262,292.7989807,259.0596313,353.7815857,259.2691956
365676.4914,1701,251.1728363,260.477478,312.8292847,259.946167,293.1637573,259.1417542,353.9937439,259.4371643,250.9501038,260.362854,312.3738403,259.5809631,292.8937683,259.0618896,353.8615112,259.2776794
365676.5084,1702,251.2108002,260.5446167,312.6711426,259.8842773,293.2380981,259.2499084,354.3441772,259.219696,251.016571,260.3853149,312.4573669,259.5903015,292.9707336,259.0878296,353.9573364,259.2757874
365676.5253,1703,251.89328,260.6707764,312.888855,259.888855,293.5068054,259.2363586,354.2342224,259.3615112,251.1566925,260.4168091,312.5415039,259.6176758,293.0667725,259.0977478,354.0475159,259.2931519
365676.5409,1704,251.9348145,260.5253601,313.1461182,259.8571167,293.8511963,259.0320435,354.5131836,259.4675598,251.287674,260.431488,312.6681519,259.6435547,293.2026672,259.1068115,354.1274719,259.3099976
365676.5578,1705,252.1299896,260.5333252,313.0111694,260.0345459,293.7869873,259.1928101,354.5800171,259.5490417,251.4030151,260.4564514,312.7443848,259.6961975,293.3156128,259.1252747,354.2148743,259.3450623
365676.5743,1706,251.6808319,260.661499,313.5480347,259.9220581,293.5409546,259.0264587,354.7553406,259.5610657,251.447876,260.4876709,312.8651428,259.7468872,293.3823853,259.1253662,354.3020935,259.3744202
365676.5921,1707,251.9518738,260.5356445,313.3935547,259.7593384,294.0351868,258.9481812,354.8008728,259.3843384,251.5587921,260.4858398,312.9545593,259.7703552,293.4737244,259.1177979,354.3860474,259.4003601
365676.6081,1708,252.0150146,260.4512329,313.4608154,260.0487671,293.992981,259.1073303,354.6899414,259.4360657,251.6479645,260.4845581,313.0312805,259.8082275,293.5585022,259.1281738,354.4568176,259.4120483
365676.625,1709,252.3031921,260.6087646,313.00177,259.9551392,294.1287537,259.4812317,354.949646,259.5404968,251.762085,260.4940186,313.0763855,259.8413391,293.648468,259.1551819,354.5221558,259.4321594
365676.6414,1710,252.0216675,260.6936035,313.7279053,260.0969849,293.8937378,259.3131409,355.0177612,259.8033142,251.8167877,260.5323486,313.166748,259.8875732,293.7034912,259.1660767,354.5914612,259.4615479
365676.6581,1711,252.2251434,260.7503052,313.3627319,259.9907227,294.0725708,259.2246399,355.1025391,259.999939,251.8555756,260.5675964,313.2330017,259.908905,293.7593384,259.1690063,354.6773376,259.4942932
365676.6743,1712,251.7634735,260.6769409,313.6420288,260.2080688,294.1631165,259.3404236,355.0473633,259.7179565,251.9041443,260.5968933,313.2756348,259.9719849,293.8267517,259.1939697,354.7210999,259.5458374
365676.6913,1713,252.4580688,260.5960083,313.4046021,260.230835,294.2228394,259.1939392,355.0289307,259.443512,252.0032349,260.6060791,313.3127136,259.9958191,293.9069824,259.1976013,354.7964783,259.5464783
365676.7078,1714,252.558197,260.9269409,313.721283,259.9987793,294.085144,259.7894897,354.9390564,259.4093323,252.1061249,260.6411438,313.3938293,260.0031433,293.9682007,259.2458191,354.8396912,259.5600586
365676.7244,1715,252.6804047,260.7177124,313.7355957,260.1880493,294.3447571,259.4016724,355.3513184,259.5701599,252.1748657,260.6460876,313.460968,260.0275269,294.0411377,259.2605896,354.9293213,259.5768738
365676.7414,1716,252.9203796,260.7606812,314.0599976,259.8690796,294.7367859,259.2694092,355.4764099,259.4351501,252.2679443,260.6647644,313.5408936,260.0263672,294.1259155,259.2794495,355.0133667,259.571991
365676.7577,1717,253.1486053,260.7123718,313.887085,260.1358643,294.7297363,259.4807739,355.5716553,259.6393738,252.3618164,260.679718,313.6109924,260.0353699,294.2134705,259.3034668,355.0931091,259.5801086
365676.7746,1718,253.0723114,261.057373,314.1080933,260.3422241,294.79599,259.5923767,355.5180359,259.7521362,252.4743652,260.7139282,313.6618347,260.0715332,294.3146667,259.3518372,355.1608276,259.5971985
365676.7913,1719,253.5653076,260.8950195,314.31604,260.7334595,295.0979919,259.8000793,355.5054626,260.1627808,252.6287231,260.7440491,313.7487793,260.1551209,294.4231262,259.4230042,355.2296143,259.6644592
365676.8086,1720,253.4260101,261.659668,314.7071533,261.2799072,294.946228,260.4823914,355.4408569,260.7404175,252.7561798,260.8604126,313.8610229,260.2758484,294.5124207,259.5532532,355.3005981,259.7912903
365676.8246,1721,253.6751709,262.3984375,314.7505493,261.6542358,295.3268433,261.1775513,355.8164063,261.1275024,252.8945007,261.0639343,314.0162048,260.4631348,294.636261,259.7489929,355.3822632,259.9692383
365676.8416,1722,253.9226685,262.7730713,314.9102783,262.1254883,295.661499,261.4631958,355.9538269,261.8791199,253.0750122,261.3327637,314.1380005,260.7322388,294.8056641,260.0237122,355.4835205,260.2422791
365676.8576,1723,254.1482544,263.2193604,315.2340698,262.65448,296.151825,261.6695251,356.4047852,261.9908752,253.2736664,261.6660461,314.3257751,261.0961609,295.0173035,260.3549805,355.6238709,260.5501404
365676.8748,1724,254.1421967,263.5175171,315.3997803,263.0718994,296.2547607,261.9937439,356.4085693,262.4978638,253.4815521,262.054657,314.4957581,261.5159912,295.2012939,260.7279968,355.7608643,260.9629822
365676.8914,1725,254.3594666,263.6939087,315.3967896,263.0534058,296.3310242,261.9414673,356.5879822,262.5477295,253.6536255,262.4097595,314.6706238,261.8768005,295.3905945,261.053894,355.8995972,261.3472595
365676.9082,1726,254.8666687,264.0198364,315.4058533,263.1350098,296.3406982,262.2445679,356.987854,262.475647,253.8525391,262.7862244,314.8187256,262.2087402,295.5851135,261.3771973,356.0780334,261.6733704
365676.9252,1727,254.4851074,264.0415649,315.5733643,263.3790894,296.3528442,262.2169495,357.0276489,262.6679993,253.9907837,263.0823059,314.9770508,262.4967041,295.7402649,261.6309204,356.2229309,261.9535828
365676.9421,1728,254.7715912,264.3125,315.3849487,263.2695923,296.5513611,262.1947327,356.7993164,262.7328186,254.1435547,263.3488464,315.0822449,262.7235718,295.8900146,261.8452454,356.3279419,262.171875
365676.9578,1729,255.1441345,264.2796021,316.0760498,263.5161743,296.7422485,262.2731323,356.9380493,262.8957825,254.3115082,263.5795288,315.2644959,262.9388123,296.0593872,262.0113525,356.4416504,262.3768311
365676.9749,1730,254.8786316,264.2783813,315.9336853,263.3508301,296.6866455,262.4810791,357.2304077,262.8191528,254.4426422,263.7651672,315.4105835,263.080719,296.1975403,262.169281,356.5783081,262.5235901
365676.9914,1731,254.8494873,264.0158691,315.8878174,263.4765015,297.0056763,262.2377014,357.1148682,262.8790894,254.5413208,263.8806458,315.5241394,263.2016602,296.348175,262.2278442,356.6949768,262.6422729
365677.0088,1732,255.1437378,264.2441406,316.2474365,263.6389771,297.0048523,262.3915405,357.2280884,263.0787048,254.66362,263.9942017,315.640625,263.3181763,296.4989014,262.2851257,356.8320618,262.7570496
365677.0243,1733,255.1797943,264.2645264,316.357666,263.5814819,297.084259,262.4823608,357.3690186,262.9358826,254.7715912,264.0869751,315.7655029,263.3925781,296.6278992,262.3311157,356.9523926,262.8215637
365677.0417,1734,255.2855682,264.5032959,316.721283,263.4405518,297.1731567,262.7438965,357.4637451,263.058075,254.8734894,264.1962891,315.9119873,263.4455261,296.742218,262.4029846,357.0737915,262.8631592
365677.0589,1735,255.5218201,264.2901611,316.6484985,263.3212891,297.5861511,262.6283875,357.7976074,263.1072998,254.9955597,264.24646,316.0368042,263.4536743,296.8693542,262.4438171,357.1968079,262.908783
365677.0745,1736,255.3125,264.0084229,316.6755981,263.4090576,297.4470215,262.6216125,357.9013062,263.036377,255.0838776,264.2514038,316.144104,263.4653931,296.9595032,262.4601746,357.3221741,262.9372864
365677.0914,1737,255.6925659,264.0727539,316.7860718,263.5487671,297.6656494,262.6899109,358.1071777,263.1351318,255.1964264,264.246582,316.2617798,263.4904175,297.0721741,262.4861755,357.4506836,262.9699707
365677.1082,1738,255.776947,264.381897,316.8162842,263.62854,297.5414429,262.7471619,357.9771423,263.1340027,255.2769012,264.2738342,316.3802185,263.5111694,297.1768494,262.525116,357.5340271,263.0044556
365677.1248,1739,255.5974731,264.270874,317.0410156,263.44104,297.768158,262.7359009,358.1054688,263.1300964,255.3521729,264.2788696,316.4971313,263.5004272,297.2773743,262.5542908,357.6184692,263.0270996
365677.141,1740,255.805542,264.526001,317.2481079,263.5651855,297.8547974,263.0171204,358.1766052,263.2250671,255.4290009,264.2975769,316.6352844,263.5123901,297.3766479,262.6237488,357.7161255,263.0554199
365677.1581,1741,256.1474304,264.1956787,317.1928711,263.5437622,297.8757629,262.9456482,358.2737732,263.2149048,255.5104218,264.2807007,316.7166443,263.5113525,297.4689331,262.6698914,357.8157043,263.0786743
365677.1746,1742,255.9628906,264.1572266,316.9877319,263.4207764,297.7338257,262.7359924,358.1184692,263.2124634,255.5867462,264.2615967,316.7891235,263.5085144,297.5421753,262.6820984,357.8743286,263.1027832
365677.1914,1743,255.9263611,264.4059448,317.3201904,263.2488403,297.7871094,262.7594604,358.5534668,263.065033,255.6679535,264.285614,316.9026184,263.4829102,297.5987244,262.7171326,357.9883728,263.1116333
365677.2081,1744,256.1148376,263.7211304,317.5285645,263.2339478,297.8585205,262.718811,358.7702026,263.3938904,255.7438812,264.233429,317.0096436,263.4501648,297.6648865,262.7357788,358.1171875,263.138916
365677.2249,1745,255.8017273,264.4180908,317.1688232,263.3469849,297.7973022,263.0095215,358.1749268,263.4095154,255.7831573,264.2471313,317.0619507,263.4306946,297.711731,262.7806702,358.1690369,263.1784668
365677.2418,1746,256.4727478,263.9992676,317.5814209,263.2111206,298.5117493,263.019928,358.4910889,263.3633118,255.8877869,264.2057495,317.1313171,263.4105835,297.8290405,262.8042603,358.2523193,263.2029114
365677.2577,1747,256.192749,264.1915894,317.604126,263.2743835,298.1341553,263.0356445,358.4593201,263.2137146,255.9447632,264.1977234,317.2080383,263.4054871,297.8757629,262.8383789,358.3045654,263.2105713
365677.2748,1748,256.2573242,264.3610229,317.1192017,263.6173706,298.2239075,262.9720764,358.4925232,263.0482483,256.0171204,264.2264404,317.2333374,263.4224243,297.9341125,262.8669128,358.3421631,263.2111511
365677.2917,1749,256.1268921,264.7578735,317.335083,263.2442017,297.930603,263.3735962,358.6017456,263.0732422,256.0473633,264.2855225,317.2748413,263.3962402,297.9502258,262.9258728,358.3791199,263.2052002
365677.3082,1750,256.1094971,264.3120117,317.5773926,263.2838135,298.1007996,262.9994507,358.7904663,263.3539124,256.0693359,264.2797241,317.3360291,263.3681946,297.9910889,262.9469604,358.4446716,263.2241821
365677.3249,1751,256.1363525,264.4423218,317.2330933,263.3677979,298.1255188,263.130188,358.654541,263.3370667,256.1055298,264.2935791,317.3430481,263.3624878,298.0121765,262.9793396,358.4814148,263.2418823
365677.3415,1752,256.2214355,264.3554077,317.3465271,263.527771,298.1258545,263.0344238,358.8358765,263.4476929,256.1359558,264.2801209,317.348938,263.3607483,298.0305176,262.9815674,358.5340576,263.2617798
365677.3578,1753,256.048584,264.3364258,317.266449,263.4640503,298.263031,263.0877991,358.6798096,263.6157837,256.127533,264.2931824,317.3509521,263.3561401,298.0626221,262.9947205,358.5637817,263.2972107
365677.375,1754,255.9775085,264.2421265,317.3793945,263.6582031,298.07724,262.9859924,358.7994385,263.4010315,256.1208496,264.2987976,317.3761597,263.3771057,298.083374,263.0140991,358.6130981,263.3141174
365677.3922,1755,255.7736206,264.3421631,317.5067749,263.0160522,298.1248169,262.9023438,358.8654785,263.2337036,256.1015015,264.2927856,317.3937683,263.3551636,298.1048584,263.0252991,358.6411133,263.3256226
365677.4076,1756,256.1726074,263.9193726,317.3250732,263.0752563,298.142395,262.536377,358.4776611,263.1022339,256.105011,264.3038025,317.3774719,263.3403015,298.1272278,263.0045776,358.6174316,263.2996826
365677.425,1757,256.0344849,263.9399109,317.4049683,263.0950928,297.9116211,262.7099304,358.7071228,263.1144104,256.1184082,264.2623596,317.3919983,263.3184509,298.1307373,262.9780579,358.6566467,263.274231
365677.4414,1758,255.9847107,263.4919434,317.4874878,262.8371582,297.9163208,262.5228271,358.7001648,263.0231934,256.0814819,264.2107239,317.3848572,263.2831116,298.0848389,262.9272766,358.6747437,263.2416992
365677.4576,1759,256.0043335,263.1241455,317.5518188,262.3950806,298.0075073,262.2524719,358.5272217,262.4055786,256.0664673,264.09552,317.3803406,263.1899719,298.0749817,262.8357544,358.6802368,263.15448
365677.4744,1760,256.0936279,262.770813,317.5234985,262.197937,297.8853149,261.934845,358.5245972,262.2507629,256.0546265,263.9203796,317.411499,263.0396118,298.048584,262.7066956,358.6804199,263.0559692
365677.4909,1761,255.9856567,262.4175415,317.4750366,262.0905151,297.7487183,261.5868225,358.3756104,262.0735168,256.041626,263.6830139,317.4217834,262.8967896,298.032196,262.5154419,358.6601563,262.9259644
365677.5079,1762,256.1531372,262.4527588,317.6842651,261.8078613,298.0884399,261.6903381,358.7505798,261.914917,256.0466003,263.4782715,317.4328003,262.7223511,298.0325012,262.3565674,358.6589661,262.7546082
365677.5248,1763,256.2304382,262.1422119,317.2050171,261.6213989,298.2649536,261.5614014,358.6118164,261.6725769,256.0563965,263.2454529,317.4291992,262.5258179,298.0460815,262.1846924,358.6541443,262.5649109
365677.5417,1764,256.0646667,262.3640137,317.5118408,261.5820313,297.9246216,261.681366,358.7835388,261.7120056,256.0436401,263.0739441,317.443634,262.348114,298.0296021,262.0663757,358.6504211,262.4046936
365677.5589,1765,256.1340332,262.2122192,317.5529175,261.5236816,297.6868286,261.4360657,358.7478027,261.6515198,256.0508423,262.9023132,317.4675903,262.1909485,297.9816284,261.9341125,358.6561279,262.2455444
365677.5754,1766,256.2381592,262.112915,317.8865356,261.5949707,298.0022888,261.3177795,358.7895508,261.57547,256.072998,262.7355347,317.5110474,262.0387268,297.9758606,261.8057861,358.6564941,262.1131287
365677.5914,1767,255.9949341,261.9099731,317.7246704,261.4621582,297.9512939,261.3142395,359.0988159,261.6770325,256.0909119,262.554718,317.5307922,261.922699,297.9608765,261.695282,358.6775818,261.9968567
365677.608,1768,256.1694336,262.0505066,317.2315063,261.465332,297.9086304,261.0948792,358.8004761,261.5054016,256.0912476,262.4146118,317.5218201,261.8089294,297.9419861,261.5907898,358.7032776,261.8841858
365677.6245,1769,255.771698,262.2611084,317.4665527,261.5240479,298.1694946,261.4782715,358.8693237,261.6184387,256.0690308,262.3220825,317.526947,261.7160339,297.9631653,261.5355225,358.7167664,261.7975464
365677.6413,1770,255.9897156,262.4491577,317.6873779,261.6152039,298.1547241,261.4290161,358.7090759,261.6463013,256.0693359,262.2807007,317.5437317,261.6581421,297.9829102,261.4898682,358.7176819,261.7267456
365677.6584,1771,256.0617065,262.2496338,317.6634521,261.551239,298.1203308,261.3149109,358.9041748,261.6646729,256.0742798,262.2382202,317.5532227,261.6133423,297.9924927,261.4421387,358.7492981,261.6905518
365677.6752,1772,256.096405,262.1175537,317.6852417,261.4282837,298.3971863,261.3493347,359.0823669,261.5325012,256.0752563,262.2016907,317.5673523,261.5662231,298.0358887,261.4112549,358.7964172,261.6477051
365677.6909,1773,255.9815369,262.0968628,317.7171631,261.5809937,298.3201904,261.2834167,358.7709961,261.7843933,256.0743713,262.1775208,317.5865479,261.5483398,298.0829773,261.3885193,358.8283691,261.6481628
365677.7076,1774,256.1967468,262.5081787,317.8096924,261.7747192,298.5664063,261.4638062,358.9309998,261.6928101,256.0798645,262.204071,317.5982666,261.5639038,298.1246338,261.391571,358.8446655,261.6479797
365677.7247,1775,256.2720337,262.1829834,317.9290161,261.5914917,298.289917,261.3840637,359.0086365,261.756134,256.085968,262.2094116,317.6585388,261.5662231,298.129364,261.3787537,358.8777161,261.6597595
